node_number	id	paper_section	derivation_rank	derivation_order	section	branch	label	status	publication	definition	basis_state	basis_source_file_ids	basis_source_paths	basis_node_refs	evidence_state	evidence_refs	legacy_basis_raw	obligation_class	node_role	proof_owner	proof_granularity	documentation_tier	documentation_tier_rule	main_paper_depth	supplement_depth	required_documentation_sections	python_anchor_status	lean_anchor_status	countercheck_requirement	countercheck_status	documentation_v2_state	open_provenance_role	open_provenance_status	specialization_path	section_path	section_root_title	section_group_title	introduction_reason	canonical_node_label	stable_node_directory_name	main_section_directory	supplement_section_directory	main_section_artifact	supplement_section_artifact	main_documentation_state	supplement_documentation_state
001	I001	1.1.1	0	1	SEC-01	input	Branching parameter b	IMPLEMENTED_VERIFIED	MAIN_FULL	Free structural input b ∈ ℕ with b ≥ 2; no default value is derived.	CURRENT_IMPLEMENTATION				CURRENT_VERIFIED_EVIDENCE			NONE	INPUT		NONE	D0	EXPLICIT_ATOMIC_OR_DEFINITIONAL_OVERRIDE	COMPACT_DEFINITION	TRACEABLE_DEFINITION	position_in_derivation|definition_or_statement|introduction_reason|construction_or_encoding|boundary_case_or_countercheck|result|downstream_handoff|code_anchors	RESOLVED	RESOLVED	ONE_DEFINITIONAL_BOUNDARY_OR_TYPE_REJECTION	PASS	COMPLETE_V2				1.1.1	Primitive provenance and response-coupled growth	Primitive inputs, provenance grammar and event order	Free branching input; visible at the origin.	001 · I001	001_I001__branching_parameter_b	derivation/paper/main/sections/01_primitive_provenance_and_response_coupled_growth/01_primitive_inputs_provenance_grammar_and_event_order/001_I001__branching_parameter_b	derivation/supplement/sections/01_primitive_provenance_and_response_coupled_growth/01_primitive_inputs_provenance_grammar_and_event_order/001_I001__branching_parameter_b	derivation/paper/main/sections/01_primitive_provenance_and_response_coupled_growth/01_primitive_inputs_provenance_grammar_and_event_order/001_I001__branching_parameter_b/SECTION.tex	derivation/supplement/sections/01_primitive_provenance_and_response_coupled_growth/01_primitive_inputs_provenance_grammar_and_event_order/001_I001__branching_parameter_b/DOCUMENTATION.md	DOCUMENTED	DOCUMENTED
002	I002	1.1.2	0	2	SEC-01	input	Finite approximant depth L	IMPLEMENTED_VERIFIED	MAIN_FULL	Free finite cutoff L ∈ ℕ₀; L = 0 is admissible and no infinity sentinel is introduced.	CURRENT_IMPLEMENTATION				CURRENT_VERIFIED_EVIDENCE			NONE	INPUT		NONE	D0	EXPLICIT_ATOMIC_OR_DEFINITIONAL_OVERRIDE	COMPACT_DEFINITION	TRACEABLE_DEFINITION	position_in_derivation|definition_or_statement|introduction_reason|construction_or_encoding|boundary_case_or_countercheck|result|downstream_handoff|code_anchors	RESOLVED	RESOLVED	ONE_DEFINITIONAL_BOUNDARY_OR_TYPE_REJECTION	PASS	COMPLETE_V2				1.1.2	Primitive provenance and response-coupled growth	Primitive inputs, provenance grammar and event order	Free finite-depth input; visible at the origin.	002 · I002	002_I002__finite_approximant_depth_l	derivation/paper/main/sections/01_primitive_provenance_and_response_coupled_growth/01_primitive_inputs_provenance_grammar_and_event_order/002_I002__finite_approximant_depth_l	derivation/supplement/sections/01_primitive_provenance_and_response_coupled_growth/01_primitive_inputs_provenance_grammar_and_event_order/002_I002__finite_approximant_depth_l	derivation/paper/main/sections/01_primitive_provenance_and_response_coupled_growth/01_primitive_inputs_provenance_grammar_and_event_order/002_I002__finite_approximant_depth_l/SECTION.tex	derivation/supplement/sections/01_primitive_provenance_and_response_coupled_growth/01_primitive_inputs_provenance_grammar_and_event_order/002_I002__finite_approximant_depth_l/DOCUMENTATION.md	DOCUMENTED	DOCUMENTED
003	C001	1.1.3	0	3	SEC-01	genesis	Empty carrier ∅	IMPLEMENTED_VERIFIED	MAIN_FULL	Canonical empty carrier exists and contains no nodes and no relations.	CURRENT_IMPLEMENTATION				CURRENT_VERIFIED_EVIDENCE			NONE	CONSTRUCTION		LOCAL_LEMMAS_INTERNAL	D0	EXPLICIT_ATOMIC_OR_DEFINITIONAL_OVERRIDE	COMPACT_DEFINITION	TRACEABLE_DEFINITION	position_in_derivation|definition_or_statement|introduction_reason|construction_or_encoding|boundary_case_or_countercheck|result|downstream_handoff|code_anchors	RESOLVED	RESOLVED	ONE_DEFINITIONAL_BOUNDARY_OR_TYPE_REJECTION	PASS	COMPLETE_V2				1.1.3	Primitive provenance and response-coupled growth	Primitive inputs, provenance grammar and event order	Primitive empty carrier; visible at the origin.	003 · C001	003_C001__empty_carrier	derivation/paper/main/sections/01_primitive_provenance_and_response_coupled_growth/01_primitive_inputs_provenance_grammar_and_event_order/003_C001__empty_carrier	derivation/supplement/sections/01_primitive_provenance_and_response_coupled_growth/01_primitive_inputs_provenance_grammar_and_event_order/003_C001__empty_carrier	derivation/paper/main/sections/01_primitive_provenance_and_response_coupled_growth/01_primitive_inputs_provenance_grammar_and_event_order/003_C001__empty_carrier/SECTION.tex	derivation/supplement/sections/01_primitive_provenance_and_response_coupled_growth/01_primitive_inputs_provenance_grammar_and_event_order/003_C001__empty_carrier/DOCUMENTATION.md	DOCUMENTED	DOCUMENTED
004	C002	1.1.4	1	4	SEC-01	genesis	Root genesis r	IMPLEMENTED_VERIFIED	MAIN_FULL	Genesis maps the empty carrier to one canonical root carrier with no relation; the root has no parent or geometry here.	CURRENT_IMPLEMENTATION			C001	CURRENT_VERIFIED_EVIDENCE			NONE	CONSTRUCTION		LOCAL_LEMMAS_INTERNAL	D1	STRUCTURAL_CONSTRUCTION_ROLE	STRUCTURAL_EXPLANATION	DETAILED_CONSTRUCTION_DOSSIER	position_in_derivation|mathematical_contract|introduction_reason|explicit_construction|invariants|canonicity_or_uniqueness|boundary_cases|python_lean_cross_layer|countercheck|result|downstream_handoff|code_anchors	RESOLVED	RESOLVED	INVARIANT_EDGE_CASE_AND_CROSS_LAYER_CHECK	PASS	COMPLETE_V2				1.1.4	Primitive provenance and response-coupled growth	Primitive inputs, provenance grammar and event order	Introduced after C001; registered hard handoff(s): root_genesis.	004 · C002	004_C002__root_genesis_r	derivation/paper/main/sections/01_primitive_provenance_and_response_coupled_growth/01_primitive_inputs_provenance_grammar_and_event_order/004_C002__root_genesis_r	derivation/supplement/sections/01_primitive_provenance_and_response_coupled_growth/01_primitive_inputs_provenance_grammar_and_event_order/004_C002__root_genesis_r	derivation/paper/main/sections/01_primitive_provenance_and_response_coupled_growth/01_primitive_inputs_provenance_grammar_and_event_order/004_C002__root_genesis_r/SECTION.tex	derivation/supplement/sections/01_primitive_provenance_and_response_coupled_growth/01_primitive_inputs_provenance_grammar_and_event_order/004_C002__root_genesis_r/DOCUMENTATION.md	DOCUMENTED	DOCUMENTED
005	C003	1.1.5	2	5	SEC-01	provenance	Finite b-ary provenance grammar	IMPLEMENTED_VERIFIED	MAIN_FULL	Finite b-ary provenance grammar: slot alphabet {0,…,b−1}, root ε, child by right-extension, unique parent/final rank, and admitted addresses of depth ≤ L.	CURRENT_IMPLEMENTATION			C002;I001;I002	CURRENT_VERIFIED_EVIDENCE			NONE	CONSTRUCTION		LOCAL_LEMMAS_INTERNAL	D1	STRUCTURAL_CONSTRUCTION_ROLE	STRUCTURAL_EXPLANATION	DETAILED_CONSTRUCTION_DOSSIER	position_in_derivation|mathematical_contract|introduction_reason|explicit_construction|invariants|canonicity_or_uniqueness|boundary_cases|python_lean_cross_layer|countercheck|result|downstream_handoff|code_anchors	RESOLVED	RESOLVED	INVARIANT_EDGE_CASE_AND_CROSS_LAYER_CHECK	PASS	COMPLETE_V2	Provenance-complete event state	CURRENT_FINITE_SPECIALIZATION	GENERALIZED_OPEN_PROVENANCE_SYSTEMS -> CNNA_FINITE	1.1.5	Primitive provenance and response-coupled growth	Primitive inputs, provenance grammar and event order	Introduced after I001, I002, C002; registered hard handoff(s): parameterizes_branching, bounds_finite_approximant, anchors_provenance_grammar.	005 · C003	005_C003__finite_b_ary_provenance_grammar	derivation/paper/main/sections/01_primitive_provenance_and_response_coupled_growth/01_primitive_inputs_provenance_grammar_and_event_order/005_C003__finite_b_ary_provenance_grammar	derivation/supplement/sections/01_primitive_provenance_and_response_coupled_growth/01_primitive_inputs_provenance_grammar_and_event_order/005_C003__finite_b_ary_provenance_grammar	derivation/paper/main/sections/01_primitive_provenance_and_response_coupled_growth/01_primitive_inputs_provenance_grammar_and_event_order/005_C003__finite_b_ary_provenance_grammar/SECTION.tex	derivation/supplement/sections/01_primitive_provenance_and_response_coupled_growth/01_primitive_inputs_provenance_grammar_and_event_order/005_C003__finite_b_ary_provenance_grammar/DOCUMENTATION.md	DOCUMENTED	DOCUMENTED
006	C018	1.1.6	3	6	SEC-01	provenance	Canonical BFS/lexicographic provenance birth schedule	IMPLEMENTED_VERIFIED	MAIN_FULL	Fixed CNNA convention: non-root births are ordered breadth-first by depth and lexicographically within a layer; the selected relation is a strict total order.	CURRENT_IMPLEMENTATION_STATIC_ORDER_KERNEL_CERTIFIED			C003;P002	CURRENT_VERIFIED_OWNER_AND_P002_KERNEL_EVIDENCE	derivation/registry/nodes/C018.json;derivation/code/lean/audit/evidence/USER_LOCAL_P002_FULL_BUILD_20260808.json		NONE	PROOF_OWNER		AGGREGATES_EXPLICIT_PROOF_GATES	D2	PROOF_THEOREM_OWNER_OBSTRUCTION_OR_QUARANTINE_ROLE	THEOREM_AND_PROOF_OVERVIEW	FULL_PROOF_DOSSIER	position_in_derivation|formal_statement|hypotheses|introduction_reason|proof_strategy|lemma_chain|formal_realization|counterexamples_or_necessity_checks|axiom_profile|result|remaining_limits|downstream_handoff|code_line_register	RESOLVED	RESOLVED	NEGATIVE_CONTROL_COUNTEREXAMPLE_OR_HYPOTHESIS_NECESSITY	PASS	COMPLETE_V2	Provenance-complete event state	CURRENT_FINITE_SPECIALIZATION	GENERALIZED_OPEN_PROVENANCE_SYSTEMS -> CNNA_FINITE	1.1.6	Primitive provenance and response-coupled growth	Primitive inputs, provenance grammar and event order	Introduced after C003; registered hard handoff(s): defines_canonical_birth_schedule.	006 · C018	006_C018__canonical_bfs_lexicographic_provenance_birth_schedule	derivation/paper/main/sections/01_primitive_provenance_and_response_coupled_growth/01_primitive_inputs_provenance_grammar_and_event_order/006_C018__canonical_bfs_lexicographic_provenance_birth_schedule	derivation/supplement/sections/01_primitive_provenance_and_response_coupled_growth/01_primitive_inputs_provenance_grammar_and_event_order/006_C018__canonical_bfs_lexicographic_provenance_birth_schedule	derivation/paper/main/sections/01_primitive_provenance_and_response_coupled_growth/01_primitive_inputs_provenance_grammar_and_event_order/006_C018__canonical_bfs_lexicographic_provenance_birth_schedule/SECTION.tex	derivation/supplement/sections/01_primitive_provenance_and_response_coupled_growth/01_primitive_inputs_provenance_grammar_and_event_order/006_C018__canonical_bfs_lexicographic_provenance_birth_schedule/DOCUMENTATION.md	DOCUMENTED	DOCUMENTED
007	P002	1.1.6.1	3	7	SEC-01	provenance	Canonical schedule strict-total-order closure	CLOSED_VERIFIED_PROOF	MAIN_FULL	Prove that the C018 breadth-first/lexicographic relation is a strict total order on provenance addresses and induces a strict total order on open-slot selected children modulo extensional equality of the selected child address.	C018_STATIC_ORDER_THEOREM_CHAIN_KERNEL_CERTIFIED	C018;derivation/code/lean/proofs/src/CNNAProofs/Derivation/S01_PrimitiveResponseCoupledFiniteProvenance/S01_PrimitiveInputsGrammarAndEventOrder/S06_C018_CanonicalBfsLexicographicProvenanceBirthSchedule/Proofs/S01_P002_CanonicalScheduleStrictTotalOrderClosure.lean	derivation/code/lean/proofs/src/CNNAProofs/Derivation/S01_PrimitiveResponseCoupledFiniteProvenance/S01_PrimitiveInputsGrammarAndEventOrder/S06_C018_CanonicalBfsLexicographicProvenanceBirthSchedule/Proofs/S01_P002_CanonicalScheduleStrictTotalOrderClosure.lean	C003;C018	KERNEL_VERIFIED_AXIOM_FREE_6_OF_6_FULL_BOUNDARY_PASS	derivation/registry/nodes/P002.json;derivation/code/lean/audit/evidence/USER_LOCAL_P002_FULL_BUILD_20260808.json;derivation/code/lean/audit/evidence/USER_LOCAL_P002_FULL_BUILD_20260808.txt		PROOF_OBLIGATION	PROOF	C018	ONE_REUSABLE_FALSIFIABLE_GATE	D2	PROOF_THEOREM_OWNER_OBSTRUCTION_OR_QUARANTINE_ROLE	THEOREM_AND_PROOF_OVERVIEW	FULL_PROOF_DOSSIER	position_in_derivation|formal_statement|hypotheses|introduction_reason|proof_strategy|lemma_chain|formal_realization|counterexamples_or_necessity_checks|axiom_profile|result|remaining_limits|downstream_handoff|code_line_register	NOT_REQUIRED_STATIC_PROOF	RESOLVED_6_KERNEL_AXIOM_FREE_VERIFIED	NEGATIVE_CONTROL_COUNTEREXAMPLE_OR_HYPOTHESIS_NECESSITY	PASS	COMPLETE_V2				1.1.6.1	Primitive provenance and response-coupled growth	Primitive inputs, provenance grammar and event order	Introduced as the static proof-certification closure owned by C018; state-dependent least-open selection remains owned by C004.	007 · P002	007_P002__canonical_schedule_strict_total_order_closure	derivation/paper/main/sections/01_primitive_provenance_and_response_coupled_growth/01_primitive_inputs_provenance_grammar_and_event_order/006_C018__canonical_bfs_lexicographic_provenance_birth_schedule/007_P002__canonical_schedule_strict_total_order_closure	derivation/supplement/sections/01_primitive_provenance_and_response_coupled_growth/01_primitive_inputs_provenance_grammar_and_event_order/006_C018__canonical_bfs_lexicographic_provenance_birth_schedule/007_P002__canonical_schedule_strict_total_order_closure	derivation/paper/main/sections/01_primitive_provenance_and_response_coupled_growth/01_primitive_inputs_provenance_grammar_and_event_order/006_C018__canonical_bfs_lexicographic_provenance_birth_schedule/007_P002__canonical_schedule_strict_total_order_closure/SECTION.tex	derivation/supplement/sections/01_primitive_provenance_and_response_coupled_growth/01_primitive_inputs_provenance_grammar_and_event_order/006_C018__canonical_bfs_lexicographic_provenance_birth_schedule/007_P002__canonical_schedule_strict_total_order_closure/DOCUMENTATION.md	DOCUMENTED	DOCUMENTED
008	C004A	1.2.1	4	8	SEC-01	bootstrap	First provenance slot s₁	IMPLEMENTED_VERIFIED	MAIN_FULL	First provenance slot s₁ is the root child of internal rank 0, address (0), and the minimum non-root address under C018; for L=0 the label exists but is outside the cutoff.	CURRENT_IMPLEMENTATION			C003;C018	CURRENT_VERIFIED_EVIDENCE			NONE	CONSTRUCTION		LOCAL_LEMMAS_INTERNAL	D1	STRUCTURAL_CONSTRUCTION_ROLE	STRUCTURAL_EXPLANATION	DETAILED_CONSTRUCTION_DOSSIER	position_in_derivation|mathematical_contract|introduction_reason|explicit_construction|invariants|canonicity_or_uniqueness|boundary_cases|python_lean_cross_layer|countercheck|result|downstream_handoff|code_anchors	RESOLVED	RESOLVED	INVARIANT_EDGE_CASE_AND_CROSS_LAYER_CHECK	PASS	COMPLETE_V2				1.2.1	Primitive provenance and response-coupled growth	Bootstrap of the first provenance relation	Introduced after C003, C018; registered hard handoff(s): defines_first_provenance_slot, selects_first_slot.	008 · C004A	008_C004A__first_provenance_slot_s	derivation/paper/main/sections/01_primitive_provenance_and_response_coupled_growth/02_bootstrap_of_the_first_provenance_relation/008_C004A__first_provenance_slot_s	derivation/supplement/sections/01_primitive_provenance_and_response_coupled_growth/02_bootstrap_of_the_first_provenance_relation/008_C004A__first_provenance_slot_s	derivation/paper/main/sections/01_primitive_provenance_and_response_coupled_growth/02_bootstrap_of_the_first_provenance_relation/008_C004A__first_provenance_slot_s/SECTION.tex	derivation/supplement/sections/01_primitive_provenance_and_response_coupled_growth/02_bootstrap_of_the_first_provenance_relation/008_C004A__first_provenance_slot_s/DOCUMENTATION.md	DOCUMENTED	DOCUMENTED
009	A001	1.2.2	5	9	SEC-01	bootstrap	Genesis seed ★	IMPLEMENTED_VERIFIED	MAIN_MENTION	Genesis seed ★ is a singleton technical bootstrap token with no payload and no free information.	CURRENT_IMPLEMENTATION				CURRENT_VERIFIED_EVIDENCE			NONE	CONSTRUCTION		LOCAL_LEMMAS_INTERNAL	D0	EXPLICIT_ATOMIC_OR_DEFINITIONAL_OVERRIDE	COMPACT_DEFINITION	TRACEABLE_DEFINITION	position_in_derivation|definition_or_statement|introduction_reason|construction_or_encoding|boundary_case_or_countercheck|result|downstream_handoff|code_anchors	RESOLVED	RESOLVED	ONE_DEFINITIONAL_BOUNDARY_OR_TYPE_REJECTION	PASS	COMPLETE_V2				1.2.2	Primitive provenance and response-coupled growth	Bootstrap of the first provenance relation	Payload-free singleton token introduced only at bootstrap section 1.2.2.	009 · A001	009_A001__genesis_seed	derivation/paper/main/sections/01_primitive_provenance_and_response_coupled_growth/02_bootstrap_of_the_first_provenance_relation/009_A001__genesis_seed	derivation/supplement/sections/01_primitive_provenance_and_response_coupled_growth/02_bootstrap_of_the_first_provenance_relation/009_A001__genesis_seed	derivation/paper/main/sections/01_primitive_provenance_and_response_coupled_growth/02_bootstrap_of_the_first_provenance_relation/009_A001__genesis_seed/SECTION.tex	derivation/supplement/sections/01_primitive_provenance_and_response_coupled_growth/02_bootstrap_of_the_first_provenance_relation/009_A001__genesis_seed/DOCUMENTATION.md	DOCUMENTED	DOCUMENTED
010	N001	1.2.3	6	10	SEC-01	bootstrap	Initial conductance normalization C★=1	IMPLEMENTED_VERIFIED	MAIN_FULL	Fixed bootstrap conductance normalization C★=1; directed storage begins as (1,1).	CURRENT_IMPLEMENTATION				CURRENT_VERIFIED_EVIDENCE			NONE	CONSTRUCTION		LOCAL_LEMMAS_INTERNAL	D0	EXPLICIT_ATOMIC_OR_DEFINITIONAL_OVERRIDE	COMPACT_DEFINITION	TRACEABLE_DEFINITION	position_in_derivation|definition_or_statement|introduction_reason|construction_or_encoding|boundary_case_or_countercheck|result|downstream_handoff|code_anchors	RESOLVED	RESOLVED	ONE_DEFINITIONAL_BOUNDARY_OR_TYPE_REJECTION	PASS	COMPLETE_V2				1.2.3	Primitive provenance and response-coupled growth	Bootstrap of the first provenance relation	Fixed conductance normalization introduced only after the first slot exists.	010 · N001	010_N001__initial_conductance_normalization_c_1	derivation/paper/main/sections/01_primitive_provenance_and_response_coupled_growth/02_bootstrap_of_the_first_provenance_relation/010_N001__initial_conductance_normalization_c_1	derivation/supplement/sections/01_primitive_provenance_and_response_coupled_growth/02_bootstrap_of_the_first_provenance_relation/010_N001__initial_conductance_normalization_c_1	derivation/paper/main/sections/01_primitive_provenance_and_response_coupled_growth/02_bootstrap_of_the_first_provenance_relation/010_N001__initial_conductance_normalization_c_1/SECTION.tex	derivation/supplement/sections/01_primitive_provenance_and_response_coupled_growth/02_bootstrap_of_the_first_provenance_relation/010_N001__initial_conductance_normalization_c_1/DOCUMENTATION.md	DOCUMENTED	DOCUMENTED
011	C013	1.2.4	7	11	SEC-01	bootstrap	First non-root provenance birth v₁	IMPLEMENTED_VERIFIED	MAIN_FULL	Exceptional first non-root birth: v1 has address (0), root parent, and symmetric directed conductances (1,1); L=0 admits no such birth.	CURRENT_IMPLEMENTATION			A001;C004A;N001	CURRENT_VERIFIED_EVIDENCE			NONE	CONSTRUCTION		LOCAL_LEMMAS_INTERNAL	D1	STRUCTURAL_CONSTRUCTION_ROLE	STRUCTURAL_EXPLANATION	DETAILED_CONSTRUCTION_DOSSIER	position_in_derivation|mathematical_contract|introduction_reason|explicit_construction|invariants|canonicity_or_uniqueness|boundary_cases|python_lean_cross_layer|countercheck|result|downstream_handoff|code_anchors	RESOLVED	RESOLVED	INVARIANT_EDGE_CASE_AND_CROSS_LAYER_CHECK	PASS	COMPLETE_V2				1.2.4	Primitive provenance and response-coupled growth	Bootstrap of the first provenance relation	Introduced after A001, C004A, N001; registered hard handoff(s): supplies_information_free_bootstrap_token, supplies_first_provenance_slot, sets_first_relation_conductance.	011 · C013	011_C013__first_non_root_provenance_birth_v	derivation/paper/main/sections/01_primitive_provenance_and_response_coupled_growth/02_bootstrap_of_the_first_provenance_relation/011_C013__first_non_root_provenance_birth_v	derivation/supplement/sections/01_primitive_provenance_and_response_coupled_growth/02_bootstrap_of_the_first_provenance_relation/011_C013__first_non_root_provenance_birth_v	derivation/paper/main/sections/01_primitive_provenance_and_response_coupled_growth/02_bootstrap_of_the_first_provenance_relation/011_C013__first_non_root_provenance_birth_v/SECTION.tex	derivation/supplement/sections/01_primitive_provenance_and_response_coupled_growth/02_bootstrap_of_the_first_provenance_relation/011_C013__first_non_root_provenance_birth_v/DOCUMENTATION.md	DOCUMENTED	DOCUMENTED
012	T001	1.2.5	8	12	SEC-01	bootstrap	Seed-neutrality theorem for first birth	IMPLEMENTED_VERIFIED	MAIN_THEOREM	For any admissible genesis seeds η,η′, the C013 first weighted provenance state is identical and retains the unit conductance pair (1,1).	CURRENT_IMPLEMENTATION			C013	CURRENT_VERIFIED_EVIDENCE			NONE	PROOF		ONE_REUSABLE_FALSIFIABLE_GATE	D2	PROOF_THEOREM_OWNER_OBSTRUCTION_OR_QUARANTINE_ROLE	THEOREM_AND_PROOF_OVERVIEW	FULL_PROOF_DOSSIER	position_in_derivation|formal_statement|hypotheses|introduction_reason|proof_strategy|lemma_chain|formal_realization|counterexamples_or_necessity_checks|axiom_profile|result|remaining_limits|downstream_handoff|code_line_register	RESOLVED	RESOLVED	NEGATIVE_CONTROL_COUNTEREXAMPLE_OR_HYPOTHESIS_NECESSITY	PASS	COMPLETE_V2				1.2.5	Primitive provenance and response-coupled growth	Bootstrap of the first provenance relation	Introduced after C013; registered hard handoff(s): requires_seed_neutrality.	012 · T001	012_T001__seed_neutrality_theorem_for_first_birth	derivation/paper/main/sections/01_primitive_provenance_and_response_coupled_growth/02_bootstrap_of_the_first_provenance_relation/012_T001__seed_neutrality_theorem_for_first_birth	derivation/supplement/sections/01_primitive_provenance_and_response_coupled_growth/02_bootstrap_of_the_first_provenance_relation/012_T001__seed_neutrality_theorem_for_first_birth	derivation/paper/main/sections/01_primitive_provenance_and_response_coupled_growth/02_bootstrap_of_the_first_provenance_relation/012_T001__seed_neutrality_theorem_for_first_birth/SECTION.tex	derivation/supplement/sections/01_primitive_provenance_and_response_coupled_growth/02_bootstrap_of_the_first_provenance_relation/012_T001__seed_neutrality_theorem_for_first_birth/DOCUMENTATION.md	DOCUMENTED	DOCUMENTED
013	M005	1.2.6	8	13	SEC-01	bootstrap	Conductance-unit normalization independence	IMPLEMENTED_VERIFIED	MAIN_THEOREM	N001's fixed Cstar=1 is the canonical representative of a positive rational unit-equivalence class; every common positive rational rescaling preserves normalized response, so the conductance unit is not a third model input.	CURRENT_IMPLEMENTATION			N001	CURRENT_VERIFIED_EVIDENCE			NONE	PROOF		ONE_REUSABLE_FALSIFIABLE_GATE	D2	PROOF_THEOREM_OWNER_OBSTRUCTION_OR_QUARANTINE_ROLE	THEOREM_AND_PROOF_OVERVIEW	FULL_PROOF_DOSSIER	position_in_derivation|formal_statement|hypotheses|introduction_reason|proof_strategy|lemma_chain|formal_realization|counterexamples_or_necessity_checks|axiom_profile|result|remaining_limits|downstream_handoff|code_line_register	RESOLVED	RESOLVED	NEGATIVE_CONTROL_COUNTEREXAMPLE_OR_HYPOTHESIS_NECESSITY	PASS	COMPLETE_V2				1.2.6	Primitive provenance and response-coupled growth	Bootstrap of the first provenance relation	Introduced after N001; registered hard handoff(s): requires_unit_independence.	013 · M005	013_M005__conductance_unit_normalization_independence	derivation/paper/main/sections/01_primitive_provenance_and_response_coupled_growth/02_bootstrap_of_the_first_provenance_relation/013_M005__conductance_unit_normalization_independence	derivation/supplement/sections/01_primitive_provenance_and_response_coupled_growth/02_bootstrap_of_the_first_provenance_relation/013_M005__conductance_unit_normalization_independence	derivation/paper/main/sections/01_primitive_provenance_and_response_coupled_growth/02_bootstrap_of_the_first_provenance_relation/013_M005__conductance_unit_normalization_independence/SECTION.tex	derivation/supplement/sections/01_primitive_provenance_and_response_coupled_growth/02_bootstrap_of_the_first_provenance_relation/013_M005__conductance_unit_normalization_independence/DOCUMENTATION.md	DOCUMENTED	DOCUMENTED
014	C014	1.2.7	9	14	SEC-01	bootstrap	Bootstrap state X₁={r,v₁; C(r,v₁)=1}	IMPLEMENTED_VERIFIED	MAIN_FULL	X1 is the final exceptional initialization state: root (), first newborn (0,), both directed orientations of their relation, and unit conductances (1,1).	CURRENT_IMPLEMENTATION			C013;M005;T001	CURRENT_VERIFIED_EVIDENCE			NONE	CONSTRUCTION		LOCAL_LEMMAS_INTERNAL	D1	STRUCTURAL_CONSTRUCTION_ROLE	STRUCTURAL_EXPLANATION	DETAILED_CONSTRUCTION_DOSSIER	position_in_derivation|mathematical_contract|introduction_reason|explicit_construction|invariants|canonicity_or_uniqueness|boundary_cases|python_lean_cross_layer|countercheck|result|downstream_handoff|code_anchors	RESOLVED	RESOLVED	INVARIANT_EDGE_CASE_AND_CROSS_LAYER_CHECK	PASS	COMPLETE_V2				1.2.7	Primitive provenance and response-coupled growth	Bootstrap of the first provenance relation	Introduced after C013, T001, M005; registered hard handoff(s): produces_bootstrap_state, certifies_seed_neutrality, certifies_no_third_input.	014 · C014	014_C014__bootstrap_state_x_r_v_c_r_v_1	derivation/paper/main/sections/01_primitive_provenance_and_response_coupled_growth/02_bootstrap_of_the_first_provenance_relation/014_C014__bootstrap_state_x_r_v_c_r_v_1	derivation/supplement/sections/01_primitive_provenance_and_response_coupled_growth/02_bootstrap_of_the_first_provenance_relation/014_C014__bootstrap_state_x_r_v_c_r_v_1	derivation/paper/main/sections/01_primitive_provenance_and_response_coupled_growth/02_bootstrap_of_the_first_provenance_relation/014_C014__bootstrap_state_x_r_v_c_r_v_1/SECTION.tex	derivation/supplement/sections/01_primitive_provenance_and_response_coupled_growth/02_bootstrap_of_the_first_provenance_relation/014_C014__bootstrap_state_x_r_v_c_r_v_1/DOCUMENTATION.md	DOCUMENTED	DOCUMENTED
015	C005	1.3.1	10	15	SEC-01	growth	Response-capable state schema Xₙ (n≥1)	IMPLEMENTED_VERIFIED	MAIN_FULL	X_n, n>=1, is a finite current weighted provenance state whose born non-root vertices are the initial C018 schedule prefix and whose positive directed conductances are supported on the born carrier with a bidirectional provenance-parent backbone.	CURRENT_IMPLEMENTATION			C014	CURRENT_VERIFIED_EVIDENCE			NONE	CONSTRUCTION		LOCAL_LEMMAS_INTERNAL	D1	STRUCTURAL_CONSTRUCTION_ROLE	STRUCTURAL_EXPLANATION	DETAILED_CONSTRUCTION_DOSSIER	position_in_derivation|mathematical_contract|introduction_reason|explicit_construction|invariants|canonicity_or_uniqueness|boundary_cases|python_lean_cross_layer|countercheck|result|downstream_handoff|code_anchors	RESOLVED	RESOLVED	INVARIANT_EDGE_CASE_AND_CROSS_LAYER_CHECK	PASS	COMPLETE_V2	Provenance-complete event state	CURRENT_FINITE_SPECIALIZATION	GENERALIZED_OPEN_PROVENANCE_SYSTEMS -> CNNA_FINITE	1.3.1	Primitive provenance and response-coupled growth	Canonical cut, complement elimination and birth steering	Introduced after C014; registered hard handoff(s): provides_recurrent_base_case.	015 · C005	015_C005__response_capable_state_schema_x_n_1	derivation/paper/main/sections/01_primitive_provenance_and_response_coupled_growth/03_canonical_cut_complement_elimination_and_birth_steering/015_C005__response_capable_state_schema_x_n_1	derivation/supplement/sections/01_primitive_provenance_and_response_coupled_growth/03_canonical_cut_complement_elimination_and_birth_steering/015_C005__response_capable_state_schema_x_n_1	derivation/paper/main/sections/01_primitive_provenance_and_response_coupled_growth/03_canonical_cut_complement_elimination_and_birth_steering/015_C005__response_capable_state_schema_x_n_1/SECTION.tex	derivation/supplement/sections/01_primitive_provenance_and_response_coupled_growth/03_canonical_cut_complement_elimination_and_birth_steering/015_C005__response_capable_state_schema_x_n_1/DOCUMENTATION.md	DOCUMENTED	DOCUMENTED
016	C004	1.3.2	11	16	SEC-01	provenance	Next open provenance slot sₙ₊₁ (n≥1)	IMPLEMENTED_VERIFIED	MAIN_FULL	For an unsaturated recurrent C005 state X_n, n>=1, C004 identifies the unique least admissible open provenance slot under the fixed C018 order; equivalently it is the zero-based C018 schedule successor at index n. Saturation has no successor.	CURRENT_IMPLEMENTATION			C005;C018	CURRENT_VERIFIED_EVIDENCE			NONE	CONSTRUCTION		LOCAL_LEMMAS_INTERNAL	D1	STRUCTURAL_CONSTRUCTION_ROLE	STRUCTURAL_EXPLANATION	DETAILED_CONSTRUCTION_DOSSIER	position_in_derivation|mathematical_contract|introduction_reason|explicit_construction|invariants|canonicity_or_uniqueness|boundary_cases|python_lean_cross_layer|countercheck|result|downstream_handoff|code_anchors	RESOLVED	RESOLVED	INVARIANT_EDGE_CASE_AND_CROSS_LAYER_CHECK	PASS	COMPLETE_V2	Provenance-complete event state	CURRENT_FINITE_SPECIALIZATION	GENERALIZED_OPEN_PROVENANCE_SYSTEMS -> CNNA_FINITE	1.3.2	Primitive provenance and response-coupled growth	Canonical cut, complement elimination and birth steering	Introduced after C005, C018; registered hard handoff(s): exposes_next_open_slot, orders_next_open_slot.	016 · C004	016_C004__next_open_provenance_slot_s_n_1	derivation/paper/main/sections/01_primitive_provenance_and_response_coupled_growth/03_canonical_cut_complement_elimination_and_birth_steering/016_C004__next_open_provenance_slot_s_n_1	derivation/supplement/sections/01_primitive_provenance_and_response_coupled_growth/03_canonical_cut_complement_elimination_and_birth_steering/016_C004__next_open_provenance_slot_s_n_1	derivation/paper/main/sections/01_primitive_provenance_and_response_coupled_growth/03_canonical_cut_complement_elimination_and_birth_steering/016_C004__next_open_provenance_slot_s_n_1/SECTION.tex	derivation/supplement/sections/01_primitive_provenance_and_response_coupled_growth/03_canonical_cut_complement_elimination_and_birth_steering/016_C004__next_open_provenance_slot_s_n_1/DOCUMENTATION.md	DOCUMENTED	DOCUMENTED
017	C006	1.3.3	11	17	SEC-01	primitive_response	Birth-local Schur/DtN primitive	IMPLEMENTED_VERIFIED	MAIN_FULL	For explicitly supplied nonempty ordered boundary/interior blocks, C006 defines the exact partial Schur/DtN operator in a self-contained positive-denominator fraction-value algebra: the interior solve is the internal value equation K_II X = K_IB and the response is K_BB - K_BI X, with raw encodings identified by cross multiplication.	CURRENT_IMPLEMENTATION				CURRENT_VERIFIED_EVIDENCE			NONE	CONSTRUCTION		LOCAL_LEMMAS_INTERNAL	D1	STRUCTURAL_CONSTRUCTION_ROLE	STRUCTURAL_EXPLANATION	DETAILED_CONSTRUCTION_DOSSIER	position_in_derivation|mathematical_contract|introduction_reason|explicit_construction|invariants|canonicity_or_uniqueness|boundary_cases|python_lean_cross_layer|countercheck|result|downstream_handoff|code_anchors	RESOLVED	RESOLVED	INVARIANT_EDGE_CASE_AND_CROSS_LAYER_CHECK	PASS	COMPLETE_V2	Effective complement elimination	NODEWISE_CURRENT_OR_PLANNED	GENERALIZED_OPEN_PROVENANCE_SYSTEMS -> CNNA_FINITE	1.3.3	Primitive provenance and response-coupled growth	Canonical cut, complement elimination and birth steering	Generic Schur/DtN operator introduced at its first use in section 1.3.3.	017 · C006	017_C006__birth_local_schur_dtn_primitive	derivation/paper/main/sections/01_primitive_provenance_and_response_coupled_growth/03_canonical_cut_complement_elimination_and_birth_steering/017_C006__birth_local_schur_dtn_primitive	derivation/supplement/sections/01_primitive_provenance_and_response_coupled_growth/03_canonical_cut_complement_elimination_and_birth_steering/017_C006__birth_local_schur_dtn_primitive	derivation/paper/main/sections/01_primitive_provenance_and_response_coupled_growth/03_canonical_cut_complement_elimination_and_birth_steering/017_C006__birth_local_schur_dtn_primitive/SECTION.tex	derivation/supplement/sections/01_primitive_provenance_and_response_coupled_growth/03_canonical_cut_complement_elimination_and_birth_steering/017_C006__birth_local_schur_dtn_primitive/DOCUMENTATION.md	DOCUMENTED	DOCUMENTED
018	M001	1.3.4	12	18	SEC-01	primitive_response	Canonical birth-local measurement cut Cₙ(sₙ₊₁)	IMPLEMENTED_VERIFIED	MAIN_FULL	For recurrent C005 state X_n and its C004 successor slot s_{n+1}=(p,rho,c), M001 defines the unique ordered birth-local cut of the already-born carrier. The boundary is exactly the C005 carrier subsequence consisting of the root-to-parent provenance prefix chain of p together with already-born same-parent siblings of ranks < rho; the interior is the complementary carrier subsequence. The unborn child c is in neither block.	CURRENT_IMPLEMENTATION			C004;C005;P003	CURRENT_VERIFIED_EVIDENCE			NONE	PROOF_OWNER		AGGREGATES_EXPLICIT_PROOF_GATES	D2	PROOF_THEOREM_OWNER_OBSTRUCTION_OR_QUARANTINE_ROLE	THEOREM_AND_PROOF_OVERVIEW	FULL_PROOF_DOSSIER	position_in_derivation|formal_statement|hypotheses|introduction_reason|proof_strategy|lemma_chain|formal_realization|counterexamples_or_necessity_checks|axiom_profile|result|remaining_limits|downstream_handoff|code_line_register	RESOLVED	RESOLVED	NEGATIVE_CONTROL_COUNTEREXAMPLE_OR_HYPOTHESIS_NECESSITY	PASS	COMPLETE_V2	Cut-relative complement	NODEWISE_CURRENT_OR_PLANNED	GENERALIZED_OPEN_PROVENANCE_SYSTEMS -> CNNA_FINITE	1.3.4	Primitive provenance and response-coupled growth	Canonical cut, complement elimination and birth steering	Introduced after C005, C004; registered hard handoff(s): supplies_existing_network_to_birth_cut, localizes_cut_by_provenance_slot.	018 · M001	018_M001__canonical_birth_local_measurement_cut_c_s	derivation/paper/main/sections/01_primitive_provenance_and_response_coupled_growth/03_canonical_cut_complement_elimination_and_birth_steering/018_M001__canonical_birth_local_measurement_cut_c_s	derivation/supplement/sections/01_primitive_provenance_and_response_coupled_growth/03_canonical_cut_complement_elimination_and_birth_steering/018_M001__canonical_birth_local_measurement_cut_c_s	derivation/paper/main/sections/01_primitive_provenance_and_response_coupled_growth/03_canonical_cut_complement_elimination_and_birth_steering/018_M001__canonical_birth_local_measurement_cut_c_s/SECTION.tex	derivation/supplement/sections/01_primitive_provenance_and_response_coupled_growth/03_canonical_cut_complement_elimination_and_birth_steering/018_M001__canonical_birth_local_measurement_cut_c_s/DOCUMENTATION.md	DOCUMENTED	DOCUMENTED
019	P003	1.3.4.1	12	19	SEC-01	primitive_response	Birth-cut canonicity and partition well-formedness	IMPLEMENTED_VERIFIED_INTERNAL_OWNER_THEOREMS	MAIN_FULL	Prove that the M001 boundary/interior lists are born-only, disjoint, exhaustive, order-preserving, exclude the unborn child, and are uniquely determined by the frozen provenance selector.	CURRENT_IMPLEMENTATION_INTERNAL_OWNER_THEOREMS			C004;C005;C018	CURRENT_VERIFIED_EVIDENCE			NONE	PROOF	M001	ONE_REUSABLE_FALSIFIABLE_GATE	D2	PROOF_THEOREM_OWNER_OBSTRUCTION_OR_QUARANTINE_ROLE	THEOREM_AND_PROOF_OVERVIEW	FULL_PROOF_DOSSIER	position_in_derivation|formal_statement|hypotheses|introduction_reason|proof_strategy|lemma_chain|formal_realization|counterexamples_or_necessity_checks|axiom_profile|result|remaining_limits|downstream_handoff|code_line_register	RESOLVED_SUPPORTING_EVIDENCE	RESOLVED_SUPPORTING_EVIDENCE	NEGATIVE_CONTROL_COUNTEREXAMPLE_OR_HYPOTHESIS_NECESSITY	PASS	COMPLETE_V2				1.3.4.1	Primitive provenance and response-coupled growth	Canonical cut, complement elimination and birth steering	Introduced after C004, C005, and C018; registered hard handoffs supply the birth-cut canonicity proof.	019 · P003	019_P003__birth_cut_canonicity_and_partition_well_formedness	derivation/paper/main/sections/01_primitive_provenance_and_response_coupled_growth/03_canonical_cut_complement_elimination_and_birth_steering/018_M001__canonical_birth_local_measurement_cut_c_s/019_P003__birth_cut_canonicity_and_partition_well_formedness	derivation/supplement/sections/01_primitive_provenance_and_response_coupled_growth/03_canonical_cut_complement_elimination_and_birth_steering/018_M001__canonical_birth_local_measurement_cut_c_s/019_P003__birth_cut_canonicity_and_partition_well_formedness	derivation/paper/main/sections/01_primitive_provenance_and_response_coupled_growth/03_canonical_cut_complement_elimination_and_birth_steering/018_M001__canonical_birth_local_measurement_cut_c_s/019_P003__birth_cut_canonicity_and_partition_well_formedness/SECTION.tex	derivation/supplement/sections/01_primitive_provenance_and_response_coupled_growth/03_canonical_cut_complement_elimination_and_birth_steering/018_M001__canonical_birth_local_measurement_cut_c_s/019_P003__birth_cut_canonicity_and_partition_well_formedness/DOCUMENTATION.md	DOCUMENTED	DOCUMENTED
020	M002	1.3.5	13	20	SEC-01	primitive_response	Birth-cut interior-domain theorem	IMPLEMENTED_VERIFIED	MAIN_THEOREM	For the canonical M001 cut of recurrent state X_n and next slot s_{n+1}, M002 fixes the exact C006 domain: supplied blocks have the M001 boundary/interior dimensions and their encoded interior system has a unique solve under the C006 fraction-value equation. M001 alone does not determine numerical entries, so no stronger nonempty-interior invertibility claim is made before C007.	CURRENT_IMPLEMENTATION			M001	CURRENT_VERIFIED_EVIDENCE			NONE	PROOF		ONE_REUSABLE_FALSIFIABLE_GATE	D2	PROOF_THEOREM_OWNER_OBSTRUCTION_OR_QUARANTINE_ROLE	THEOREM_AND_PROOF_OVERVIEW	FULL_PROOF_DOSSIER	position_in_derivation|formal_statement|hypotheses|introduction_reason|proof_strategy|lemma_chain|formal_realization|counterexamples_or_necessity_checks|axiom_profile|result|remaining_limits|downstream_handoff|code_line_register	RESOLVED	RESOLVED	NEGATIVE_CONTROL_COUNTEREXAMPLE_OR_HYPOTHESIS_NECESSITY	PASS	COMPLETE_V2				1.3.5	Primitive provenance and response-coupled growth	Canonical cut, complement elimination and birth steering	Introduced after M001; registered hard handoff(s): requires_birth_cut_domain.	020 · M002	020_M002__birth_cut_interior_domain_theorem	derivation/paper/main/sections/01_primitive_provenance_and_response_coupled_growth/03_canonical_cut_complement_elimination_and_birth_steering/020_M002__birth_cut_interior_domain_theorem	derivation/supplement/sections/01_primitive_provenance_and_response_coupled_growth/03_canonical_cut_complement_elimination_and_birth_steering/020_M002__birth_cut_interior_domain_theorem	derivation/paper/main/sections/01_primitive_provenance_and_response_coupled_growth/03_canonical_cut_complement_elimination_and_birth_steering/020_M002__birth_cut_interior_domain_theorem/SECTION.tex	derivation/supplement/sections/01_primitive_provenance_and_response_coupled_growth/03_canonical_cut_complement_elimination_and_birth_steering/020_M002__birth_cut_interior_domain_theorem/DOCUMENTATION.md	DOCUMENTED	DOCUMENTED
021	C007	1.3.6	14	21	SEC-01	primitive_response	Inter-birth directed response Rₙ(sₙ₊₁)	IMPLEMENTED_VERIFIED	MAIN_FULL	For a recurrent C005 state X_n and its unique C004 next slot s_{n+1}, C007 orders the complete born carrier by the canonical M001 boundary followed by interior, realizes every stored directed conductance as the fixed source/out-degree matrix K[u,u]=sum_v c(u,v), K[u,v]=-c(u,v), and on the exact M002 domain defines R_n(s_{n+1}) as the unique C006 Schur/DtN response.	CURRENT_IMPLEMENTATION			C005;C006;M001;M002	CURRENT_VERIFIED_EVIDENCE			NONE	CONSTRUCTION		LOCAL_LEMMAS_INTERNAL	D1	STRUCTURAL_CONSTRUCTION_ROLE	STRUCTURAL_EXPLANATION	DETAILED_CONSTRUCTION_DOSSIER	position_in_derivation|mathematical_contract|introduction_reason|explicit_construction|invariants|canonicity_or_uniqueness|boundary_cases|python_lean_cross_layer|countercheck|result|downstream_handoff|code_anchors	RESOLVED	RESOLVED	INVARIANT_EDGE_CASE_AND_CROSS_LAYER_CHECK	PASS	COMPLETE_V2	Effective complement elimination	NODEWISE_CURRENT_OR_PLANNED	GENERALIZED_OPEN_PROVENANCE_SYSTEMS -> CNNA_FINITE	1.3.6	Primitive provenance and response-coupled growth	Canonical cut, complement elimination and birth steering	Introduced after C006, M001, M002, C005; registered hard handoff(s): computes_interbirth_response, supplies_birth_cut, certifies_response_domain, response_of_existing_network.	021 · C007	021_C007__inter_birth_directed_response_r_s	derivation/paper/main/sections/01_primitive_provenance_and_response_coupled_growth/03_canonical_cut_complement_elimination_and_birth_steering/021_C007__inter_birth_directed_response_r_s	derivation/supplement/sections/01_primitive_provenance_and_response_coupled_growth/03_canonical_cut_complement_elimination_and_birth_steering/021_C007__inter_birth_directed_response_r_s	derivation/paper/main/sections/01_primitive_provenance_and_response_coupled_growth/03_canonical_cut_complement_elimination_and_birth_steering/021_C007__inter_birth_directed_response_r_s/SECTION.tex	derivation/supplement/sections/01_primitive_provenance_and_response_coupled_growth/03_canonical_cut_complement_elimination_and_birth_steering/021_C007__inter_birth_directed_response_r_s/DOCUMENTATION.md	DOCUMENTED	DOCUMENTED
022	O001	1.3.7	14	22	SEC-01	obstruction	IST response-independent directed-bias obstruction	IMPLEMENTED_VERIFIED_OBSTRUCTION	MAIN_BOUNDARY	The bound legacy growth path contains executable response-independent mechanism classes: rank, forward, backward, node-load scalar, nonlinear mode, fixed backreaction scale, additive baseline, and geometric attenuation. O001 defines a falsifiable admission gate: M004 dependencies are admitted exactly when all eight presence flags are false, preserving only state, slot, response, and response-derived steering.	CURRENT_IMPLEMENTATION				CURRENT_VERIFIED_EVIDENCE			NONE	PROOF		ONE_REUSABLE_FALSIFIABLE_GATE	D2	PROOF_THEOREM_OWNER_OBSTRUCTION_OR_QUARANTINE_ROLE	THEOREM_AND_PROOF_OVERVIEW	FULL_PROOF_DOSSIER	position_in_derivation|formal_statement|hypotheses|introduction_reason|proof_strategy|lemma_chain|formal_realization|counterexamples_or_necessity_checks|axiom_profile|result|remaining_limits|downstream_handoff|code_line_register	RESOLVED	RESOLVED	NEGATIVE_CONTROL_COUNTEREXAMPLE_OR_HYPOTHESIS_NECESSITY	PASS	COMPLETE_V2				1.3.7	Primitive provenance and response-coupled growth	Canonical cut, complement elimination and birth steering	Legacy-bias obstruction introduced at the affected birth-law gate.	022 · O001	022_O001__ist_response_independent_directed_bias_obstruction	derivation/paper/main/sections/01_primitive_provenance_and_response_coupled_growth/03_canonical_cut_complement_elimination_and_birth_steering/022_O001__ist_response_independent_directed_bias_obstruction	derivation/supplement/sections/01_primitive_provenance_and_response_coupled_growth/03_canonical_cut_complement_elimination_and_birth_steering/022_O001__ist_response_independent_directed_bias_obstruction	derivation/paper/main/sections/01_primitive_provenance_and_response_coupled_growth/03_canonical_cut_complement_elimination_and_birth_steering/022_O001__ist_response_independent_directed_bias_obstruction/SECTION.tex	derivation/supplement/sections/01_primitive_provenance_and_response_coupled_growth/03_canonical_cut_complement_elimination_and_birth_steering/022_O001__ist_response_independent_directed_bias_obstruction/DOCUMENTATION.md	DOCUMENTED	DOCUMENTED
023	C015	1.3.8	14	23	SEC-01	active_rule	Active linear steering mode φ(x)=x	IMPLEMENTED_VERIFIED	MAIN_FULL	C015 fixes the active-path identity convention phi(x)=x. It formalizes no mode family or selector; no slope, coefficient, coercion, normalization, clipping, logarithm, saturation, or sign change is admitted.	CURRENT_IMPLEMENTATION				CURRENT_VERIFIED_EVIDENCE			NONE	CONSTRUCTION		LOCAL_LEMMAS_INTERNAL	D0	EXPLICIT_ATOMIC_OR_DEFINITIONAL_OVERRIDE	COMPACT_DEFINITION	TRACEABLE_DEFINITION	position_in_derivation|definition_or_statement|introduction_reason|construction_or_encoding|boundary_case_or_countercheck|result|downstream_handoff|code_anchors	RESOLVED	RESOLVED	ONE_DEFINITIONAL_BOUNDARY_OR_TYPE_REJECTION	PASS	COMPLETE_V2				1.3.8	Primitive provenance and response-coupled growth	Canonical cut, complement elimination and birth steering	Identity steering convention introduced after response construction in section 1.3.8.	023 · C015	023_C015__active_linear_steering_mode_x_x	derivation/paper/main/sections/01_primitive_provenance_and_response_coupled_growth/03_canonical_cut_complement_elimination_and_birth_steering/023_C015__active_linear_steering_mode_x_x	derivation/supplement/sections/01_primitive_provenance_and_response_coupled_growth/03_canonical_cut_complement_elimination_and_birth_steering/023_C015__active_linear_steering_mode_x_x	derivation/paper/main/sections/01_primitive_provenance_and_response_coupled_growth/03_canonical_cut_complement_elimination_and_birth_steering/023_C015__active_linear_steering_mode_x_x/SECTION.tex	derivation/supplement/sections/01_primitive_provenance_and_response_coupled_growth/03_canonical_cut_complement_elimination_and_birth_steering/023_C015__active_linear_steering_mode_x_x/DOCUMENTATION.md	DOCUMENTED	DOCUMENTED
024	M003	1.3.9	15	24	SEC-01	primitive_response	Canonical response-steering functional Σ_b[Rₙ,s]	CLOSED_VERIFIED	MAIN_FULL	The exact parent-port functional is closed and the public canonical M003 closure internalizes the parent coordinate and proves domain, existence, and universal positivity.	CURRENT_VERIFIED_EVIDENCE			C007;C015;M005;P001	4_KERNEL_AXIOM_VERIFIED_FULL_BOUNDARY_PASS			MISSING_CONSTRUCTION_OR_THEOREM	PROOF_OWNER		AGGREGATES_EXPLICIT_PROOF_GATES	D2	PROOF_THEOREM_OWNER_OBSTRUCTION_OR_QUARANTINE_ROLE	THEOREM_AND_PROOF_OVERVIEW	FULL_PROOF_DOSSIER	position_in_derivation|formal_statement|hypotheses|introduction_reason|proof_strategy|lemma_chain|formal_realization|counterexamples_or_necessity_checks|axiom_profile|result|remaining_limits|downstream_handoff|code_line_register	RESOLVED	RESOLVED_KERNEL_VERIFIED	NEGATIVE_CONTROL_COUNTEREXAMPLE_OR_HYPOTHESIS_NECESSITY	PASS	COMPLETE_V2	Response-coupled event generation	M003_M004_VERIFIED_C008_DOWNSTREAM	GENERALIZED_OPEN_PROVENANCE_SYSTEMS -> CNNA_FINITE	1.3.9	Primitive provenance and response-coupled growth	Canonical cut, complement elimination and birth steering	Introduced after C015, C007, M005; registered hard handoff(s): fixes_linear_active_transform, feeds_response_steering, enforces_unit_normalized_steering.	024 · M003	024_M003__canonical_response_steering_functional_b_r_s	derivation/paper/main/sections/01_primitive_provenance_and_response_coupled_growth/03_canonical_cut_complement_elimination_and_birth_steering/024_M003__canonical_response_steering_functional_b_r_s	derivation/supplement/sections/01_primitive_provenance_and_response_coupled_growth/03_canonical_cut_complement_elimination_and_birth_steering/024_M003__canonical_response_steering_functional_b_r_s	derivation/paper/main/sections/01_primitive_provenance_and_response_coupled_growth/03_canonical_cut_complement_elimination_and_birth_steering/024_M003__canonical_response_steering_functional_b_r_s/SECTION.tex	derivation/supplement/sections/01_primitive_provenance_and_response_coupled_growth/03_canonical_cut_complement_elimination_and_birth_steering/024_M003__canonical_response_steering_functional_b_r_s/DOCUMENTATION.md	DOCUMENTED	DOCUMENTED
025	P001	1.3.9.1	15	25	SEC-01	proof_infrastructure	Reusable directed Schur/DtN/Kron channel closure	CLOSED_VERIFIED_PROOF	MAIN_THEOREM	One reusable unregularized directed-cut closure proves exact semantic agreement, well-posedness, directed response structure, strict distinguished-port positivity, canonical-cut instantiation, supporting M003/M004 theorems, and independent cut-family reuse.	CURRENT_VERIFIED_EVIDENCE			C006;M001;M002;C007;M003	142_KERNEL_AXIOM_VERIFIED_FULL_BOUNDARY_PASS			PROOF_OBLIGATION	PROOF	M003	ONE_REUSABLE_FALSIFIABLE_GATE	D2	PROOF_THEOREM_OWNER_OBSTRUCTION_OR_QUARANTINE_ROLE	THEOREM_AND_PROOF_OVERVIEW	FULL_PROOF_DOSSIER	position_in_derivation|formal_statement|hypotheses|introduction_reason|proof_strategy|lemma_chain|formal_realization|counterexamples_or_necessity_checks|axiom_profile|result|remaining_limits|downstream_handoff|code_line_register	NOT_REQUIRED_PROOF_NODE	RESOLVED_142_VERIFIED	NEGATIVE_CONTROL_COUNTEREXAMPLE_OR_HYPOTHESIS_NECESSITY	PASS	COMPLETE_V2	Effective complement elimination	NODEWISE_CURRENT_OR_PLANNED	GENERALIZED_OPEN_PROVENANCE_SYSTEMS -> CNNA_FINITE	1.3.9.1	Primitive provenance and response-coupled growth	Canonical cut, complement elimination and birth steering	Introduced after C006, M002, C007; registered hard handoff(s): supplies_native_schur_dtn_interface, supplies_exact_interior_domain, supplies_directed_block_operator.	025 · P001	025_P001__reusable_directed_schur_dtn_kron_channel_closure	derivation/paper/main/sections/01_primitive_provenance_and_response_coupled_growth/03_canonical_cut_complement_elimination_and_birth_steering/024_M003__canonical_response_steering_functional_b_r_s/025_P001__reusable_directed_schur_dtn_kron_channel_closure	derivation/supplement/sections/01_primitive_provenance_and_response_coupled_growth/03_canonical_cut_complement_elimination_and_birth_steering/024_M003__canonical_response_steering_functional_b_r_s/025_P001__reusable_directed_schur_dtn_kron_channel_closure	derivation/paper/main/sections/01_primitive_provenance_and_response_coupled_growth/03_canonical_cut_complement_elimination_and_birth_steering/024_M003__canonical_response_steering_functional_b_r_s/025_P001__reusable_directed_schur_dtn_kron_channel_closure/SECTION.tex	derivation/supplement/sections/01_primitive_provenance_and_response_coupled_growth/03_canonical_cut_complement_elimination_and_birth_steering/024_M003__canonical_response_steering_functional_b_r_s/025_P001__reusable_directed_schur_dtn_kron_channel_closure/DOCUMENTATION.md	DOCUMENTED	DOCUMENTED
026	M004	1.3.10	16	26	SEC-01	growth	Response-coupled birth law 𝔅_b	CLOSED_VERIFIED	MAIN_FULL	The response-coupled birth law is closed by a proof interface that consumes M003 directly and exposes a representative-independent immutable C008 handoff.	CURRENT_VERIFIED_EVIDENCE			C004;M003;O001	7_KERNEL_AXIOM_VERIFIED_FULL_BOUNDARY_PASS			UPSTREAM_PROOF_DEPENDENCY	CONSTRUCTION		LOCAL_LEMMAS_INTERNAL	D1	STRUCTURAL_CONSTRUCTION_ROLE	STRUCTURAL_EXPLANATION	DETAILED_CONSTRUCTION_DOSSIER	position_in_derivation|mathematical_contract|introduction_reason|explicit_construction|invariants|canonicity_or_uniqueness|boundary_cases|python_lean_cross_layer|countercheck|result|downstream_handoff|code_anchors	RESOLVED	RESOLVED_KERNEL_VERIFIED	INVARIANT_EDGE_CASE_AND_CROSS_LAYER_CHECK	PASS	COMPLETE_V2	Response-coupled event generation	M003_M004_VERIFIED_C008_DOWNSTREAM	GENERALIZED_OPEN_PROVENANCE_SYSTEMS -> CNNA_FINITE	1.3.10	Primitive provenance and response-coupled growth	Canonical cut, complement elimination and birth steering	Introduced after M003, C004, O001; registered hard handoff(s): determines_birth_data, supplies_provenance_slot_only, must_be_removed_before_core_birth_law.	026 · M004	026_M004__response_coupled_birth_law_b	derivation/paper/main/sections/01_primitive_provenance_and_response_coupled_growth/03_canonical_cut_complement_elimination_and_birth_steering/026_M004__response_coupled_birth_law_b	derivation/supplement/sections/01_primitive_provenance_and_response_coupled_growth/03_canonical_cut_complement_elimination_and_birth_steering/026_M004__response_coupled_birth_law_b	derivation/paper/main/sections/01_primitive_provenance_and_response_coupled_growth/03_canonical_cut_complement_elimination_and_birth_steering/026_M004__response_coupled_birth_law_b/SECTION.tex	derivation/supplement/sections/01_primitive_provenance_and_response_coupled_growth/03_canonical_cut_complement_elimination_and_birth_steering/026_M004__response_coupled_birth_law_b/DOCUMENTATION.md	DOCUMENTED	DOCUMENTED
027	C008	1.4.1	17	27	SEC-01	growth	Record/live response-coupled update	CLOSED_VERIFIED	MAIN_FULL	Applies the canonical M004 birth instruction to derived append-only record/live relation channels: record appends only parent/newborn birth updates; live appends parent/newborn plus ancestor and sibling backreaction. The update is representative-independent modulo C006 exact-fraction SameValue.	CURRENT_VERIFIED_EVIDENCE			M004	KERNEL_VERIFIED_EXACT_SOURCE_EVIDENCE	derivation/code/lean/audit/evidence/USER_LOCAL_C008_FULL_BUILD_20260808.json;derivation/code/lean/audit/C008_CURRENT_SOURCE_SHA256.txt;derivation/registry/dag/C008_KERNEL_VERIFIED_AUDIT.json	Legacy qualitative record/live separation and finite regression ideas only; no free Legacy update coefficients or laws are imported.	NONE	CONSTRUCTION		LOCAL_LEMMAS_INTERNAL	D1	STRUCTURAL_CONSTRUCTION_ROLE	STRUCTURAL_EXPLANATION	DETAILED_CONSTRUCTION_DOSSIER	position_in_derivation|mathematical_contract|introduction_reason|explicit_construction|invariants|canonicity_or_uniqueness|boundary_cases|python_lean_cross_layer|countercheck|result|downstream_handoff|code_anchors	RESOLVED	RESOLVED_KERNEL_VERIFIED	INVARIANT_EDGE_CASE_AND_CROSS_LAYER_CHECK	PASS	COMPLETE_V2	Response-coupled event generation | Immutable record, live state and backreaction	M004_C008_KERNEL_VERIFIED_RECORD_LIVE_SEPARATION	GENERALIZED_OPEN_PROVENANCE_SYSTEMS -> CNNA_FINITE	1.4.1	Primitive provenance and response-coupled growth	Record/live update, backreaction channels and finite closure	Introduced after M004; registered hard handoff(s): applies_response_coupled_update.	027 · C008	027_C008__record_live_response_coupled_update	derivation/paper/main/sections/01_primitive_provenance_and_response_coupled_growth/04_record_live_update_backreaction_channels_and_finite_closure/027_C008__record_live_response_coupled_update	derivation/supplement/sections/01_primitive_provenance_and_response_coupled_growth/04_record_live_update_backreaction_channels_and_finite_closure/027_C008__record_live_response_coupled_update	derivation/paper/main/sections/01_primitive_provenance_and_response_coupled_growth/04_record_live_update_backreaction_channels_and_finite_closure/027_C008__record_live_response_coupled_update/SECTION.tex	derivation/supplement/sections/01_primitive_provenance_and_response_coupled_growth/04_record_live_update_backreaction_channels_and_finite_closure/027_C008__record_live_response_coupled_update/DOCUMENTATION.md	DOCUMENTED	DOCUMENTED
028	C016	1.4.2	18	28	SEC-01	growth	Immutable record channel	IMPLEMENTED_VERIFIED	MAIN_FULL	Birth-time relational data frozen when the relation is created.	CURRENT_IMPLEMENTATION			C008	CURRENT_VERIFIED_EVIDENCE			NONE	CONSTRUCTION		LOCAL_LEMMAS_INTERNAL	D1	STRUCTURAL_CONSTRUCTION_ROLE	STRUCTURAL_EXPLANATION	DETAILED_CONSTRUCTION_DOSSIER	position_in_derivation|mathematical_contract|introduction_reason|explicit_construction|invariants|canonicity_or_uniqueness|boundary_cases|python_lean_cross_layer|countercheck|result|downstream_handoff|code_anchors	RESOLVED	RESOLVED_KERNEL_VERIFIED	INVARIANT_EDGE_CASE_AND_CROSS_LAYER_CHECK	PASS	COMPLETE_V2	Immutable record, live state and backreaction	DOWNSTREAM_CONSTRUCTION	GENERALIZED_OPEN_PROVENANCE_SYSTEMS -> CNNA_FINITE	1.4.2	Primitive provenance and response-coupled growth	Record/live update, backreaction channels and finite closure	Introduced after C008; registered hard handoff(s): creates_record_channel.	028 · C016	028_C016__immutable_record_channel	derivation/paper/main/sections/01_primitive_provenance_and_response_coupled_growth/04_record_live_update_backreaction_channels_and_finite_closure/028_C016__immutable_record_channel	derivation/supplement/sections/01_primitive_provenance_and_response_coupled_growth/04_record_live_update_backreaction_channels_and_finite_closure/028_C016__immutable_record_channel	derivation/paper/main/sections/01_primitive_provenance_and_response_coupled_growth/04_record_live_update_backreaction_channels_and_finite_closure/028_C016__immutable_record_channel/SECTION.tex	derivation/supplement/sections/01_primitive_provenance_and_response_coupled_growth/04_record_live_update_backreaction_channels_and_finite_closure/028_C016__immutable_record_channel/DOCUMENTATION.md	DOCUMENTED	DOCUMENTED
029	C017	1.4.3	18	29	SEC-01	growth	Current live channel	IMPLEMENTED_VERIFIED	MAIN_FULL	Current relational response state after subsequent response-coupled births/backreaction.	CURRENT_IMPLEMENTATION			C008	CURRENT_VERIFIED_EVIDENCE			NONE	CONSTRUCTION		LOCAL_LEMMAS_INTERNAL	D1	STRUCTURAL_CONSTRUCTION_ROLE	STRUCTURAL_EXPLANATION	DETAILED_CONSTRUCTION_DOSSIER	position_in_derivation|mathematical_contract|introduction_reason|explicit_construction|invariants|canonicity_or_uniqueness|boundary_cases|python_lean_cross_layer|countercheck|result|downstream_handoff|code_anchors	RESOLVED	RESOLVED_KERNEL_VERIFIED	INVARIANT_EDGE_CASE_AND_CROSS_LAYER_CHECK	PASS	COMPLETE_V2	Immutable record, live state and backreaction	DOWNSTREAM_CONSTRUCTION	GENERALIZED_OPEN_PROVENANCE_SYSTEMS -> CNNA_FINITE	1.4.3	Primitive provenance and response-coupled growth	Record/live update, backreaction channels and finite closure	Introduced after C008; registered hard handoff(s): updates_live_channel.	029 · C017	029_C017__current_live_channel	derivation/paper/main/sections/01_primitive_provenance_and_response_coupled_growth/04_record_live_update_backreaction_channels_and_finite_closure/029_C017__current_live_channel	derivation/supplement/sections/01_primitive_provenance_and_response_coupled_growth/04_record_live_update_backreaction_channels_and_finite_closure/029_C017__current_live_channel	derivation/paper/main/sections/01_primitive_provenance_and_response_coupled_growth/04_record_live_update_backreaction_channels_and_finite_closure/029_C017__current_live_channel/SECTION.tex	derivation/supplement/sections/01_primitive_provenance_and_response_coupled_growth/04_record_live_update_backreaction_channels_and_finite_closure/029_C017__current_live_channel/DOCUMENTATION.md	DOCUMENTED	DOCUMENTED
030	C009	1.4.4	19	30	SEC-01	growth	Codomain state Xₙ₊₁	IMPLEMENTED_VERIFIED	MAIN_FULL	Given a C005 response-capable state X, its canonical C004 next open slot, record/live channels coherent with the current C005 live conductances, and an M004-shaped instruction at that slot, deterministically assemble the raw codomain data by inheriting the schedule, appending the selected child to bornNonRoot, projecting record through C016, and projecting live through C017; assembly respects C006 exact-fraction SameValue.	CURRENT_IMPLEMENTATION			C005;C016;C017	CURRENT_VERIFIED_EVIDENCE	derivation/code/lean/audit/evidence/USER_LOCAL_C009_FULL_BUILD_20260808.json;derivation/code/lean/audit/evidence/USER_LOCAL_C009_FULL_BUILD_20260808.txt		NONE	CONSTRUCTION		LOCAL_LEMMAS_INTERNAL	D1	STRUCTURAL_CONSTRUCTION_ROLE	STRUCTURAL_EXPLANATION	DETAILED_CONSTRUCTION_DOSSIER	position_in_derivation|mathematical_contract|introduction_reason|explicit_construction|invariants|canonicity_or_uniqueness|boundary_cases|python_lean_cross_layer|countercheck|result|downstream_handoff|code_anchors	RESOLVED	RESOLVED_KERNEL_VERIFIED	INVARIANT_EDGE_CASE_AND_CROSS_LAYER_CHECK	PASS	COMPLETE_V2				1.4.4	Primitive provenance and response-coupled growth	Record/live update, backreaction channels and finite closure	Introduced after C016, C017, C005; registered hard handoff(s): part_of_next_state, part_of_next_state, constrains_codomain_state_schema.	030 · C009	030_C009__codomain_state_x	derivation/paper/main/sections/01_primitive_provenance_and_response_coupled_growth/04_record_live_update_backreaction_channels_and_finite_closure/030_C009__codomain_state_x	derivation/supplement/sections/01_primitive_provenance_and_response_coupled_growth/04_record_live_update_backreaction_channels_and_finite_closure/030_C009__codomain_state_x	derivation/paper/main/sections/01_primitive_provenance_and_response_coupled_growth/04_record_live_update_backreaction_channels_and_finite_closure/030_C009__codomain_state_x/SECTION.tex	derivation/supplement/sections/01_primitive_provenance_and_response_coupled_growth/04_record_live_update_backreaction_channels_and_finite_closure/030_C009__codomain_state_x/DOCUMENTATION.md	DOCUMENTED	DOCUMENTED
031	T002	1.4.5	20	31	SEC-01	growth	Recurrent state-closure theorem	IMPLEMENTED_VERIFIED	MAIN_THEOREM	For every admissible recurrent configuration consisting of a C005 state Xₙ, its canonical C004 next slot, and the derived C016/C017 record/live context whose live channel is coherent with Xₙ, C007 supplies the canonical state-directed realization and the response-coupled M004 law produces a unique Xₙ₊₁ in the complete C005 schema while re-establishing C005↔C017 live coherence.	CURRENT_IMPLEMENTATION			C005;C009;M004	CURRENT_VERIFIED_EVIDENCE	derivation/code/lean/audit/evidence/USER_LOCAL_T002_FULL_BUILD_20260809.json;derivation/code/lean/audit/evidence/USER_LOCAL_T002_FULL_BUILD_20260809.txt		NONE	PROOF	T002	ONE_REUSABLE_FALSIFIABLE_GATE	D2	PROOF_THEOREM_OWNER_OBSTRUCTION_OR_QUARANTINE_ROLE	THEOREM_AND_PROOF_OVERVIEW	FULL_PROOF_DOSSIER	position_in_derivation|formal_statement|hypotheses|introduction_reason|proof_strategy|lemma_chain|formal_realization|counterexamples_or_necessity_checks|axiom_profile|result|remaining_limits|downstream_handoff|code_line_register	NOT_REQUIRED_PROOF_NODE	RESOLVED_KERNEL_VERIFIED	NEGATIVE_CONTROL_COUNTEREXAMPLE_OR_HYPOTHESIS_NECESSITY	PASS	COMPLETE_V2				1.4.5	Primitive provenance and response-coupled growth	Record/live update, backreaction channels and finite closure	Introduced after C005, C009, M004; registered hard handoff(s): supplies_state_schema, supplies_step_codomain, supplies_recurrent_map.	031 · T002	031_T002__recurrent_state_closure_theorem	derivation/paper/main/sections/01_primitive_provenance_and_response_coupled_growth/04_record_live_update_backreaction_channels_and_finite_closure/031_T002__recurrent_state_closure_theorem	derivation/supplement/sections/01_primitive_provenance_and_response_coupled_growth/04_record_live_update_backreaction_channels_and_finite_closure/031_T002__recurrent_state_closure_theorem	derivation/paper/main/sections/01_primitive_provenance_and_response_coupled_growth/04_record_live_update_backreaction_channels_and_finite_closure/031_T002__recurrent_state_closure_theorem/SECTION.tex	derivation/supplement/sections/01_primitive_provenance_and_response_coupled_growth/04_record_live_update_backreaction_channels_and_finite_closure/031_T002__recurrent_state_closure_theorem/DOCUMENTATION.md	DOCUMENTED	DOCUMENTED
032	T003	1.4.6	20	32	SEC-01	growth	Provenance-label equivariance and no hard-coded rank-bias theorem	CORE_REQUIRED_MISSING	MAIN_THEOREM	At fixed transported event history, relabeling sibling slots gives an isomorphic result; numeric slot/rank labels inject no independent force or asymmetry. Sequential differences may arise only through the measured response history.	MISSING_CONSTRUCTION			C008;C018;M003;M004	CONSTRUCTION_MISSING_NO_CURRENT_EVIDENCE			MISSING_CONSTRUCTION_OR_THEOREM	PROOF		ONE_REUSABLE_FALSIFIABLE_GATE	D2	PROOF_THEOREM_OWNER_OBSTRUCTION_OR_QUARANTINE_ROLE	THEOREM_AND_PROOF_OVERVIEW	FULL_PROOF_DOSSIER	position_in_derivation|formal_statement|hypotheses|introduction_reason|proof_strategy|lemma_chain|formal_realization|counterexamples_or_necessity_checks|axiom_profile|result|remaining_limits|downstream_handoff|code_line_register	NOT_REQUIRED_PROOF_NODE	PLANNED	NEGATIVE_CONTROL_COUNTEREXAMPLE_OR_HYPOTHESIS_NECESSITY	NOT_STARTED	NOT_STARTED				1.4.6	Primitive provenance and response-coupled growth	Record/live update, backreaction channels and finite closure	Introduced after C018, M003, M004, C008; registered hard handoff(s): supplies_label_order_contract, supplies_response_only_steering, supplies_no_hardcoded_rank_bias_birth_law, supplies_update_equivariance.	032 · T003	032_T003__provenance_label_equivariance_and_no_hard_coded_rank_bias_theorem	derivation/paper/main/sections/01_primitive_provenance_and_response_coupled_growth/04_record_live_update_backreaction_channels_and_finite_closure/032_T003__provenance_label_equivariance_and_no_hard_coded_rank_bias_theorem	derivation/supplement/sections/01_primitive_provenance_and_response_coupled_growth/04_record_live_update_backreaction_channels_and_finite_closure/032_T003__provenance_label_equivariance_and_no_hard_coded_rank_bias_theorem	derivation/paper/main/sections/01_primitive_provenance_and_response_coupled_growth/04_record_live_update_backreaction_channels_and_finite_closure/032_T003__provenance_label_equivariance_and_no_hard_coded_rank_bias_theorem/SECTION.tex	derivation/supplement/sections/01_primitive_provenance_and_response_coupled_growth/04_record_live_update_backreaction_channels_and_finite_closure/032_T003__provenance_label_equivariance_and_no_hard_coded_rank_bias_theorem/DOCUMENTATION.md	PLANNED	PLANNED
033	C010	1.5.1	20	33	SEC-01	time	Provenance event index τₙ	CORE_DEFINED	MAIN_FULL	Discrete event-order label determined by the canonical schedule; not the response-derived physical time.	DERIVED_FROM_SOLL			C009;C018	NO_CURRENT_EVIDENCE			NONE	CONSTRUCTION		LOCAL_LEMMAS_INTERNAL	D0	EXPLICIT_ATOMIC_OR_DEFINITIONAL_OVERRIDE	COMPACT_DEFINITION	TRACEABLE_DEFINITION	position_in_derivation|definition_or_statement|introduction_reason|construction_or_encoding|boundary_case_or_countercheck|result|downstream_handoff|code_anchors	PLANNED	PLANNED	ONE_DEFINITIONAL_BOUNDARY_OR_TYPE_REJECTION	NOT_STARTED	NOT_STARTED				1.5.1	Primitive provenance and response-coupled growth	Event order, response order and finite completion	Introduced after C009, C018; registered hard handoff(s): records_event_index, assigns_event_index.	033 · C010	033_C010__provenance_event_index	derivation/paper/main/sections/01_primitive_provenance_and_response_coupled_growth/05_event_order_response_order_and_finite_completion/033_C010__provenance_event_index	derivation/supplement/sections/01_primitive_provenance_and_response_coupled_growth/05_event_order_response_order_and_finite_completion/033_C010__provenance_event_index	derivation/paper/main/sections/01_primitive_provenance_and_response_coupled_growth/05_event_order_response_order_and_finite_completion/033_C010__provenance_event_index/SECTION.tex	derivation/supplement/sections/01_primitive_provenance_and_response_coupled_growth/05_event_order_response_order_and_finite_completion/033_C010__provenance_event_index/DOCUMENTATION.md	PLANNED	PLANNED
034	N002	1.5.2	20	34	SEC-01	time	Response-time origin T₁=0	FIXED_NORMALIZATION	MAIN_MENTION	Fix the additive origin of cumulative response-derived time by T₁=0. This adds no physical parameter.	FIXED_NORMALIZATION				NOT_APPLICABLE_OR_CONVENTION			NONE	CONSTRUCTION		LOCAL_LEMMAS_INTERNAL	D0	EXPLICIT_ATOMIC_OR_DEFINITIONAL_OVERRIDE	COMPACT_DEFINITION	TRACEABLE_DEFINITION	position_in_derivation|definition_or_statement|introduction_reason|construction_or_encoding|boundary_case_or_countercheck|result|downstream_handoff|code_anchors	PLANNED	PLANNED	ONE_DEFINITIONAL_BOUNDARY_OR_TYPE_REJECTION	NOT_STARTED	NOT_STARTED				1.5.2	Primitive provenance and response-coupled growth	Event order, response order and finite completion	Response-time origin introduced only after event and lapse notions exist.	034 · N002	034_N002__response_time_origin_t_0	derivation/paper/main/sections/01_primitive_provenance_and_response_coupled_growth/05_event_order_response_order_and_finite_completion/034_N002__response_time_origin_t_0	derivation/supplement/sections/01_primitive_provenance_and_response_coupled_growth/05_event_order_response_order_and_finite_completion/034_N002__response_time_origin_t_0	derivation/paper/main/sections/01_primitive_provenance_and_response_coupled_growth/05_event_order_response_order_and_finite_completion/034_N002__response_time_origin_t_0/SECTION.tex	derivation/supplement/sections/01_primitive_provenance_and_response_coupled_growth/05_event_order_response_order_and_finite_completion/034_N002__response_time_origin_t_0/DOCUMENTATION.md	PLANNED	PLANNED
035	C011	1.5.3	20	35	SEC-01	time	Response-derived birth lapse ℓₙ₊₁	CORE_BLOCKED	MAIN_FULL	Physical birth interval/weight determined by the response of the existing network.	BLOCKED_DERIVATION			M004	BLOCKED_NO_CURRENT_EVIDENCE			BLOCKED_DERIVED_NODE	CONSTRUCTION		LOCAL_LEMMAS_INTERNAL	D1	STRUCTURAL_CONSTRUCTION_ROLE	STRUCTURAL_EXPLANATION	DETAILED_CONSTRUCTION_DOSSIER	position_in_derivation|mathematical_contract|introduction_reason|explicit_construction|invariants|canonicity_or_uniqueness|boundary_cases|python_lean_cross_layer|countercheck|result|downstream_handoff|code_anchors	PLANNED	PLANNED	INVARIANT_EDGE_CASE_AND_CROSS_LAYER_CHECK	NOT_STARTED	NOT_STARTED				1.5.3	Primitive provenance and response-coupled growth	Event order, response order and finite completion	Introduced after M004; registered hard handoff(s): produces_response_lapse.	035 · C011	035_C011__response_derived_birth_lapse	derivation/paper/main/sections/01_primitive_provenance_and_response_coupled_growth/05_event_order_response_order_and_finite_completion/035_C011__response_derived_birth_lapse	derivation/supplement/sections/01_primitive_provenance_and_response_coupled_growth/05_event_order_response_order_and_finite_completion/035_C011__response_derived_birth_lapse	derivation/paper/main/sections/01_primitive_provenance_and_response_coupled_growth/05_event_order_response_order_and_finite_completion/035_C011__response_derived_birth_lapse/SECTION.tex	derivation/supplement/sections/01_primitive_provenance_and_response_coupled_growth/05_event_order_response_order_and_finite_completion/035_C011__response_derived_birth_lapse/DOCUMENTATION.md	PLANNED	PLANNED
036	C012	1.5.4	21	36	SEC-01	time	Cumulative response-derived birth time Tₙ	CORE_BLOCKED	MAIN_FULL	With fixed origin T₁=0, recurrent births satisfy Tₙ₊₁=Tₙ+ℓₙ₊₁; distinct from τₙ.	BLOCKED_DERIVATION			C011;N002	BLOCKED_NO_CURRENT_EVIDENCE			BLOCKED_DERIVED_NODE	CONSTRUCTION		LOCAL_LEMMAS_INTERNAL	D1	STRUCTURAL_CONSTRUCTION_ROLE	STRUCTURAL_EXPLANATION	DETAILED_CONSTRUCTION_DOSSIER	position_in_derivation|mathematical_contract|introduction_reason|explicit_construction|invariants|canonicity_or_uniqueness|boundary_cases|python_lean_cross_layer|countercheck|result|downstream_handoff|code_anchors	PLANNED	PLANNED	INVARIANT_EDGE_CASE_AND_CROSS_LAYER_CHECK	NOT_STARTED	NOT_STARTED				1.5.4	Primitive provenance and response-coupled growth	Event order, response order and finite completion	Introduced after C011, N002; registered hard handoff(s): accumulates_response_time, fixes_additive_time_origin.	036 · C012	036_C012__cumulative_response_derived_birth_time_t	derivation/paper/main/sections/01_primitive_provenance_and_response_coupled_growth/05_event_order_response_order_and_finite_completion/036_C012__cumulative_response_derived_birth_time_t	derivation/supplement/sections/01_primitive_provenance_and_response_coupled_growth/05_event_order_response_order_and_finite_completion/036_C012__cumulative_response_derived_birth_time_t	derivation/paper/main/sections/01_primitive_provenance_and_response_coupled_growth/05_event_order_response_order_and_finite_completion/036_C012__cumulative_response_derived_birth_time_t/SECTION.tex	derivation/supplement/sections/01_primitive_provenance_and_response_coupled_growth/05_event_order_response_order_and_finite_completion/036_C012__cumulative_response_derived_birth_time_t/DOCUMENTATION.md	PLANNED	PLANNED
037	C019	1.5.5	22	37	SEC-01	growth	Completed finite response-grown carrier X^(b,L)	CORE_BLOCKED	MAIN_FULL	Iterate the unique recurrent step in the canonical schedule from X₁ until every address of depth ≤L is born; this is the Section-1 finite carrier handed to later sections.	LEGACY_SOURCE_ANCHOR_PENDING_LIFT			C010;C012;C014;C018;I002;T002;T003;P004;P005;P006	BLOCKED_NO_CURRENT_EVIDENCE			BLOCKED_DERIVED_NODE	PROOF_OWNER		AGGREGATES_EXPLICIT_PROOF_GATES	D2	PROOF_THEOREM_OWNER_OBSTRUCTION_OR_QUARANTINE_ROLE	THEOREM_AND_PROOF_OVERVIEW	FULL_PROOF_DOSSIER	position_in_derivation|formal_statement|hypotheses|introduction_reason|proof_strategy|lemma_chain|formal_realization|counterexamples_or_necessity_checks|axiom_profile|result|remaining_limits|downstream_handoff|code_line_register	PLANNED	PLANNED	NEGATIVE_CONTROL_COUNTEREXAMPLE_OR_HYPOTHESIS_NECESSITY	NOT_STARTED	NOT_STARTED				1.5.5	Primitive provenance and response-coupled growth	Event order, response order and finite completion	Introduced after C014, T002, T003, C018, I002, C010, C012; registered hard handoff(s): supplies_finite_iteration_base_case, certifies_iterability, certifies_no_hardcoded_label_bias, orders_finite_iteration, sets_completion_depth, labels_completed_event_history, labels_completed_response_time_history.	037 · C019	037_C019__completed_finite_response_grown_carrier_x_b_l	derivation/paper/main/sections/01_primitive_provenance_and_response_coupled_growth/05_event_order_response_order_and_finite_completion/037_C019__completed_finite_response_grown_carrier_x_b_l	derivation/supplement/sections/01_primitive_provenance_and_response_coupled_growth/05_event_order_response_order_and_finite_completion/037_C019__completed_finite_response_grown_carrier_x_b_l	derivation/paper/main/sections/01_primitive_provenance_and_response_coupled_growth/05_event_order_response_order_and_finite_completion/037_C019__completed_finite_response_grown_carrier_x_b_l/SECTION.tex	derivation/supplement/sections/01_primitive_provenance_and_response_coupled_growth/05_event_order_response_order_and_finite_completion/037_C019__completed_finite_response_grown_carrier_x_b_l/DOCUMENTATION.md	PLANNED	PLANNED
038	P004	1.5.5.1	22	38	SEC-01	growth	Finite schedule exhaustivity and termination	CORE_REQUIRES_PROOF	MAIN_FULL	Prove that the bounded canonical schedule enumerates every address of depth at most L exactly once and terminates after the finite carrier cardinality.	ARCHITECTURAL_PROOF_DECOMPOSITION			I001;I002;C003;C018;P002	PROOF_REQUIRED_NO_CURRENT_EVIDENCE			PROOF_OBLIGATION	PROOF	C019	ONE_REUSABLE_FALSIFIABLE_GATE	D2	PROOF_THEOREM_OWNER_OBSTRUCTION_OR_QUARANTINE_ROLE	THEOREM_AND_PROOF_OVERVIEW	FULL_PROOF_DOSSIER	position_in_derivation|formal_statement|hypotheses|introduction_reason|proof_strategy|lemma_chain|formal_realization|counterexamples_or_necessity_checks|axiom_profile|result|remaining_limits|downstream_handoff|code_line_register	NOT_REQUIRED_PROOF_NODE	PLANNED	NEGATIVE_CONTROL_COUNTEREXAMPLE_OR_HYPOTHESIS_NECESSITY	NOT_STARTED	NOT_STARTED				1.5.5.1	Primitive provenance and response-coupled growth	Event order, response order and finite completion	Introduced after I001, I002, C003, C018, P002; registered hard handoff(s): supports_p004, supports_p004, supports_p004, supports_p004, supports_p004.	038 · P004	038_P004__finite_schedule_exhaustivity_and_termination	derivation/paper/main/sections/01_primitive_provenance_and_response_coupled_growth/05_event_order_response_order_and_finite_completion/037_C019__completed_finite_response_grown_carrier_x_b_l/038_P004__finite_schedule_exhaustivity_and_termination	derivation/supplement/sections/01_primitive_provenance_and_response_coupled_growth/05_event_order_response_order_and_finite_completion/037_C019__completed_finite_response_grown_carrier_x_b_l/038_P004__finite_schedule_exhaustivity_and_termination	derivation/paper/main/sections/01_primitive_provenance_and_response_coupled_growth/05_event_order_response_order_and_finite_completion/037_C019__completed_finite_response_grown_carrier_x_b_l/038_P004__finite_schedule_exhaustivity_and_termination/SECTION.tex	derivation/supplement/sections/01_primitive_provenance_and_response_coupled_growth/05_event_order_response_order_and_finite_completion/037_C019__completed_finite_response_grown_carrier_x_b_l/038_P004__finite_schedule_exhaustivity_and_termination/DOCUMENTATION.md	PLANNED	PLANNED
039	P005	1.5.5.2	23	39	SEC-01	growth	Iterated recurrent growth existence and uniqueness	CORE_REQUIRES_PROOF	MAIN_FULL	Lift the one-step recurrent closure to existence and uniqueness of the entire finite response-grown iteration along the canonical schedule.	ARCHITECTURAL_PROOF_DECOMPOSITION			C014;T002;T003;P004	PROOF_REQUIRED_NO_CURRENT_EVIDENCE			PROOF_OBLIGATION	PROOF	C019	ONE_REUSABLE_FALSIFIABLE_GATE	D2	PROOF_THEOREM_OWNER_OBSTRUCTION_OR_QUARANTINE_ROLE	THEOREM_AND_PROOF_OVERVIEW	FULL_PROOF_DOSSIER	position_in_derivation|formal_statement|hypotheses|introduction_reason|proof_strategy|lemma_chain|formal_realization|counterexamples_or_necessity_checks|axiom_profile|result|remaining_limits|downstream_handoff|code_line_register	NOT_REQUIRED_PROOF_NODE	PLANNED	NEGATIVE_CONTROL_COUNTEREXAMPLE_OR_HYPOTHESIS_NECESSITY	NOT_STARTED	NOT_STARTED				1.5.5.2	Primitive provenance and response-coupled growth	Event order, response order and finite completion	Introduced after C014, T002, T003, P004; registered hard handoff(s): supports_p005, supports_p005, supports_p005, supports_p005.	039 · P005	039_P005__iterated_recurrent_growth_existence_and_uniqueness	derivation/paper/main/sections/01_primitive_provenance_and_response_coupled_growth/05_event_order_response_order_and_finite_completion/037_C019__completed_finite_response_grown_carrier_x_b_l/039_P005__iterated_recurrent_growth_existence_and_uniqueness	derivation/supplement/sections/01_primitive_provenance_and_response_coupled_growth/05_event_order_response_order_and_finite_completion/037_C019__completed_finite_response_grown_carrier_x_b_l/039_P005__iterated_recurrent_growth_existence_and_uniqueness	derivation/paper/main/sections/01_primitive_provenance_and_response_coupled_growth/05_event_order_response_order_and_finite_completion/037_C019__completed_finite_response_grown_carrier_x_b_l/039_P005__iterated_recurrent_growth_existence_and_uniqueness/SECTION.tex	derivation/supplement/sections/01_primitive_provenance_and_response_coupled_growth/05_event_order_response_order_and_finite_completion/037_C019__completed_finite_response_grown_carrier_x_b_l/039_P005__iterated_recurrent_growth_existence_and_uniqueness/DOCUMENTATION.md	PLANNED	PLANNED
040	P006	1.5.5.3	24	40	SEC-01	growth	Completed event, lapse, and response-time history coherence	CORE_REQUIRES_PROOF	MAIN_FULL	Prove that the completed carrier carries one coherent event-index history and one coherent cumulative response-time history aligned with the same births.	ARCHITECTURAL_PROOF_DECOMPOSITION			C010;C011;C012;P005	PROOF_REQUIRED_NO_CURRENT_EVIDENCE			PROOF_OBLIGATION	PROOF	C019	ONE_REUSABLE_FALSIFIABLE_GATE	D2	PROOF_THEOREM_OWNER_OBSTRUCTION_OR_QUARANTINE_ROLE	THEOREM_AND_PROOF_OVERVIEW	FULL_PROOF_DOSSIER	position_in_derivation|formal_statement|hypotheses|introduction_reason|proof_strategy|lemma_chain|formal_realization|counterexamples_or_necessity_checks|axiom_profile|result|remaining_limits|downstream_handoff|code_line_register	NOT_REQUIRED_PROOF_NODE	PLANNED	NEGATIVE_CONTROL_COUNTEREXAMPLE_OR_HYPOTHESIS_NECESSITY	NOT_STARTED	NOT_STARTED				1.5.5.3	Primitive provenance and response-coupled growth	Event order, response order and finite completion	Introduced after C010, C011, C012, P005; registered hard handoff(s): supports_p006, supports_p006, supports_p006, supports_p006.	040 · P006	040_P006__completed_event_lapse_and_response_time_history_coherence	derivation/paper/main/sections/01_primitive_provenance_and_response_coupled_growth/05_event_order_response_order_and_finite_completion/037_C019__completed_finite_response_grown_carrier_x_b_l/040_P006__completed_event_lapse_and_response_time_history_coherence	derivation/supplement/sections/01_primitive_provenance_and_response_coupled_growth/05_event_order_response_order_and_finite_completion/037_C019__completed_finite_response_grown_carrier_x_b_l/040_P006__completed_event_lapse_and_response_time_history_coherence	derivation/paper/main/sections/01_primitive_provenance_and_response_coupled_growth/05_event_order_response_order_and_finite_completion/037_C019__completed_finite_response_grown_carrier_x_b_l/040_P006__completed_event_lapse_and_response_time_history_coherence/SECTION.tex	derivation/supplement/sections/01_primitive_provenance_and_response_coupled_growth/05_event_order_response_order_and_finite_completion/037_C019__completed_finite_response_grown_carrier_x_b_l/040_P006__completed_event_lapse_and_response_time_history_coherence/DOCUMENTATION.md	PLANNED	PLANNED
041	O002	1.6.1	24	41	SEC-01	obstruction	IST post-hoc sym-control obstruction	IST_REFACTOR_BLOCKER	MAIN_BOUNDARY	Legacy symmetric-control code nulls the skew/current post hoc rather than implementing null steering at the growth law. It must be replaced by CTRL001; signed_current.py is diagnostic evidence only, not a normative basis.	IST_REFACTOR_BLOCKER				LEGACY_DIAGNOSTIC_OR_SOURCE_EVIDENCE_REFACTOR_REQUIRED			IST_REFACTOR_BLOCKER	PROOF		ONE_REUSABLE_FALSIFIABLE_GATE	D2	PROOF_THEOREM_OWNER_OBSTRUCTION_OR_QUARANTINE_ROLE	THEOREM_AND_PROOF_OVERVIEW	FULL_PROOF_DOSSIER	position_in_derivation|formal_statement|hypotheses|introduction_reason|proof_strategy|lemma_chain|formal_realization|counterexamples_or_necessity_checks|axiom_profile|result|remaining_limits|downstream_handoff|code_line_register	NOT_REQUIRED_PROOF_NODE	PLANNED	NEGATIVE_CONTROL_COUNTEREXAMPLE_OR_HYPOTHESIS_NECESSITY	NOT_STARTED	NOT_STARTED				1.6.1	Primitive provenance and response-coupled growth	Controls and excluded non-derived mechanisms	Post-hoc control obstruction introduced in the control section.	041 · O002	041_O002__ist_post_hoc_sym_control_obstruction	derivation/paper/main/sections/01_primitive_provenance_and_response_coupled_growth/06_controls_and_excluded_non_derived_mechanisms/041_O002__ist_post_hoc_sym_control_obstruction	derivation/supplement/sections/01_primitive_provenance_and_response_coupled_growth/06_controls_and_excluded_non_derived_mechanisms/041_O002__ist_post_hoc_sym_control_obstruction	derivation/paper/main/sections/01_primitive_provenance_and_response_coupled_growth/06_controls_and_excluded_non_derived_mechanisms/041_O002__ist_post_hoc_sym_control_obstruction/SECTION.tex	derivation/supplement/sections/01_primitive_provenance_and_response_coupled_growth/06_controls_and_excluded_non_derived_mechanisms/041_O002__ist_post_hoc_sym_control_obstruction/DOCUMENTATION.md	PLANNED	PLANNED
042	CTRL001	1.6.2	25	42	SUPP	control	Symmetric/null-steering control	CONTROL_ONLY	SUPPLEMENTARY_ONLY	Set Σ_b≡0 during growth. Not an alternative physical theory path.	CONTROL_ONLY			C007;O002	CONTROL_PENDING_IMPLEMENTATION			NONE	CONTROL		NONE	D0	EXPLICIT_ATOMIC_OR_DEFINITIONAL_OVERRIDE	COMPACT_DEFINITION	TRACEABLE_DEFINITION	position_in_derivation|definition_or_statement|introduction_reason|construction_or_encoding|boundary_case_or_countercheck|result|downstream_handoff|code_anchors	PLANNED	PLANNED	ONE_DEFINITIONAL_BOUNDARY_OR_TYPE_REJECTION	NOT_STARTED	NOT_STARTED				1.6.2	Primitive provenance and response-coupled growth	Controls and excluded non-derived mechanisms	Introduced after C007, O002; registered hard handoff(s): nulls_steering_during_growth, must_be_replaced_by_growth_level_nulling.	042 · CTRL001	042_CTRL001__symmetric_null_steering_control	derivation/paper/main/sections/01_primitive_provenance_and_response_coupled_growth/06_controls_and_excluded_non_derived_mechanisms/042_CTRL001__symmetric_null_steering_control	derivation/supplement/sections/01_primitive_provenance_and_response_coupled_growth/06_controls_and_excluded_non_derived_mechanisms/042_CTRL001__symmetric_null_steering_control	derivation/paper/main/sections/01_primitive_provenance_and_response_coupled_growth/06_controls_and_excluded_non_derived_mechanisms/042_CTRL001__symmetric_null_steering_control/SECTION.tex	derivation/supplement/sections/01_primitive_provenance_and_response_coupled_growth/06_controls_and_excluded_non_derived_mechanisms/042_CTRL001__symmetric_null_steering_control/DOCUMENTATION.md	PLANNED	PLANNED
043	CTRL002	1.6.3	26	43	SUPP	control	Null-control edge-indistinguishability theorem/test	CONTROL_ONLY	SUPPLEMENTARY_ONLY	With response steering disabled, edge weights are symmetric/indistinguishable apart from provenance labels and birth order.	CONTROL_ONLY			CTRL001	CONTROL_PENDING_IMPLEMENTATION			NONE	PROOF		ONE_REUSABLE_FALSIFIABLE_GATE	D2	PROOF_THEOREM_OWNER_OBSTRUCTION_OR_QUARANTINE_ROLE	THEOREM_AND_PROOF_OVERVIEW	FULL_PROOF_DOSSIER	position_in_derivation|formal_statement|hypotheses|introduction_reason|proof_strategy|lemma_chain|formal_realization|counterexamples_or_necessity_checks|axiom_profile|result|remaining_limits|downstream_handoff|code_line_register	NOT_REQUIRED_PROOF_NODE	PLANNED	NEGATIVE_CONTROL_COUNTEREXAMPLE_OR_HYPOTHESIS_NECESSITY	NOT_STARTED	NOT_STARTED				1.6.3	Primitive provenance and response-coupled growth	Controls and excluded non-derived mechanisms	Introduced after CTRL001; registered hard handoff(s): checks_null_indistinguishability.	043 · CTRL002	043_CTRL002__null_control_edge_indistinguishability_theorem_test	derivation/paper/main/sections/01_primitive_provenance_and_response_coupled_growth/06_controls_and_excluded_non_derived_mechanisms/043_CTRL002__null_control_edge_indistinguishability_theorem_test	derivation/supplement/sections/01_primitive_provenance_and_response_coupled_growth/06_controls_and_excluded_non_derived_mechanisms/043_CTRL002__null_control_edge_indistinguishability_theorem_test	derivation/paper/main/sections/01_primitive_provenance_and_response_coupled_growth/06_controls_and_excluded_non_derived_mechanisms/043_CTRL002__null_control_edge_indistinguishability_theorem_test/SECTION.tex	derivation/supplement/sections/01_primitive_provenance_and_response_coupled_growth/06_controls_and_excluded_non_derived_mechanisms/043_CTRL002__null_control_edge_indistinguishability_theorem_test/DOCUMENTATION.md	PLANNED	PLANNED
044	CTRL003	1.6.4	26	44	SUPP	control	Log response-mode robustness control	CONTROL_ONLY	SUPPLEMENTARY_ONLY	Parallel robustness control on the same response input; never part of main derivation.	CONTROL_ONLY			C007	CONTROL_PENDING_IMPLEMENTATION			NONE	CONTROL		NONE	D0	EXPLICIT_ATOMIC_OR_DEFINITIONAL_OVERRIDE	COMPACT_DEFINITION	TRACEABLE_DEFINITION	position_in_derivation|definition_or_statement|introduction_reason|construction_or_encoding|boundary_case_or_countercheck|result|downstream_handoff|code_anchors	PLANNED	PLANNED	ONE_DEFINITIONAL_BOUNDARY_OR_TYPE_REJECTION	NOT_STARTED	NOT_STARTED				1.6.4	Primitive provenance and response-coupled growth	Controls and excluded non-derived mechanisms	Introduced after C007; registered hard handoff(s): log_robustness_transform.	044 · CTRL003	044_CTRL003__log_response_mode_robustness_control	derivation/paper/main/sections/01_primitive_provenance_and_response_coupled_growth/06_controls_and_excluded_non_derived_mechanisms/044_CTRL003__log_response_mode_robustness_control	derivation/supplement/sections/01_primitive_provenance_and_response_coupled_growth/06_controls_and_excluded_non_derived_mechanisms/044_CTRL003__log_response_mode_robustness_control	derivation/paper/main/sections/01_primitive_provenance_and_response_coupled_growth/06_controls_and_excluded_non_derived_mechanisms/044_CTRL003__log_response_mode_robustness_control/SECTION.tex	derivation/supplement/sections/01_primitive_provenance_and_response_coupled_growth/06_controls_and_excluded_non_derived_mechanisms/044_CTRL003__log_response_mode_robustness_control/DOCUMENTATION.md	PLANNED	PLANNED
045	CTRL004	1.6.5	26	45	SUPP	control	Saturating response-mode robustness control	CONTROL_ONLY	SUPPLEMENTARY_ONLY	Parallel robustness control on the same response input; never part of main derivation.	CONTROL_ONLY			C007	CONTROL_PENDING_IMPLEMENTATION			NONE	CONTROL		NONE	D0	EXPLICIT_ATOMIC_OR_DEFINITIONAL_OVERRIDE	COMPACT_DEFINITION	TRACEABLE_DEFINITION	position_in_derivation|definition_or_statement|introduction_reason|construction_or_encoding|boundary_case_or_countercheck|result|downstream_handoff|code_anchors	PLANNED	PLANNED	ONE_DEFINITIONAL_BOUNDARY_OR_TYPE_REJECTION	NOT_STARTED	NOT_STARTED				1.6.5	Primitive provenance and response-coupled growth	Controls and excluded non-derived mechanisms	Introduced after C007; registered hard handoff(s): saturating_robustness_transform.	045 · CTRL004	045_CTRL004__saturating_response_mode_robustness_control	derivation/paper/main/sections/01_primitive_provenance_and_response_coupled_growth/06_controls_and_excluded_non_derived_mechanisms/045_CTRL004__saturating_response_mode_robustness_control	derivation/supplement/sections/01_primitive_provenance_and_response_coupled_growth/06_controls_and_excluded_non_derived_mechanisms/045_CTRL004__saturating_response_mode_robustness_control	derivation/paper/main/sections/01_primitive_provenance_and_response_coupled_growth/06_controls_and_excluded_non_derived_mechanisms/045_CTRL004__saturating_response_mode_robustness_control/SECTION.tex	derivation/supplement/sections/01_primitive_provenance_and_response_coupled_growth/06_controls_and_excluded_non_derived_mechanisms/045_CTRL004__saturating_response_mode_robustness_control/DOCUMENTATION.md	PLANNED	PLANNED
046	C020	2.1.1	26	46	SEC-02	response	General admissible boundary/interior cut family	CORE_REQUIRED_MISSING	MAIN_FULL	Mathematical cut class generalizing the birth-local cut without test-only max_regions/max_boundary/max_frontier choices.	LEGACY_SOURCE_ANCHOR_PENDING_LIFT			C019;M001;P007	CONSTRUCTION_MISSING_NO_CURRENT_EVIDENCE			MISSING_CONSTRUCTION_OR_THEOREM	PROOF_OWNER		AGGREGATES_EXPLICIT_PROOF_GATES	D2	PROOF_THEOREM_OWNER_OBSTRUCTION_OR_QUARANTINE_ROLE	THEOREM_AND_PROOF_OVERVIEW	FULL_PROOF_DOSSIER	position_in_derivation|formal_statement|hypotheses|introduction_reason|proof_strategy|lemma_chain|formal_realization|counterexamples_or_necessity_checks|axiom_profile|result|remaining_limits|downstream_handoff|code_line_register	PLANNED	PLANNED	NEGATIVE_CONTROL_COUNTEREXAMPLE_OR_HYPOTHESIS_NECESSITY	NOT_STARTED	NOT_STARTED	Cut-relative complement	NODEWISE_CURRENT_OR_PLANNED	GENERALIZED_OPEN_PROVENANCE_SYSTEMS -> CNNA_FINITE	2.1.1	Cut-relative complement elimination and effective response	General cuts, complement elimination and naturality	Introduced after M001, C019; registered hard handoff(s): generalizes_birth_cut, supplies_completed_finite_carrier.	046 · C020	046_C020__general_admissible_boundary_interior_cut_family	derivation/paper/main/sections/02_cut_relative_complement_elimination_and_effective_response/01_general_cuts_complement_elimination_and_naturality/046_C020__general_admissible_boundary_interior_cut_family	derivation/supplement/sections/02_cut_relative_complement_elimination_and_effective_response/01_general_cuts_complement_elimination_and_naturality/046_C020__general_admissible_boundary_interior_cut_family	derivation/paper/main/sections/02_cut_relative_complement_elimination_and_effective_response/01_general_cuts_complement_elimination_and_naturality/046_C020__general_admissible_boundary_interior_cut_family/SECTION.tex	derivation/supplement/sections/02_cut_relative_complement_elimination_and_effective_response/01_general_cuts_complement_elimination_and_naturality/046_C020__general_admissible_boundary_interior_cut_family/DOCUMENTATION.md	PLANNED	PLANNED
047	P007	2.1.1.1	26	47	SEC-02	response	General admissible-cut partition and canonicity	CORE_REQUIRES_PROOF	MAIN_FULL	Prove exact boundary/interior partition, ordering, finiteness, and selector canonicity for the general cut family without sampling caps.	ARCHITECTURAL_PROOF_DECOMPOSITION			C019;M001;P003;P005	PROOF_REQUIRED_NO_CURRENT_EVIDENCE			PROOF_OBLIGATION	PROOF	C020	ONE_REUSABLE_FALSIFIABLE_GATE	D2	PROOF_THEOREM_OWNER_OBSTRUCTION_OR_QUARANTINE_ROLE	THEOREM_AND_PROOF_OVERVIEW	FULL_PROOF_DOSSIER	position_in_derivation|formal_statement|hypotheses|introduction_reason|proof_strategy|lemma_chain|formal_realization|counterexamples_or_necessity_checks|axiom_profile|result|remaining_limits|downstream_handoff|code_line_register	NOT_REQUIRED_PROOF_NODE	PLANNED	NEGATIVE_CONTROL_COUNTEREXAMPLE_OR_HYPOTHESIS_NECESSITY	NOT_STARTED	NOT_STARTED				2.1.1.1	Cut-relative complement elimination and effective response	General cuts, complement elimination and naturality	Introduced after C019, M001, P003, P005; registered hard handoff(s): supports_p007, supports_p007, supports_p007, supports_p007.	047 · P007	047_P007__general_admissible_cut_partition_and_canonicity	derivation/paper/main/sections/02_cut_relative_complement_elimination_and_effective_response/01_general_cuts_complement_elimination_and_naturality/046_C020__general_admissible_boundary_interior_cut_family/047_P007__general_admissible_cut_partition_and_canonicity	derivation/supplement/sections/02_cut_relative_complement_elimination_and_effective_response/01_general_cuts_complement_elimination_and_naturality/046_C020__general_admissible_boundary_interior_cut_family/047_P007__general_admissible_cut_partition_and_canonicity	derivation/paper/main/sections/02_cut_relative_complement_elimination_and_effective_response/01_general_cuts_complement_elimination_and_naturality/046_C020__general_admissible_boundary_interior_cut_family/047_P007__general_admissible_cut_partition_and_canonicity/SECTION.tex	derivation/supplement/sections/02_cut_relative_complement_elimination_and_effective_response/01_general_cuts_complement_elimination_and_naturality/046_C020__general_admissible_boundary_interior_cut_family/047_P007__general_admissible_cut_partition_and_canonicity/DOCUMENTATION.md	PLANNED	PLANNED
048	C021	2.1.2	27	48	SEC-02	response	General directed Schur/DtN response	CORE_REQUIRES_PROOF	MAIN_FULL	General effective boundary response for admissible cuts; algebraic formula exists, theorem domain must be stated exactly.	LEGACY_SOURCE_ANCHOR_PENDING_LIFT			C006;C020;P008;P009;P010	PROOF_REQUIRED_NO_CURRENT_EVIDENCE			PROOF_OBLIGATION	PROOF_OWNER		AGGREGATES_EXPLICIT_PROOF_GATES	D2	PROOF_THEOREM_OWNER_OBSTRUCTION_OR_QUARANTINE_ROLE	THEOREM_AND_PROOF_OVERVIEW	FULL_PROOF_DOSSIER	position_in_derivation|formal_statement|hypotheses|introduction_reason|proof_strategy|lemma_chain|formal_realization|counterexamples_or_necessity_checks|axiom_profile|result|remaining_limits|downstream_handoff|code_line_register	PLANNED	PLANNED	NEGATIVE_CONTROL_COUNTEREXAMPLE_OR_HYPOTHESIS_NECESSITY	NOT_STARTED	NOT_STARTED	Effective complement elimination	NODEWISE_CURRENT_OR_PLANNED	GENERALIZED_OPEN_PROVENANCE_SYSTEMS -> CNNA_FINITE	2.1.2	Cut-relative complement elimination and effective response	General cuts, complement elimination and naturality	Introduced after C006, C020, P001; registered hard handoff(s): generalizes_schur_response, defines_response_domain, provides_reusable_cut_solve_response_proof_architecture.	048 · C021	048_C021__general_directed_schur_dtn_response	derivation/paper/main/sections/02_cut_relative_complement_elimination_and_effective_response/01_general_cuts_complement_elimination_and_naturality/048_C021__general_directed_schur_dtn_response	derivation/supplement/sections/02_cut_relative_complement_elimination_and_effective_response/01_general_cuts_complement_elimination_and_naturality/048_C021__general_directed_schur_dtn_response	derivation/paper/main/sections/02_cut_relative_complement_elimination_and_effective_response/01_general_cuts_complement_elimination_and_naturality/048_C021__general_directed_schur_dtn_response/SECTION.tex	derivation/supplement/sections/02_cut_relative_complement_elimination_and_effective_response/01_general_cuts_complement_elimination_and_naturality/048_C021__general_directed_schur_dtn_response/DOCUMENTATION.md	PLANNED	PLANNED
049	P008	2.1.2.1	27	49	SEC-02	response	General interior-solve existence and uniqueness	CORE_REQUIRES_PROOF	MAIN_FULL	Prove the exact solve domain and constructive existence/uniqueness of the admitted interior problem for every general directed cut.	ARCHITECTURAL_PROOF_DECOMPOSITION			C006;C020;P001;P007	PROOF_REQUIRED_NO_CURRENT_EVIDENCE			PROOF_OBLIGATION	PROOF	C021	ONE_REUSABLE_FALSIFIABLE_GATE	D2	PROOF_THEOREM_OWNER_OBSTRUCTION_OR_QUARANTINE_ROLE	THEOREM_AND_PROOF_OVERVIEW	FULL_PROOF_DOSSIER	position_in_derivation|formal_statement|hypotheses|introduction_reason|proof_strategy|lemma_chain|formal_realization|counterexamples_or_necessity_checks|axiom_profile|result|remaining_limits|downstream_handoff|code_line_register	NOT_REQUIRED_PROOF_NODE	PLANNED	NEGATIVE_CONTROL_COUNTEREXAMPLE_OR_HYPOTHESIS_NECESSITY	NOT_STARTED	NOT_STARTED				2.1.2.1	Cut-relative complement elimination and effective response	General cuts, complement elimination and naturality	Introduced after C006, C020, P001, P007; registered hard handoff(s): supports_p008, supports_p008, supports_p008, supports_p008.	049 · P008	049_P008__general_interior_solve_existence_and_uniqueness	derivation/paper/main/sections/02_cut_relative_complement_elimination_and_effective_response/01_general_cuts_complement_elimination_and_naturality/048_C021__general_directed_schur_dtn_response/049_P008__general_interior_solve_existence_and_uniqueness	derivation/supplement/sections/02_cut_relative_complement_elimination_and_effective_response/01_general_cuts_complement_elimination_and_naturality/048_C021__general_directed_schur_dtn_response/049_P008__general_interior_solve_existence_and_uniqueness	derivation/paper/main/sections/02_cut_relative_complement_elimination_and_effective_response/01_general_cuts_complement_elimination_and_naturality/048_C021__general_directed_schur_dtn_response/049_P008__general_interior_solve_existence_and_uniqueness/SECTION.tex	derivation/supplement/sections/02_cut_relative_complement_elimination_and_effective_response/01_general_cuts_complement_elimination_and_naturality/048_C021__general_directed_schur_dtn_response/049_P008__general_interior_solve_existence_and_uniqueness/DOCUMENTATION.md	PLANNED	PLANNED
050	P009	2.1.2.2	28	50	SEC-02	response	General Schur/DtN response well-definedness	CORE_REQUIRES_PROOF	MAIN_FULL	Prove representative, coordinate, basis-order, and solve-witness independence of the effective boundary response.	ARCHITECTURAL_PROOF_DECOMPOSITION			C006;C020;P008	PROOF_REQUIRED_NO_CURRENT_EVIDENCE			PROOF_OBLIGATION	PROOF	C021	ONE_REUSABLE_FALSIFIABLE_GATE	D2	PROOF_THEOREM_OWNER_OBSTRUCTION_OR_QUARANTINE_ROLE	THEOREM_AND_PROOF_OVERVIEW	FULL_PROOF_DOSSIER	position_in_derivation|formal_statement|hypotheses|introduction_reason|proof_strategy|lemma_chain|formal_realization|counterexamples_or_necessity_checks|axiom_profile|result|remaining_limits|downstream_handoff|code_line_register	NOT_REQUIRED_PROOF_NODE	PLANNED	NEGATIVE_CONTROL_COUNTEREXAMPLE_OR_HYPOTHESIS_NECESSITY	NOT_STARTED	NOT_STARTED				2.1.2.2	Cut-relative complement elimination and effective response	General cuts, complement elimination and naturality	Introduced after C006, C020, P008; registered hard handoff(s): supports_p009, supports_p009, supports_p009.	050 · P009	050_P009__general_schur_dtn_response_well_definedness	derivation/paper/main/sections/02_cut_relative_complement_elimination_and_effective_response/01_general_cuts_complement_elimination_and_naturality/048_C021__general_directed_schur_dtn_response/050_P009__general_schur_dtn_response_well_definedness	derivation/supplement/sections/02_cut_relative_complement_elimination_and_effective_response/01_general_cuts_complement_elimination_and_naturality/048_C021__general_directed_schur_dtn_response/050_P009__general_schur_dtn_response_well_definedness	derivation/paper/main/sections/02_cut_relative_complement_elimination_and_effective_response/01_general_cuts_complement_elimination_and_naturality/048_C021__general_directed_schur_dtn_response/050_P009__general_schur_dtn_response_well_definedness/SECTION.tex	derivation/supplement/sections/02_cut_relative_complement_elimination_and_effective_response/01_general_cuts_complement_elimination_and_naturality/048_C021__general_directed_schur_dtn_response/050_P009__general_schur_dtn_response_well_definedness/DOCUMENTATION.md	PLANNED	PLANNED
051	P010	2.1.2.3	29	51	SEC-02	response	Directed Kron structural and positivity preservation	CORE_REQUIRES_PROOF	MAIN_FULL	Prove preservation of the admitted loopless directed-Laplacian structure and the required strict distinguished-port positivity under general elimination.	ARCHITECTURAL_PROOF_DECOMPOSITION			C020;P001;P008;P009	PROOF_REQUIRED_NO_CURRENT_EVIDENCE			PROOF_OBLIGATION	PROOF	C021	ONE_REUSABLE_FALSIFIABLE_GATE	D2	PROOF_THEOREM_OWNER_OBSTRUCTION_OR_QUARANTINE_ROLE	THEOREM_AND_PROOF_OVERVIEW	FULL_PROOF_DOSSIER	position_in_derivation|formal_statement|hypotheses|introduction_reason|proof_strategy|lemma_chain|formal_realization|counterexamples_or_necessity_checks|axiom_profile|result|remaining_limits|downstream_handoff|code_line_register	NOT_REQUIRED_PROOF_NODE	PLANNED	NEGATIVE_CONTROL_COUNTEREXAMPLE_OR_HYPOTHESIS_NECESSITY	NOT_STARTED	NOT_STARTED				2.1.2.3	Cut-relative complement elimination and effective response	General cuts, complement elimination and naturality	Introduced after C020, P001, P008, P009; registered hard handoff(s): supports_p010, supports_p010, supports_p010, supports_p010.	051 · P010	051_P010__directed_kron_structural_and_positivity_preservation	derivation/paper/main/sections/02_cut_relative_complement_elimination_and_effective_response/01_general_cuts_complement_elimination_and_naturality/048_C021__general_directed_schur_dtn_response/051_P010__directed_kron_structural_and_positivity_preservation	derivation/supplement/sections/02_cut_relative_complement_elimination_and_effective_response/01_general_cuts_complement_elimination_and_naturality/048_C021__general_directed_schur_dtn_response/051_P010__directed_kron_structural_and_positivity_preservation	derivation/paper/main/sections/02_cut_relative_complement_elimination_and_effective_response/01_general_cuts_complement_elimination_and_naturality/048_C021__general_directed_schur_dtn_response/051_P010__directed_kron_structural_and_positivity_preservation/SECTION.tex	derivation/supplement/sections/02_cut_relative_complement_elimination_and_effective_response/01_general_cuts_complement_elimination_and_naturality/048_C021__general_directed_schur_dtn_response/051_P010__directed_kron_structural_and_positivity_preservation/DOCUMENTATION.md	PLANNED	PLANNED
052	C022	2.1.3	29	52	SEC-02	response	Schur nesting/common-ambient naturality	CORE_REQUIRES_PROOF	MAIN_THEOREM	Compatibility of elimination under nested cuts and common-ambient comparison.	LEGACY_SOURCE_ANCHOR_PENDING_LIFT			C021	PROOF_REQUIRED_NO_CURRENT_EVIDENCE			PROOF_OBLIGATION	PROOF		ONE_REUSABLE_FALSIFIABLE_GATE	D2	PROOF_THEOREM_OWNER_OBSTRUCTION_OR_QUARANTINE_ROLE	THEOREM_AND_PROOF_OVERVIEW	FULL_PROOF_DOSSIER	position_in_derivation|formal_statement|hypotheses|introduction_reason|proof_strategy|lemma_chain|formal_realization|counterexamples_or_necessity_checks|axiom_profile|result|remaining_limits|downstream_handoff|code_line_register	NOT_REQUIRED_PROOF_NODE	PLANNED	NEGATIVE_CONTROL_COUNTEREXAMPLE_OR_HYPOTHESIS_NECESSITY	NOT_STARTED	NOT_STARTED	Cut-relative complement	NODEWISE_CURRENT_OR_PLANNED	GENERALIZED_OPEN_PROVENANCE_SYSTEMS -> CNNA_FINITE	2.1.3	Cut-relative complement elimination and effective response	General cuts, complement elimination and naturality	Introduced after C021; registered hard handoff(s): schur_naturality.	052 · C022	052_C022__schur_nesting_common_ambient_naturality	derivation/paper/main/sections/02_cut_relative_complement_elimination_and_effective_response/01_general_cuts_complement_elimination_and_naturality/052_C022__schur_nesting_common_ambient_naturality	derivation/supplement/sections/02_cut_relative_complement_elimination_and_effective_response/01_general_cuts_complement_elimination_and_naturality/052_C022__schur_nesting_common_ambient_naturality	derivation/paper/main/sections/02_cut_relative_complement_elimination_and_effective_response/01_general_cuts_complement_elimination_and_naturality/052_C022__schur_nesting_common_ambient_naturality/SECTION.tex	derivation/supplement/sections/02_cut_relative_complement_elimination_and_effective_response/01_general_cuts_complement_elimination_and_naturality/052_C022__schur_nesting_common_ambient_naturality/DOCUMENTATION.md	PLANNED	PLANNED
053	C023	2.2.1	29	53	SEC-02	response	Symmetric/skew response split S,A	CORE_DEFINED	MAIN_FULL	S=(Λ+Λᵀ)/2 and A=(Λ-Λᵀ)/2.	LEGACY_SOURCE_ANCHOR_PENDING_LIFT			C021	NO_CURRENT_EVIDENCE			NONE	CONSTRUCTION		LOCAL_LEMMAS_INTERNAL	D0	EXPLICIT_ATOMIC_OR_DEFINITIONAL_OVERRIDE	COMPACT_DEFINITION	TRACEABLE_DEFINITION	position_in_derivation|definition_or_statement|introduction_reason|construction_or_encoding|boundary_case_or_countercheck|result|downstream_handoff|code_anchors	PLANNED	PLANNED	ONE_DEFINITIONAL_BOUNDARY_OR_TYPE_REJECTION	NOT_STARTED	NOT_STARTED				2.2.1	Cut-relative complement elimination and effective response	Record/live response split and backreaction	Introduced after C021; registered hard handoff(s): decomposes_response.	053 · C023	053_C023__symmetric_skew_response_split_s_a	derivation/paper/main/sections/02_cut_relative_complement_elimination_and_effective_response/02_record_live_response_split_and_backreaction/053_C023__symmetric_skew_response_split_s_a	derivation/supplement/sections/02_cut_relative_complement_elimination_and_effective_response/02_record_live_response_split_and_backreaction/053_C023__symmetric_skew_response_split_s_a	derivation/paper/main/sections/02_cut_relative_complement_elimination_and_effective_response/02_record_live_response_split_and_backreaction/053_C023__symmetric_skew_response_split_s_a/SECTION.tex	derivation/supplement/sections/02_cut_relative_complement_elimination_and_effective_response/02_record_live_response_split_and_backreaction/053_C023__symmetric_skew_response_split_s_a/DOCUMENTATION.md	PLANNED	PLANNED
054	C024	2.2.2	30	54	SEC-02	response	Backreaction current B=A_live−A_record	CORE_DEFINED	MAIN_FULL	Exact difference between live and birth-record skew response on a common cut/basis.	LEGACY_SOURCE_ANCHOR_PENDING_LIFT			C016;C017;C022;C023	NO_CURRENT_EVIDENCE			NONE	CONSTRUCTION		LOCAL_LEMMAS_INTERNAL	D0	EXPLICIT_ATOMIC_OR_DEFINITIONAL_OVERRIDE	COMPACT_DEFINITION	TRACEABLE_DEFINITION	position_in_derivation|definition_or_statement|introduction_reason|construction_or_encoding|boundary_case_or_countercheck|result|downstream_handoff|code_anchors	PLANNED	PLANNED	ONE_DEFINITIONAL_BOUNDARY_OR_TYPE_REJECTION	NOT_STARTED	NOT_STARTED	Immutable record, live state and backreaction	DOWNSTREAM_CONSTRUCTION	GENERALIZED_OPEN_PROVENANCE_SYSTEMS -> CNNA_FINITE	2.2.2	Cut-relative complement elimination and effective response	Record/live response split and backreaction	Introduced after C023, C022, C016, C017; registered hard handoff(s): record_live_difference, supplies_common_ambient_basis, supplies_record_channel, supplies_live_channel.	054 · C024	054_C024__backreaction_current_b_a_live_a_record	derivation/paper/main/sections/02_cut_relative_complement_elimination_and_effective_response/02_record_live_response_split_and_backreaction/054_C024__backreaction_current_b_a_live_a_record	derivation/supplement/sections/02_cut_relative_complement_elimination_and_effective_response/02_record_live_response_split_and_backreaction/054_C024__backreaction_current_b_a_live_a_record	derivation/paper/main/sections/02_cut_relative_complement_elimination_and_effective_response/02_record_live_response_split_and_backreaction/054_C024__backreaction_current_b_a_live_a_record/SECTION.tex	derivation/supplement/sections/02_cut_relative_complement_elimination_and_effective_response/02_record_live_response_split_and_backreaction/054_C024__backreaction_current_b_a_live_a_record/DOCUMENTATION.md	PLANNED	PLANNED
055	C025	2.3.1	30	55	SEC-02	response	Canonical regional response carrier	CORE_REQUIRES_PROOF	MAIN_FULL	Restrict/compress the admitted directed Schur/DtN response to a canonically specified region without introducing a new fitted response law.	LEGACY_SOURCE_ANCHOR_PENDING_LIFT			C021;C022;C023;P011	PROOF_REQUIRED_NO_CURRENT_EVIDENCE			PROOF_OBLIGATION	PROOF_OWNER		AGGREGATES_EXPLICIT_PROOF_GATES	D2	PROOF_THEOREM_OWNER_OBSTRUCTION_OR_QUARANTINE_ROLE	THEOREM_AND_PROOF_OVERVIEW	FULL_PROOF_DOSSIER	position_in_derivation|formal_statement|hypotheses|introduction_reason|proof_strategy|lemma_chain|formal_realization|counterexamples_or_necessity_checks|axiom_profile|result|remaining_limits|downstream_handoff|code_line_register	PLANNED	PLANNED	NEGATIVE_CONTROL_COUNTEREXAMPLE_OR_HYPOTHESIS_NECESSITY	NOT_STARTED	NOT_STARTED	Effective complement elimination | Finite provenance-derived POVM migration	NODEWISE_CURRENT_OR_PLANNED | LEGACY_MIGRATION_TARGET_NOT_CURRENT_THEOREM	GENERALIZED_OPEN_PROVENANCE_SYSTEMS -> CNNA_FINITE -> OPS-QM-01	2.3.1	Cut-relative complement elimination and effective response	Regional effective-response carrier	Introduced after C021, C022, C023; registered hard handoff(s): supplies_directed_effective_response, supplies_common_ambient_regional_typing, supplies_symmetric_skew_regional_split.	055 · C025	055_C025__canonical_regional_response_carrier	derivation/paper/main/sections/02_cut_relative_complement_elimination_and_effective_response/03_regional_effective_response_carrier/055_C025__canonical_regional_response_carrier	derivation/supplement/sections/02_cut_relative_complement_elimination_and_effective_response/03_regional_effective_response_carrier/055_C025__canonical_regional_response_carrier	derivation/paper/main/sections/02_cut_relative_complement_elimination_and_effective_response/03_regional_effective_response_carrier/055_C025__canonical_regional_response_carrier/SECTION.tex	derivation/supplement/sections/02_cut_relative_complement_elimination_and_effective_response/03_regional_effective_response_carrier/055_C025__canonical_regional_response_carrier/DOCUMENTATION.md	PLANNED	PLANNED
056	P011	2.3.1.1	30	56	SEC-02	response	Regional response restriction canonicity and functoriality	CORE_REQUIRES_PROOF	MAIN_FULL	Prove that regional restriction/compression is canonically typed, introduces no fitted law, and commutes with admitted common-ambient transport.	ARCHITECTURAL_PROOF_DECOMPOSITION			C021;C022;C023;P009	PROOF_REQUIRED_NO_CURRENT_EVIDENCE			PROOF_OBLIGATION	PROOF	C025	ONE_REUSABLE_FALSIFIABLE_GATE	D2	PROOF_THEOREM_OWNER_OBSTRUCTION_OR_QUARANTINE_ROLE	THEOREM_AND_PROOF_OVERVIEW	FULL_PROOF_DOSSIER	position_in_derivation|formal_statement|hypotheses|introduction_reason|proof_strategy|lemma_chain|formal_realization|counterexamples_or_necessity_checks|axiom_profile|result|remaining_limits|downstream_handoff|code_line_register	NOT_REQUIRED_PROOF_NODE	PLANNED	NEGATIVE_CONTROL_COUNTEREXAMPLE_OR_HYPOTHESIS_NECESSITY	NOT_STARTED	NOT_STARTED				2.3.1.1	Cut-relative complement elimination and effective response	Regional effective-response carrier	Introduced after C021, C022, C023, P009; registered hard handoff(s): supports_p011, supports_p011, supports_p011, supports_p011.	056 · P011	056_P011__regional_response_restriction_canonicity_and_functoriality	derivation/paper/main/sections/02_cut_relative_complement_elimination_and_effective_response/03_regional_effective_response_carrier/055_C025__canonical_regional_response_carrier/056_P011__regional_response_restriction_canonicity_and_functoriality	derivation/supplement/sections/02_cut_relative_complement_elimination_and_effective_response/03_regional_effective_response_carrier/055_C025__canonical_regional_response_carrier/056_P011__regional_response_restriction_canonicity_and_functoriality	derivation/paper/main/sections/02_cut_relative_complement_elimination_and_effective_response/03_regional_effective_response_carrier/055_C025__canonical_regional_response_carrier/056_P011__regional_response_restriction_canonicity_and_functoriality/SECTION.tex	derivation/supplement/sections/02_cut_relative_complement_elimination_and_effective_response/03_regional_effective_response_carrier/055_C025__canonical_regional_response_carrier/056_P011__regional_response_restriction_canonicity_and_functoriality/DOCUMENTATION.md	PLANNED	PLANNED
057	M030	3.1.1	30	57	SEC-03	response_algebra	Canonical effective F1/F2 role functor	CORE_REQUIRED_MISSING	MAIN_FULL	Unique provenance/response-derived role plane with proved rank and naturality.	LEGACY_SOURCE_ANCHOR_PENDING_LIFT			C021;P012;P013	CONSTRUCTION_MISSING_NO_CURRENT_EVIDENCE			MISSING_CONSTRUCTION_OR_THEOREM	PROOF_OWNER		AGGREGATES_EXPLICIT_PROOF_GATES	D2	PROOF_THEOREM_OWNER_OBSTRUCTION_OR_QUARANTINE_ROLE	THEOREM_AND_PROOF_OVERVIEW	FULL_PROOF_DOSSIER	position_in_derivation|formal_statement|hypotheses|introduction_reason|proof_strategy|lemma_chain|formal_realization|counterexamples_or_necessity_checks|axiom_profile|result|remaining_limits|downstream_handoff|code_line_register	PLANNED	PLANNED	NEGATIVE_CONTROL_COUNTEREXAMPLE_OR_HYPOTHESIS_NECESSITY	NOT_STARTED	NOT_STARTED	Finite provenance-derived POVM migration	LEGACY_MIGRATION_TARGET_NOT_CURRENT_THEOREM	GENERALIZED_OPEN_PROVENANCE_SYSTEMS -> CNNA_FINITE -> OPS-QM-01	3.1.1	Directed effective response algebra	Canonical effective role plane	Introduced after C021; registered hard handoff(s): selects_effective_role_plane.	057 · M030	057_M030__canonical_effective_f1_f2_role_functor	derivation/paper/main/sections/03_directed_effective_response_algebra/01_canonical_effective_role_plane/057_M030__canonical_effective_f1_f2_role_functor	derivation/supplement/sections/03_directed_effective_response_algebra/01_canonical_effective_role_plane/057_M030__canonical_effective_f1_f2_role_functor	derivation/paper/main/sections/03_directed_effective_response_algebra/01_canonical_effective_role_plane/057_M030__canonical_effective_f1_f2_role_functor/SECTION.tex	derivation/supplement/sections/03_directed_effective_response_algebra/01_canonical_effective_role_plane/057_M030__canonical_effective_f1_f2_role_functor/DOCUMENTATION.md	PLANNED	PLANNED
058	P012	3.1.1.1	30	58	SEC-03	response_algebra	Effective role-plane rank and nondegeneracy	CORE_REQUIRES_PROOF	MAIN_FULL	Prove that the selected F1/F2 role carrier has the claimed rank and is nondegenerate on its admitted domain.	ARCHITECTURAL_PROOF_DECOMPOSITION			C021;P009	PROOF_REQUIRED_NO_CURRENT_EVIDENCE			PROOF_OBLIGATION	PROOF	M030	ONE_REUSABLE_FALSIFIABLE_GATE	D2	PROOF_THEOREM_OWNER_OBSTRUCTION_OR_QUARANTINE_ROLE	THEOREM_AND_PROOF_OVERVIEW	FULL_PROOF_DOSSIER	position_in_derivation|formal_statement|hypotheses|introduction_reason|proof_strategy|lemma_chain|formal_realization|counterexamples_or_necessity_checks|axiom_profile|result|remaining_limits|downstream_handoff|code_line_register	NOT_REQUIRED_PROOF_NODE	PLANNED	NEGATIVE_CONTROL_COUNTEREXAMPLE_OR_HYPOTHESIS_NECESSITY	NOT_STARTED	NOT_STARTED				3.1.1.1	Directed effective response algebra	Canonical effective role plane	Introduced after C021, P009; registered hard handoff(s): supports_p012, supports_p012.	058 · P012	058_P012__effective_role_plane_rank_and_nondegeneracy	derivation/paper/main/sections/03_directed_effective_response_algebra/01_canonical_effective_role_plane/057_M030__canonical_effective_f1_f2_role_functor/058_P012__effective_role_plane_rank_and_nondegeneracy	derivation/supplement/sections/03_directed_effective_response_algebra/01_canonical_effective_role_plane/057_M030__canonical_effective_f1_f2_role_functor/058_P012__effective_role_plane_rank_and_nondegeneracy	derivation/paper/main/sections/03_directed_effective_response_algebra/01_canonical_effective_role_plane/057_M030__canonical_effective_f1_f2_role_functor/058_P012__effective_role_plane_rank_and_nondegeneracy/SECTION.tex	derivation/supplement/sections/03_directed_effective_response_algebra/01_canonical_effective_role_plane/057_M030__canonical_effective_f1_f2_role_functor/058_P012__effective_role_plane_rank_and_nondegeneracy/DOCUMENTATION.md	PLANNED	PLANNED
059	P013	3.1.1.2	31	59	SEC-03	response_algebra	Role-functor naturality, equivariance, and uniqueness	CORE_REQUIRES_PROOF	MAIN_FULL	Prove provenance-label equivariance, common-ambient naturality, and uniqueness of the effective role functor under the declared axioms.	ARCHITECTURAL_PROOF_DECOMPOSITION			C021;C022;P012	PROOF_REQUIRED_NO_CURRENT_EVIDENCE			PROOF_OBLIGATION	PROOF	M030	ONE_REUSABLE_FALSIFIABLE_GATE	D2	PROOF_THEOREM_OWNER_OBSTRUCTION_OR_QUARANTINE_ROLE	THEOREM_AND_PROOF_OVERVIEW	FULL_PROOF_DOSSIER	position_in_derivation|formal_statement|hypotheses|introduction_reason|proof_strategy|lemma_chain|formal_realization|counterexamples_or_necessity_checks|axiom_profile|result|remaining_limits|downstream_handoff|code_line_register	NOT_REQUIRED_PROOF_NODE	PLANNED	NEGATIVE_CONTROL_COUNTEREXAMPLE_OR_HYPOTHESIS_NECESSITY	NOT_STARTED	NOT_STARTED				3.1.1.2	Directed effective response algebra	Canonical effective role plane	Introduced after C021, C022, P012; registered hard handoff(s): supports_p013, supports_p013, supports_p013.	059 · P013	059_P013__role_functor_naturality_equivariance_and_uniqueness	derivation/paper/main/sections/03_directed_effective_response_algebra/01_canonical_effective_role_plane/057_M030__canonical_effective_f1_f2_role_functor/059_P013__role_functor_naturality_equivariance_and_uniqueness	derivation/supplement/sections/03_directed_effective_response_algebra/01_canonical_effective_role_plane/057_M030__canonical_effective_f1_f2_role_functor/059_P013__role_functor_naturality_equivariance_and_uniqueness	derivation/paper/main/sections/03_directed_effective_response_algebra/01_canonical_effective_role_plane/057_M030__canonical_effective_f1_f2_role_functor/059_P013__role_functor_naturality_equivariance_and_uniqueness/SECTION.tex	derivation/supplement/sections/03_directed_effective_response_algebra/01_canonical_effective_role_plane/057_M030__canonical_effective_f1_f2_role_functor/059_P013__role_functor_naturality_equivariance_and_uniqueness/DOCUMENTATION.md	PLANNED	PLANNED
060	C032	3.2.1	31	60	SEC-03	algebra	Canonical local operator-support carrier	CORE_BLOCKED	MAIN_FULL	Construct the local operator support/projector/restriction data from the admitted regional response and canonical role functor, with no positional role convention left implicit.	LEGACY_SOURCE_ANCHOR_PENDING_LIFT			C025;M030;P014	BLOCKED_NO_CURRENT_EVIDENCE			BLOCKED_DERIVED_NODE	PROOF_OWNER		AGGREGATES_EXPLICIT_PROOF_GATES	D2	PROOF_THEOREM_OWNER_OBSTRUCTION_OR_QUARANTINE_ROLE	THEOREM_AND_PROOF_OVERVIEW	FULL_PROOF_DOSSIER	position_in_derivation|formal_statement|hypotheses|introduction_reason|proof_strategy|lemma_chain|formal_realization|counterexamples_or_necessity_checks|axiom_profile|result|remaining_limits|downstream_handoff|code_line_register	PLANNED	PLANNED	NEGATIVE_CONTROL_COUNTEREXAMPLE_OR_HYPOTHESIS_NECESSITY	NOT_STARTED	NOT_STARTED	Finite provenance-derived POVM migration	LEGACY_MIGRATION_TARGET_NOT_CURRENT_THEOREM	GENERALIZED_OPEN_PROVENANCE_SYSTEMS -> CNNA_FINITE -> OPS-QM-01	3.2.1	Directed effective response algebra	Local operator and effect-support carrier	Introduced after C025, M030; registered hard handoff(s): supplies_regional_operator_support, supplies_canonical_role_functor.	060 · C032	060_C032__canonical_local_operator_support_carrier	derivation/paper/main/sections/03_directed_effective_response_algebra/02_local_operator_and_effect_support_carrier/060_C032__canonical_local_operator_support_carrier	derivation/supplement/sections/03_directed_effective_response_algebra/02_local_operator_and_effect_support_carrier/060_C032__canonical_local_operator_support_carrier	derivation/paper/main/sections/03_directed_effective_response_algebra/02_local_operator_and_effect_support_carrier/060_C032__canonical_local_operator_support_carrier/SECTION.tex	derivation/supplement/sections/03_directed_effective_response_algebra/02_local_operator_and_effect_support_carrier/060_C032__canonical_local_operator_support_carrier/DOCUMENTATION.md	PLANNED	PLANNED
061	P014	3.2.1.1	32	61	SEC-03	algebra	Local support carrier and projector coherence	CORE_REQUIRES_PROOF	MAIN_FULL	Prove exact support, projector/restriction typing, idempotence where claimed, and compatibility with regional response and the canonical role functor.	ARCHITECTURAL_PROOF_DECOMPOSITION			C025;M030;P011;P013	PROOF_REQUIRED_NO_CURRENT_EVIDENCE			PROOF_OBLIGATION	PROOF	C032	ONE_REUSABLE_FALSIFIABLE_GATE	D2	PROOF_THEOREM_OWNER_OBSTRUCTION_OR_QUARANTINE_ROLE	THEOREM_AND_PROOF_OVERVIEW	FULL_PROOF_DOSSIER	position_in_derivation|formal_statement|hypotheses|introduction_reason|proof_strategy|lemma_chain|formal_realization|counterexamples_or_necessity_checks|axiom_profile|result|remaining_limits|downstream_handoff|code_line_register	NOT_REQUIRED_PROOF_NODE	PLANNED	NEGATIVE_CONTROL_COUNTEREXAMPLE_OR_HYPOTHESIS_NECESSITY	NOT_STARTED	NOT_STARTED				3.2.1.1	Directed effective response algebra	Local operator and effect-support carrier	Introduced after C025, M030, P011, P013; registered hard handoff(s): supports_p014, supports_p014, supports_p014, supports_p014.	061 · P014	061_P014__local_support_carrier_and_projector_coherence	derivation/paper/main/sections/03_directed_effective_response_algebra/02_local_operator_and_effect_support_carrier/060_C032__canonical_local_operator_support_carrier/061_P014__local_support_carrier_and_projector_coherence	derivation/supplement/sections/03_directed_effective_response_algebra/02_local_operator_and_effect_support_carrier/060_C032__canonical_local_operator_support_carrier/061_P014__local_support_carrier_and_projector_coherence	derivation/paper/main/sections/03_directed_effective_response_algebra/02_local_operator_and_effect_support_carrier/060_C032__canonical_local_operator_support_carrier/061_P014__local_support_carrier_and_projector_coherence/SECTION.tex	derivation/supplement/sections/03_directed_effective_response_algebra/02_local_operator_and_effect_support_carrier/060_C032__canonical_local_operator_support_carrier/061_P014__local_support_carrier_and_projector_coherence/DOCUMENTATION.md	PLANNED	PLANNED
062	C033	3.3.1	34	62	SEC-03	algebra	Response-generated finite algebraic closure	CORE_BLOCKED	MAIN_FULL	Construct the finite response-generated algebra and its exact closure criterion from admitted response/support generators; numerical tolerance is evidence machinery, not the mathematical definition.	LEGACY_SOURCE_ANCHOR_PENDING_LIFT			C025;C032;P015	BLOCKED_NO_CURRENT_EVIDENCE			BLOCKED_DERIVED_NODE	PROOF_OWNER		AGGREGATES_EXPLICIT_PROOF_GATES	D2	PROOF_THEOREM_OWNER_OBSTRUCTION_OR_QUARANTINE_ROLE	THEOREM_AND_PROOF_OVERVIEW	FULL_PROOF_DOSSIER	position_in_derivation|formal_statement|hypotheses|introduction_reason|proof_strategy|lemma_chain|formal_realization|counterexamples_or_necessity_checks|axiom_profile|result|remaining_limits|downstream_handoff|code_line_register	PLANNED	PLANNED	NEGATIVE_CONTROL_COUNTEREXAMPLE_OR_HYPOTHESIS_NECESSITY	NOT_STARTED	NOT_STARTED	Finite provenance-derived POVM migration	LEGACY_MIGRATION_TARGET_NOT_CURRENT_THEOREM	GENERALIZED_OPEN_PROVENANCE_SYSTEMS -> CNNA_FINITE -> OPS-QM-01	3.3.1	Directed effective response algebra	Response-generated algebraic closure	Introduced after C032, C025; registered hard handoff(s): supplies_operator_generators_and_support, supplies_response_generators.	062 · C033	062_C033__response_generated_finite_algebraic_closure	derivation/paper/main/sections/03_directed_effective_response_algebra/03_response_generated_algebraic_closure/062_C033__response_generated_finite_algebraic_closure	derivation/supplement/sections/03_directed_effective_response_algebra/03_response_generated_algebraic_closure/062_C033__response_generated_finite_algebraic_closure	derivation/paper/main/sections/03_directed_effective_response_algebra/03_response_generated_algebraic_closure/062_C033__response_generated_finite_algebraic_closure/SECTION.tex	derivation/supplement/sections/03_directed_effective_response_algebra/03_response_generated_algebraic_closure/062_C033__response_generated_finite_algebraic_closure/DOCUMENTATION.md	PLANNED	PLANNED
063	P015	3.3.1.1	35	63	SEC-03	algebra	Finite response-algebra closure and exact stabilization	CORE_REQUIRES_PROOF	MAIN_FULL	Prove closure under the declared algebraic operations, finite stabilization, and the exact non-tolerance closure criterion.	ARCHITECTURAL_PROOF_DECOMPOSITION			C025;C032;P014	PROOF_REQUIRED_NO_CURRENT_EVIDENCE			PROOF_OBLIGATION	PROOF	C033	ONE_REUSABLE_FALSIFIABLE_GATE	D2	PROOF_THEOREM_OWNER_OBSTRUCTION_OR_QUARANTINE_ROLE	THEOREM_AND_PROOF_OVERVIEW	FULL_PROOF_DOSSIER	position_in_derivation|formal_statement|hypotheses|introduction_reason|proof_strategy|lemma_chain|formal_realization|counterexamples_or_necessity_checks|axiom_profile|result|remaining_limits|downstream_handoff|code_line_register	NOT_REQUIRED_PROOF_NODE	PLANNED	NEGATIVE_CONTROL_COUNTEREXAMPLE_OR_HYPOTHESIS_NECESSITY	NOT_STARTED	NOT_STARTED				3.3.1.1	Directed effective response algebra	Response-generated algebraic closure	Introduced after C025, C032, P014; registered hard handoff(s): supports_p015, supports_p015, supports_p015.	063 · P015	063_P015__finite_response_algebra_closure_and_exact_stabilization	derivation/paper/main/sections/03_directed_effective_response_algebra/03_response_generated_algebraic_closure/062_C033__response_generated_finite_algebraic_closure/063_P015__finite_response_algebra_closure_and_exact_stabilization	derivation/supplement/sections/03_directed_effective_response_algebra/03_response_generated_algebraic_closure/062_C033__response_generated_finite_algebraic_closure/063_P015__finite_response_algebra_closure_and_exact_stabilization	derivation/paper/main/sections/03_directed_effective_response_algebra/03_response_generated_algebraic_closure/062_C033__response_generated_finite_algebraic_closure/063_P015__finite_response_algebra_closure_and_exact_stabilization/SECTION.tex	derivation/supplement/sections/03_directed_effective_response_algebra/03_response_generated_algebraic_closure/062_C033__response_generated_finite_algebraic_closure/063_P015__finite_response_algebra_closure_and_exact_stabilization/DOCUMENTATION.md	PLANNED	PLANNED
064	M031	3.4.1	37	64	SEC-03	response_algebra	Intrinsic directed response algebra	CORE_REQUIRED_MISSING	MAIN_FULL	Algebra generated intrinsically from the admitted effective response objects, not from legacy positional projectors.	LEGACY_SOURCE_ANCHOR_PENDING_LIFT			C023;C033;M030;P016	CONSTRUCTION_MISSING_NO_CURRENT_EVIDENCE			MISSING_CONSTRUCTION_OR_THEOREM	PROOF_OWNER		AGGREGATES_EXPLICIT_PROOF_GATES	D2	PROOF_THEOREM_OWNER_OBSTRUCTION_OR_QUARANTINE_ROLE	THEOREM_AND_PROOF_OVERVIEW	FULL_PROOF_DOSSIER	position_in_derivation|formal_statement|hypotheses|introduction_reason|proof_strategy|lemma_chain|formal_realization|counterexamples_or_necessity_checks|axiom_profile|result|remaining_limits|downstream_handoff|code_line_register	PLANNED	PLANNED	NEGATIVE_CONTROL_COUNTEREXAMPLE_OR_HYPOTHESIS_NECESSITY	NOT_STARTED	NOT_STARTED				3.4.1	Directed effective response algebra	Intrinsic directed response algebra	Introduced after C023, M030, C033; registered hard handoff(s): generates_intrinsic_response_algebra, provides_role_generators, supplies_exact_algebraic_closure.	064 · M031	064_M031__intrinsic_directed_response_algebra	derivation/paper/main/sections/03_directed_effective_response_algebra/04_intrinsic_directed_response_algebra/064_M031__intrinsic_directed_response_algebra	derivation/supplement/sections/03_directed_effective_response_algebra/04_intrinsic_directed_response_algebra/064_M031__intrinsic_directed_response_algebra	derivation/paper/main/sections/03_directed_effective_response_algebra/04_intrinsic_directed_response_algebra/064_M031__intrinsic_directed_response_algebra/SECTION.tex	derivation/supplement/sections/03_directed_effective_response_algebra/04_intrinsic_directed_response_algebra/064_M031__intrinsic_directed_response_algebra/DOCUMENTATION.md	PLANNED	PLANNED
065	P016	3.4.1.1	38	65	SEC-03	response_algebra	Intrinsic generator independence and canonical algebra equivalence	CORE_REQUIRES_PROOF	MAIN_FULL	Prove that the intrinsic algebra is independent of auxiliary positional generators and canonically agrees across admitted response presentations.	ARCHITECTURAL_PROOF_DECOMPOSITION			C023;C033;M030;P013;P015	PROOF_REQUIRED_NO_CURRENT_EVIDENCE			PROOF_OBLIGATION	PROOF	M031	ONE_REUSABLE_FALSIFIABLE_GATE	D2	PROOF_THEOREM_OWNER_OBSTRUCTION_OR_QUARANTINE_ROLE	THEOREM_AND_PROOF_OVERVIEW	FULL_PROOF_DOSSIER	position_in_derivation|formal_statement|hypotheses|introduction_reason|proof_strategy|lemma_chain|formal_realization|counterexamples_or_necessity_checks|axiom_profile|result|remaining_limits|downstream_handoff|code_line_register	NOT_REQUIRED_PROOF_NODE	PLANNED	NEGATIVE_CONTROL_COUNTEREXAMPLE_OR_HYPOTHESIS_NECESSITY	NOT_STARTED	NOT_STARTED				3.4.1.1	Directed effective response algebra	Intrinsic directed response algebra	Introduced after C023, C033, M030, P013, P015; registered hard handoff(s): supports_p016, supports_p016, supports_p016, supports_p016, supports_p016.	065 · P016	065_P016__intrinsic_generator_independence_and_canonical_algebra_equivalence	derivation/paper/main/sections/03_directed_effective_response_algebra/04_intrinsic_directed_response_algebra/064_M031__intrinsic_directed_response_algebra/065_P016__intrinsic_generator_independence_and_canonical_algebra_equivalence	derivation/supplement/sections/03_directed_effective_response_algebra/04_intrinsic_directed_response_algebra/064_M031__intrinsic_directed_response_algebra/065_P016__intrinsic_generator_independence_and_canonical_algebra_equivalence	derivation/paper/main/sections/03_directed_effective_response_algebra/04_intrinsic_directed_response_algebra/064_M031__intrinsic_directed_response_algebra/065_P016__intrinsic_generator_independence_and_canonical_algebra_equivalence/SECTION.tex	derivation/supplement/sections/03_directed_effective_response_algebra/04_intrinsic_directed_response_algebra/064_M031__intrinsic_directed_response_algebra/065_P016__intrinsic_generator_independence_and_canonical_algebra_equivalence/DOCUMENTATION.md	PLANNED	PLANNED
066	O048	3.5.1	40	66	SEC-03	obstruction	Finite cyclicity dimension/rank obstruction	MATHEMATICAL_OBSTRUCTION_PROOF_REQUIRED	MAIN_BOUNDARY	Finite proper-subalgebra cyclicity is dimension/rank obstructed under the stated finite hypotheses; the precise no-go claim requires an explicit current proof/evidence binding.	MATHEMATICAL_OBSTRUCTION			C032	PROOF_REQUIRED_NO_CURRENT_EVIDENCE			MATHEMATICAL_OBSTRUCTION_PROOF	PROOF		ONE_REUSABLE_FALSIFIABLE_GATE	D2	PROOF_THEOREM_OWNER_OBSTRUCTION_OR_QUARANTINE_ROLE	THEOREM_AND_PROOF_OVERVIEW	FULL_PROOF_DOSSIER	position_in_derivation|formal_statement|hypotheses|introduction_reason|proof_strategy|lemma_chain|formal_realization|counterexamples_or_necessity_checks|axiom_profile|result|remaining_limits|downstream_handoff|code_line_register	NOT_REQUIRED_PROOF_NODE	PLANNED	NEGATIVE_CONTROL_COUNTEREXAMPLE_OR_HYPOTHESIS_NECESSITY	NOT_STARTED	NOT_STARTED				3.5.1	Directed effective response algebra	Finite algebraic obstruction boundary	Introduced after C032; registered hard handoff(s): supplies_finite_algebra_dimension_domain.	066 · O048	066_O048__finite_cyclicity_dimension_rank_obstruction	derivation/paper/main/sections/03_directed_effective_response_algebra/05_finite_algebraic_obstruction_boundary/066_O048__finite_cyclicity_dimension_rank_obstruction	derivation/supplement/sections/03_directed_effective_response_algebra/05_finite_algebraic_obstruction_boundary/066_O048__finite_cyclicity_dimension_rank_obstruction	derivation/paper/main/sections/03_directed_effective_response_algebra/05_finite_algebraic_obstruction_boundary/066_O048__finite_cyclicity_dimension_rank_obstruction/SECTION.tex	derivation/supplement/sections/03_directed_effective_response_algebra/05_finite_algebraic_obstruction_boundary/066_O048__finite_cyclicity_dimension_rank_obstruction/DOCUMENTATION.md	PLANNED	PLANNED
067	C040	4.1.1	43	67	SEC-04	finite_closure	Inverse-depth Cauchy/Hilbert ancestor carrier H	CORE_BLOCKED	MAIN_THEOREM	Exact Cauchy structure H_{rj}=1/(r+j+1) with analytic determinant structure. Revalidation is mandatory after replacing the primitive IST growth law by response-coupled growth.	LEGACY_SOURCE_ANCHOR_PENDING_LIFT			C008;C019;P017;P018	BLOCKED_NO_CURRENT_EVIDENCE			BLOCKED_DERIVED_NODE	PROOF_OWNER		AGGREGATES_EXPLICIT_PROOF_GATES	D2	PROOF_THEOREM_OWNER_OBSTRUCTION_OR_QUARANTINE_ROLE	THEOREM_AND_PROOF_OVERVIEW	FULL_PROOF_DOSSIER	position_in_derivation|formal_statement|hypotheses|introduction_reason|proof_strategy|lemma_chain|formal_realization|counterexamples_or_necessity_checks|axiom_profile|result|remaining_limits|downstream_handoff|code_line_register	PLANNED	PLANNED	NEGATIVE_CONTROL_COUNTEREXAMPLE_OR_HYPOTHESIS_NECESSITY	NOT_STARTED	NOT_STARTED				4.1.1	Projective refinement and nested open channels	Exact Cauchy carrier and factorization	Introduced after C008, C019; registered hard handoff(s): induces_ancestor_kernel, supplies_finite_ancestor_domain.	067 · C040	067_C040__inverse_depth_cauchy_hilbert_ancestor_carrier_h	derivation/paper/main/sections/04_projective_refinement_and_nested_open_channels/01_exact_cauchy_carrier_and_factorization/067_C040__inverse_depth_cauchy_hilbert_ancestor_carrier_h	derivation/supplement/sections/04_projective_refinement_and_nested_open_channels/01_exact_cauchy_carrier_and_factorization/067_C040__inverse_depth_cauchy_hilbert_ancestor_carrier_h	derivation/paper/main/sections/04_projective_refinement_and_nested_open_channels/01_exact_cauchy_carrier_and_factorization/067_C040__inverse_depth_cauchy_hilbert_ancestor_carrier_h/SECTION.tex	derivation/supplement/sections/04_projective_refinement_and_nested_open_channels/01_exact_cauchy_carrier_and_factorization/067_C040__inverse_depth_cauchy_hilbert_ancestor_carrier_h/DOCUMENTATION.md	PLANNED	PLANNED
068	P017	4.1.1.1	44	68	SEC-04	finite_closure	Exact inverse-depth Cauchy/Hilbert identification	CORE_REQUIRES_PROOF	MAIN_THEOREM	Derive the exact ancestor-return carrier entries H_{rj}=1/(r+j+1) from the response-grown construction under the active law.	ARCHITECTURAL_PROOF_DECOMPOSITION			C008;C019;P005	PROOF_REQUIRED_NO_CURRENT_EVIDENCE			PROOF_OBLIGATION	PROOF	C040	ONE_REUSABLE_FALSIFIABLE_GATE	D2	PROOF_THEOREM_OWNER_OBSTRUCTION_OR_QUARANTINE_ROLE	THEOREM_AND_PROOF_OVERVIEW	FULL_PROOF_DOSSIER	position_in_derivation|formal_statement|hypotheses|introduction_reason|proof_strategy|lemma_chain|formal_realization|counterexamples_or_necessity_checks|axiom_profile|result|remaining_limits|downstream_handoff|code_line_register	NOT_REQUIRED_PROOF_NODE	PLANNED	NEGATIVE_CONTROL_COUNTEREXAMPLE_OR_HYPOTHESIS_NECESSITY	NOT_STARTED	NOT_STARTED				4.1.1.1	Projective refinement and nested open channels	Exact Cauchy carrier and factorization	Introduced after C008, C019, P005; registered hard handoff(s): supports_p017, supports_p017, supports_p017.	068 · P017	068_P017__exact_inverse_depth_cauchy_hilbert_identification	derivation/paper/main/sections/04_projective_refinement_and_nested_open_channels/01_exact_cauchy_carrier_and_factorization/067_C040__inverse_depth_cauchy_hilbert_ancestor_carrier_h/068_P017__exact_inverse_depth_cauchy_hilbert_identification	derivation/supplement/sections/04_projective_refinement_and_nested_open_channels/01_exact_cauchy_carrier_and_factorization/067_C040__inverse_depth_cauchy_hilbert_ancestor_carrier_h/068_P017__exact_inverse_depth_cauchy_hilbert_identification	derivation/paper/main/sections/04_projective_refinement_and_nested_open_channels/01_exact_cauchy_carrier_and_factorization/067_C040__inverse_depth_cauchy_hilbert_ancestor_carrier_h/068_P017__exact_inverse_depth_cauchy_hilbert_identification/SECTION.tex	derivation/supplement/sections/04_projective_refinement_and_nested_open_channels/01_exact_cauchy_carrier_and_factorization/067_C040__inverse_depth_cauchy_hilbert_ancestor_carrier_h/068_P017__exact_inverse_depth_cauchy_hilbert_identification/DOCUMENTATION.md	PLANNED	PLANNED
069	P018	4.1.1.2	45	69	SEC-04	finite_closure	Cauchy determinant, nondegeneracy, and rank	CORE_REQUIRES_PROOF	MAIN_THEOREM	Prove the exact determinant formula, nonvanishing, and finite rank consequences for the admitted Cauchy/Hilbert blocks.	ARCHITECTURAL_PROOF_DECOMPOSITION			P017	PROOF_REQUIRED_NO_CURRENT_EVIDENCE			PROOF_OBLIGATION	PROOF	C040	ONE_REUSABLE_FALSIFIABLE_GATE	D2	PROOF_THEOREM_OWNER_OBSTRUCTION_OR_QUARANTINE_ROLE	THEOREM_AND_PROOF_OVERVIEW	FULL_PROOF_DOSSIER	position_in_derivation|formal_statement|hypotheses|introduction_reason|proof_strategy|lemma_chain|formal_realization|counterexamples_or_necessity_checks|axiom_profile|result|remaining_limits|downstream_handoff|code_line_register	NOT_REQUIRED_PROOF_NODE	PLANNED	NEGATIVE_CONTROL_COUNTEREXAMPLE_OR_HYPOTHESIS_NECESSITY	NOT_STARTED	NOT_STARTED				4.1.1.2	Projective refinement and nested open channels	Exact Cauchy carrier and factorization	Introduced after P017; registered hard handoff(s): supports_p018.	069 · P018	069_P018__cauchy_determinant_nondegeneracy_and_rank	derivation/paper/main/sections/04_projective_refinement_and_nested_open_channels/01_exact_cauchy_carrier_and_factorization/067_C040__inverse_depth_cauchy_hilbert_ancestor_carrier_h/069_P018__cauchy_determinant_nondegeneracy_and_rank	derivation/supplement/sections/04_projective_refinement_and_nested_open_channels/01_exact_cauchy_carrier_and_factorization/067_C040__inverse_depth_cauchy_hilbert_ancestor_carrier_h/069_P018__cauchy_determinant_nondegeneracy_and_rank	derivation/paper/main/sections/04_projective_refinement_and_nested_open_channels/01_exact_cauchy_carrier_and_factorization/067_C040__inverse_depth_cauchy_hilbert_ancestor_carrier_h/069_P018__cauchy_determinant_nondegeneracy_and_rank/SECTION.tex	derivation/supplement/sections/04_projective_refinement_and_nested_open_channels/01_exact_cauchy_carrier_and_factorization/067_C040__inverse_depth_cauchy_hilbert_ancestor_carrier_h/069_P018__cauchy_determinant_nondegeneracy_and_rank/DOCUMENTATION.md	PLANNED	PLANNED
070	C041	4.1.2	45	70	SEC-04	finite_closure	Exact pre/post-Schur factorization M=A_eff H	CORE_REQUIRES_PROOF	MAIN_THEOREM	Exact factorization to be extracted from the runner and detached from refactor-required frontier helpers.	LEGACY_SOURCE_ANCHOR_PENDING_LIFT			C021;C040	PROOF_REQUIRED_NO_CURRENT_EVIDENCE			PROOF_OBLIGATION	PROOF		ONE_REUSABLE_FALSIFIABLE_GATE	D2	PROOF_THEOREM_OWNER_OBSTRUCTION_OR_QUARANTINE_ROLE	THEOREM_AND_PROOF_OVERVIEW	FULL_PROOF_DOSSIER	position_in_derivation|formal_statement|hypotheses|introduction_reason|proof_strategy|lemma_chain|formal_realization|counterexamples_or_necessity_checks|axiom_profile|result|remaining_limits|downstream_handoff|code_line_register	NOT_REQUIRED_PROOF_NODE	PLANNED	NEGATIVE_CONTROL_COUNTEREXAMPLE_OR_HYPOTHESIS_NECESSITY	NOT_STARTED	NOT_STARTED				4.1.2	Projective refinement and nested open channels	Exact Cauchy carrier and factorization	Introduced after C040, C021; registered hard handoff(s): cauchy_factorization, post_schur_factorization.	070 · C041	070_C041__exact_pre_post_schur_factorization_m_a_eff_h	derivation/paper/main/sections/04_projective_refinement_and_nested_open_channels/01_exact_cauchy_carrier_and_factorization/070_C041__exact_pre_post_schur_factorization_m_a_eff_h	derivation/supplement/sections/04_projective_refinement_and_nested_open_channels/01_exact_cauchy_carrier_and_factorization/070_C041__exact_pre_post_schur_factorization_m_a_eff_h	derivation/paper/main/sections/04_projective_refinement_and_nested_open_channels/01_exact_cauchy_carrier_and_factorization/070_C041__exact_pre_post_schur_factorization_m_a_eff_h/SECTION.tex	derivation/supplement/sections/04_projective_refinement_and_nested_open_channels/01_exact_cauchy_carrier_and_factorization/070_C041__exact_pre_post_schur_factorization_m_a_eff_h/DOCUMENTATION.md	PLANNED	PLANNED
071	C042	4.2.1	46	71	SEC-04	finite_closure	Canonical-schedule ancestor-return rank closure	CORE_REQUIRES_PROOF	MAIN_THEOREM	Unique-continuation/backward-induction rank closure for the active canonical schedule. Alternate layer_batch behavior is a Supplementary control owned by CTRL005, not part of this theorem.	LEGACY_SOURCE_ANCHOR_PENDING_LIFT			C018;C041	PROOF_REQUIRED_NO_CURRENT_EVIDENCE			PROOF_OBLIGATION	PROOF		ONE_REUSABLE_FALSIFIABLE_GATE	D2	PROOF_THEOREM_OWNER_OBSTRUCTION_OR_QUARANTINE_ROLE	THEOREM_AND_PROOF_OVERVIEW	FULL_PROOF_DOSSIER	position_in_derivation|formal_statement|hypotheses|introduction_reason|proof_strategy|lemma_chain|formal_realization|counterexamples_or_necessity_checks|axiom_profile|result|remaining_limits|downstream_handoff|code_line_register	NOT_REQUIRED_PROOF_NODE	PLANNED	NEGATIVE_CONTROL_COUNTEREXAMPLE_OR_HYPOTHESIS_NECESSITY	NOT_STARTED	NOT_STARTED				4.2.1	Projective refinement and nested open channels	Canonical-schedule rank closure	Introduced after C041, C018; registered hard handoff(s): rank_closure, fixes_active_schedule_scope.	071 · C042	071_C042__canonical_schedule_ancestor_return_rank_closure	derivation/paper/main/sections/04_projective_refinement_and_nested_open_channels/02_canonical_schedule_rank_closure/071_C042__canonical_schedule_ancestor_return_rank_closure	derivation/supplement/sections/04_projective_refinement_and_nested_open_channels/02_canonical_schedule_rank_closure/071_C042__canonical_schedule_ancestor_return_rank_closure	derivation/paper/main/sections/04_projective_refinement_and_nested_open_channels/02_canonical_schedule_rank_closure/071_C042__canonical_schedule_ancestor_return_rank_closure/SECTION.tex	derivation/supplement/sections/04_projective_refinement_and_nested_open_channels/02_canonical_schedule_rank_closure/071_C042__canonical_schedule_ancestor_return_rank_closure/DOCUMENTATION.md	PLANNED	PLANNED
072	CTRL005	4.2.2	47	72	SUPP	control	Layer-batch schedule robustness control	CONTROL_ONLY	SUPPLEMENTARY_ONLY	Run the same derived observables under layer_batch as a robustness control. It is not an active construction rule and not a free input.	CONTROL_ONLY			C018;C042	CONTROL_PENDING_IMPLEMENTATION			NONE	CONTROL		NONE	D0	EXPLICIT_ATOMIC_OR_DEFINITIONAL_OVERRIDE	COMPACT_DEFINITION	TRACEABLE_DEFINITION	position_in_derivation|definition_or_statement|introduction_reason|construction_or_encoding|boundary_case_or_countercheck|result|downstream_handoff|code_anchors	PLANNED	PLANNED	ONE_DEFINITIONAL_BOUNDARY_OR_TYPE_REJECTION	NOT_STARTED	NOT_STARTED				4.2.2	Projective refinement and nested open channels	Canonical-schedule rank closure	Introduced after C018, C042; registered hard handoff(s): defines_schedule_control_reference, supplies_canonical_schedule_reference_for_control.	072 · CTRL005	072_CTRL005__layer_batch_schedule_robustness_control	derivation/paper/main/sections/04_projective_refinement_and_nested_open_channels/02_canonical_schedule_rank_closure/072_CTRL005__layer_batch_schedule_robustness_control	derivation/supplement/sections/04_projective_refinement_and_nested_open_channels/02_canonical_schedule_rank_closure/072_CTRL005__layer_batch_schedule_robustness_control	derivation/paper/main/sections/04_projective_refinement_and_nested_open_channels/02_canonical_schedule_rank_closure/072_CTRL005__layer_batch_schedule_robustness_control/SECTION.tex	derivation/supplement/sections/04_projective_refinement_and_nested_open_channels/02_canonical_schedule_rank_closure/072_CTRL005__layer_batch_schedule_robustness_control/DOCUMENTATION.md	PLANNED	PLANNED
073	C044	4.3.1	49	73	SEC-04	refinement	Canonical finite prefix/projective carrier maps	CORE_REQUIRES_PROOF	MAIN_THEOREM	Define the finite address-prefix carrier maps used for interlevel comparison and prove their exact typing/composition on admitted finite carriers.	LEGACY_SOURCE_ANCHOR_PENDING_LIFT			C019;P019	PROOF_REQUIRED_NO_CURRENT_EVIDENCE			PROOF_OBLIGATION	PROOF_OWNER		AGGREGATES_EXPLICIT_PROOF_GATES	D2	PROOF_THEOREM_OWNER_OBSTRUCTION_OR_QUARANTINE_ROLE	THEOREM_AND_PROOF_OVERVIEW	FULL_PROOF_DOSSIER	position_in_derivation|formal_statement|hypotheses|introduction_reason|proof_strategy|lemma_chain|formal_realization|counterexamples_or_necessity_checks|axiom_profile|result|remaining_limits|downstream_handoff|code_line_register	PLANNED	PLANNED	NEGATIVE_CONTROL_COUNTEREXAMPLE_OR_HYPOTHESIS_NECESSITY	NOT_STARTED	NOT_STARTED	Nested cuts, refinement and cocycle | Finite provenance-derived POVM migration	DOWNSTREAM_COHERENCE_PROGRAM | LEGACY_MIGRATION_TARGET_NOT_CURRENT_THEOREM	GENERALIZED_OPEN_PROVENANCE_SYSTEMS -> CNNA_FINITE -> OPS-QM-01	4.3.1	Projective refinement and nested open channels	Projective carriers and nested open channels	Introduced after C019; registered hard handoff(s): supplies_finite_carrier_for_prefix_maps.	073 · C044	073_C044__canonical_finite_prefix_projective_carrier_maps	derivation/paper/main/sections/04_projective_refinement_and_nested_open_channels/03_projective_carriers_and_nested_open_channels/073_C044__canonical_finite_prefix_projective_carrier_maps	derivation/supplement/sections/04_projective_refinement_and_nested_open_channels/03_projective_carriers_and_nested_open_channels/073_C044__canonical_finite_prefix_projective_carrier_maps	derivation/paper/main/sections/04_projective_refinement_and_nested_open_channels/03_projective_carriers_and_nested_open_channels/073_C044__canonical_finite_prefix_projective_carrier_maps/SECTION.tex	derivation/supplement/sections/04_projective_refinement_and_nested_open_channels/03_projective_carriers_and_nested_open_channels/073_C044__canonical_finite_prefix_projective_carrier_maps/DOCUMENTATION.md	PLANNED	PLANNED
074	P019	4.3.1.1	50	74	SEC-04	refinement	Finite prefix-map typing, composition, and projective coherence	CORE_REQUIRES_PROOF	MAIN_THEOREM	Prove exact typing, identity, composition, and cutoff coherence of the finite address-prefix carrier maps.	ARCHITECTURAL_PROOF_DECOMPOSITION			C019;P004;P005	PROOF_REQUIRED_NO_CURRENT_EVIDENCE			PROOF_OBLIGATION	PROOF	C044	ONE_REUSABLE_FALSIFIABLE_GATE	D2	PROOF_THEOREM_OWNER_OBSTRUCTION_OR_QUARANTINE_ROLE	THEOREM_AND_PROOF_OVERVIEW	FULL_PROOF_DOSSIER	position_in_derivation|formal_statement|hypotheses|introduction_reason|proof_strategy|lemma_chain|formal_realization|counterexamples_or_necessity_checks|axiom_profile|result|remaining_limits|downstream_handoff|code_line_register	NOT_REQUIRED_PROOF_NODE	PLANNED	NEGATIVE_CONTROL_COUNTEREXAMPLE_OR_HYPOTHESIS_NECESSITY	NOT_STARTED	NOT_STARTED				4.3.1.1	Projective refinement and nested open channels	Projective carriers and nested open channels	Introduced after C019, P004, P005; registered hard handoff(s): supports_p019, supports_p019, supports_p019.	074 · P019	074_P019__finite_prefix_map_typing_composition_and_projective_coherence	derivation/paper/main/sections/04_projective_refinement_and_nested_open_channels/03_projective_carriers_and_nested_open_channels/073_C044__canonical_finite_prefix_projective_carrier_maps/074_P019__finite_prefix_map_typing_composition_and_projective_coherence	derivation/supplement/sections/04_projective_refinement_and_nested_open_channels/03_projective_carriers_and_nested_open_channels/073_C044__canonical_finite_prefix_projective_carrier_maps/074_P019__finite_prefix_map_typing_composition_and_projective_coherence	derivation/paper/main/sections/04_projective_refinement_and_nested_open_channels/03_projective_carriers_and_nested_open_channels/073_C044__canonical_finite_prefix_projective_carrier_maps/074_P019__finite_prefix_map_typing_composition_and_projective_coherence/SECTION.tex	derivation/supplement/sections/04_projective_refinement_and_nested_open_channels/03_projective_carriers_and_nested_open_channels/073_C044__canonical_finite_prefix_projective_carrier_maps/074_P019__finite_prefix_map_typing_composition_and_projective_coherence/DOCUMENTATION.md	PLANNED	PLANNED
075	C045	4.3.2	50	75	SEC-04	refinement	Nested common-ambient multiscale transport	CORE_REQUIRES_PROOF	MAIN_THEOREM	Embed nested finite response objects into a declared common ambient carrier and prove the required restriction/transport identities.	LEGACY_SOURCE_ANCHOR_PENDING_LIFT			C021;C044;P020	PROOF_REQUIRED_NO_CURRENT_EVIDENCE			PROOF_OBLIGATION	PROOF_OWNER		AGGREGATES_EXPLICIT_PROOF_GATES	D2	PROOF_THEOREM_OWNER_OBSTRUCTION_OR_QUARANTINE_ROLE	THEOREM_AND_PROOF_OVERVIEW	FULL_PROOF_DOSSIER	position_in_derivation|formal_statement|hypotheses|introduction_reason|proof_strategy|lemma_chain|formal_realization|counterexamples_or_necessity_checks|axiom_profile|result|remaining_limits|downstream_handoff|code_line_register	PLANNED	PLANNED	NEGATIVE_CONTROL_COUNTEREXAMPLE_OR_HYPOTHESIS_NECESSITY	NOT_STARTED	NOT_STARTED	Nested cuts, refinement and cocycle	DOWNSTREAM_COHERENCE_PROGRAM	GENERALIZED_OPEN_PROVENANCE_SYSTEMS -> CNNA_FINITE	4.3.2	Projective refinement and nested open channels	Projective carriers and nested open channels	Introduced after C021, C044; registered hard handoff(s): supplies_response_objects_for_multiscale_transport, supplies_projective_carrier_maps.	075 · C045	075_C045__nested_common_ambient_multiscale_transport	derivation/paper/main/sections/04_projective_refinement_and_nested_open_channels/03_projective_carriers_and_nested_open_channels/075_C045__nested_common_ambient_multiscale_transport	derivation/supplement/sections/04_projective_refinement_and_nested_open_channels/03_projective_carriers_and_nested_open_channels/075_C045__nested_common_ambient_multiscale_transport	derivation/paper/main/sections/04_projective_refinement_and_nested_open_channels/03_projective_carriers_and_nested_open_channels/075_C045__nested_common_ambient_multiscale_transport/SECTION.tex	derivation/supplement/sections/04_projective_refinement_and_nested_open_channels/03_projective_carriers_and_nested_open_channels/075_C045__nested_common_ambient_multiscale_transport/DOCUMENTATION.md	PLANNED	PLANNED
076	P020	4.3.2.1	51	76	SEC-04	refinement	Common-ambient embedding and transport identities	CORE_REQUIRES_PROOF	MAIN_THEOREM	Prove that nested finite response objects embed into the declared common ambient carrier and satisfy the exact restriction/transport identities.	ARCHITECTURAL_PROOF_DECOMPOSITION			C021;C044;P009;P019	PROOF_REQUIRED_NO_CURRENT_EVIDENCE			PROOF_OBLIGATION	PROOF	C045	ONE_REUSABLE_FALSIFIABLE_GATE	D2	PROOF_THEOREM_OWNER_OBSTRUCTION_OR_QUARANTINE_ROLE	THEOREM_AND_PROOF_OVERVIEW	FULL_PROOF_DOSSIER	position_in_derivation|formal_statement|hypotheses|introduction_reason|proof_strategy|lemma_chain|formal_realization|counterexamples_or_necessity_checks|axiom_profile|result|remaining_limits|downstream_handoff|code_line_register	NOT_REQUIRED_PROOF_NODE	PLANNED	NEGATIVE_CONTROL_COUNTEREXAMPLE_OR_HYPOTHESIS_NECESSITY	NOT_STARTED	NOT_STARTED				4.3.2.1	Projective refinement and nested open channels	Projective carriers and nested open channels	Introduced after C021, C044, P009, P019; registered hard handoff(s): supports_p020, supports_p020, supports_p020, supports_p020.	076 · P020	076_P020__common_ambient_embedding_and_transport_identities	derivation/paper/main/sections/04_projective_refinement_and_nested_open_channels/03_projective_carriers_and_nested_open_channels/075_C045__nested_common_ambient_multiscale_transport/076_P020__common_ambient_embedding_and_transport_identities	derivation/supplement/sections/04_projective_refinement_and_nested_open_channels/03_projective_carriers_and_nested_open_channels/075_C045__nested_common_ambient_multiscale_transport/076_P020__common_ambient_embedding_and_transport_identities	derivation/paper/main/sections/04_projective_refinement_and_nested_open_channels/03_projective_carriers_and_nested_open_channels/075_C045__nested_common_ambient_multiscale_transport/076_P020__common_ambient_embedding_and_transport_identities/SECTION.tex	derivation/supplement/sections/04_projective_refinement_and_nested_open_channels/03_projective_carriers_and_nested_open_channels/075_C045__nested_common_ambient_multiscale_transport/076_P020__common_ambient_embedding_and_transport_identities/DOCUMENTATION.md	PLANNED	PLANNED
077	C047	4.3.3	51	77	SEC-04	refinement	Nested channel refinement	CORE_REQUIRES_PROOF	MAIN_THEOREM	Construct nested refinement maps between admitted channel objects and prove their compatibility with the common-ambient transport.	LEGACY_SOURCE_ANCHOR_PENDING_LIFT			C040;C041;C045;P021	PROOF_REQUIRED_NO_CURRENT_EVIDENCE			PROOF_OBLIGATION	PROOF_OWNER		AGGREGATES_EXPLICIT_PROOF_GATES	D2	PROOF_THEOREM_OWNER_OBSTRUCTION_OR_QUARANTINE_ROLE	THEOREM_AND_PROOF_OVERVIEW	FULL_PROOF_DOSSIER	position_in_derivation|formal_statement|hypotheses|introduction_reason|proof_strategy|lemma_chain|formal_realization|counterexamples_or_necessity_checks|axiom_profile|result|remaining_limits|downstream_handoff|code_line_register	PLANNED	PLANNED	NEGATIVE_CONTROL_COUNTEREXAMPLE_OR_HYPOTHESIS_NECESSITY	NOT_STARTED	NOT_STARTED	Nested cuts, refinement and cocycle | Finite provenance-derived POVM migration	DOWNSTREAM_COHERENCE_PROGRAM | LEGACY_MIGRATION_TARGET_NOT_CURRENT_THEOREM	GENERALIZED_OPEN_PROVENANCE_SYSTEMS -> CNNA_FINITE -> OPS-QM-01	4.3.3	Projective refinement and nested open channels	Projective carriers and nested open channels	Introduced after C040, C041, C045; registered hard handoff(s): supplies_ancestor_carrier, supplies_exact_factorization, supplies_common_ambient_transport.	077 · C047	077_C047__nested_channel_refinement	derivation/paper/main/sections/04_projective_refinement_and_nested_open_channels/03_projective_carriers_and_nested_open_channels/077_C047__nested_channel_refinement	derivation/supplement/sections/04_projective_refinement_and_nested_open_channels/03_projective_carriers_and_nested_open_channels/077_C047__nested_channel_refinement	derivation/paper/main/sections/04_projective_refinement_and_nested_open_channels/03_projective_carriers_and_nested_open_channels/077_C047__nested_channel_refinement/SECTION.tex	derivation/supplement/sections/04_projective_refinement_and_nested_open_channels/03_projective_carriers_and_nested_open_channels/077_C047__nested_channel_refinement/DOCUMENTATION.md	PLANNED	PLANNED
078	P021	4.3.3.1	52	78	SEC-04	refinement	Nested refinement-map well-definedness and compatibility	CORE_REQUIRES_PROOF	MAIN_THEOREM	Prove exact typing and compatibility of nested channel refinement maps with the common-ambient transport.	ARCHITECTURAL_PROOF_DECOMPOSITION			C040;C041;C045;P018;P020	PROOF_REQUIRED_NO_CURRENT_EVIDENCE			PROOF_OBLIGATION	PROOF	C047	ONE_REUSABLE_FALSIFIABLE_GATE	D2	PROOF_THEOREM_OWNER_OBSTRUCTION_OR_QUARANTINE_ROLE	THEOREM_AND_PROOF_OVERVIEW	FULL_PROOF_DOSSIER	position_in_derivation|formal_statement|hypotheses|introduction_reason|proof_strategy|lemma_chain|formal_realization|counterexamples_or_necessity_checks|axiom_profile|result|remaining_limits|downstream_handoff|code_line_register	NOT_REQUIRED_PROOF_NODE	PLANNED	NEGATIVE_CONTROL_COUNTEREXAMPLE_OR_HYPOTHESIS_NECESSITY	NOT_STARTED	NOT_STARTED				4.3.3.1	Projective refinement and nested open channels	Projective carriers and nested open channels	Introduced after C040, C041, C045, P018, P020; registered hard handoff(s): supports_p021, supports_p021, supports_p021, supports_p021, supports_p021.	078 · P021	078_P021__nested_refinement_map_well_definedness_and_compatibility	derivation/paper/main/sections/04_projective_refinement_and_nested_open_channels/03_projective_carriers_and_nested_open_channels/077_C047__nested_channel_refinement/078_P021__nested_refinement_map_well_definedness_and_compatibility	derivation/supplement/sections/04_projective_refinement_and_nested_open_channels/03_projective_carriers_and_nested_open_channels/077_C047__nested_channel_refinement/078_P021__nested_refinement_map_well_definedness_and_compatibility	derivation/paper/main/sections/04_projective_refinement_and_nested_open_channels/03_projective_carriers_and_nested_open_channels/077_C047__nested_channel_refinement/078_P021__nested_refinement_map_well_definedness_and_compatibility/SECTION.tex	derivation/supplement/sections/04_projective_refinement_and_nested_open_channels/03_projective_carriers_and_nested_open_channels/077_C047__nested_channel_refinement/078_P021__nested_refinement_map_well_definedness_and_compatibility/DOCUMENTATION.md	PLANNED	PLANNED
079	C046	4.3.4	52	79	SEC-04	refinement	Forward channel structure	CORE_REQUIRES_PROOF	MAIN_THEOREM	Define the forward channel induced by the admitted refinement data and prove the stated finite structural identities.	LEGACY_SOURCE_ANCHOR_PENDING_LIFT			C042;C047;P022	PROOF_REQUIRED_NO_CURRENT_EVIDENCE			PROOF_OBLIGATION	PROOF_OWNER		AGGREGATES_EXPLICIT_PROOF_GATES	D2	PROOF_THEOREM_OWNER_OBSTRUCTION_OR_QUARANTINE_ROLE	THEOREM_AND_PROOF_OVERVIEW	FULL_PROOF_DOSSIER	position_in_derivation|formal_statement|hypotheses|introduction_reason|proof_strategy|lemma_chain|formal_realization|counterexamples_or_necessity_checks|axiom_profile|result|remaining_limits|downstream_handoff|code_line_register	PLANNED	PLANNED	NEGATIVE_CONTROL_COUNTEREXAMPLE_OR_HYPOTHESIS_NECESSITY	NOT_STARTED	NOT_STARTED	Nested cuts, refinement and cocycle	DOWNSTREAM_COHERENCE_PROGRAM	GENERALIZED_OPEN_PROVENANCE_SYSTEMS -> CNNA_FINITE	4.3.4	Projective refinement and nested open channels	Projective carriers and nested open channels	Introduced after C042, C047; registered hard handoff(s): supplies_rank_closure, supplies_nested_refinement.	079 · C046	079_C046__forward_channel_structure	derivation/paper/main/sections/04_projective_refinement_and_nested_open_channels/03_projective_carriers_and_nested_open_channels/079_C046__forward_channel_structure	derivation/supplement/sections/04_projective_refinement_and_nested_open_channels/03_projective_carriers_and_nested_open_channels/079_C046__forward_channel_structure	derivation/paper/main/sections/04_projective_refinement_and_nested_open_channels/03_projective_carriers_and_nested_open_channels/079_C046__forward_channel_structure/SECTION.tex	derivation/supplement/sections/04_projective_refinement_and_nested_open_channels/03_projective_carriers_and_nested_open_channels/079_C046__forward_channel_structure/DOCUMENTATION.md	PLANNED	PLANNED
080	P022	4.3.4.1	53	80	SEC-04	refinement	Forward-channel well-definedness and structural identities	CORE_REQUIRES_PROOF	MAIN_THEOREM	Prove that the induced forward channel is well-defined and satisfies the declared finite structural identities.	ARCHITECTURAL_PROOF_DECOMPOSITION			C042;C047;P021	PROOF_REQUIRED_NO_CURRENT_EVIDENCE			PROOF_OBLIGATION	PROOF	C046	ONE_REUSABLE_FALSIFIABLE_GATE	D2	PROOF_THEOREM_OWNER_OBSTRUCTION_OR_QUARANTINE_ROLE	THEOREM_AND_PROOF_OVERVIEW	FULL_PROOF_DOSSIER	position_in_derivation|formal_statement|hypotheses|introduction_reason|proof_strategy|lemma_chain|formal_realization|counterexamples_or_necessity_checks|axiom_profile|result|remaining_limits|downstream_handoff|code_line_register	NOT_REQUIRED_PROOF_NODE	PLANNED	NEGATIVE_CONTROL_COUNTEREXAMPLE_OR_HYPOTHESIS_NECESSITY	NOT_STARTED	NOT_STARTED				4.3.4.1	Projective refinement and nested open channels	Projective carriers and nested open channels	Introduced after C042, C047, P021; registered hard handoff(s): supports_p022, supports_p022, supports_p022.	080 · P022	080_P022__forward_channel_well_definedness_and_structural_identities	derivation/paper/main/sections/04_projective_refinement_and_nested_open_channels/03_projective_carriers_and_nested_open_channels/079_C046__forward_channel_structure/080_P022__forward_channel_well_definedness_and_structural_identities	derivation/supplement/sections/04_projective_refinement_and_nested_open_channels/03_projective_carriers_and_nested_open_channels/079_C046__forward_channel_structure/080_P022__forward_channel_well_definedness_and_structural_identities	derivation/paper/main/sections/04_projective_refinement_and_nested_open_channels/03_projective_carriers_and_nested_open_channels/079_C046__forward_channel_structure/080_P022__forward_channel_well_definedness_and_structural_identities/SECTION.tex	derivation/supplement/sections/04_projective_refinement_and_nested_open_channels/03_projective_carriers_and_nested_open_channels/079_C046__forward_channel_structure/080_P022__forward_channel_well_definedness_and_structural_identities/DOCUMENTATION.md	PLANNED	PLANNED
081	C043	4.4.1	53	81	SEC-04	finite_closure	Refinement/cocycle/live reconstruction	CORE_REQUIRES_PROOF	MAIN_THEOREM	Assemble the admitted exact refinement, cocycle, future-invariance and live-directed reconstruction results after the projective/nested channel structure is fixed.	LEGACY_SOURCE_ANCHOR_PENDING_LIFT			C042;C046;C047;P023;P024;P025	PROOF_REQUIRED_NO_CURRENT_EVIDENCE			PROOF_OBLIGATION	PROOF_OWNER		AGGREGATES_EXPLICIT_PROOF_GATES	D2	PROOF_THEOREM_OWNER_OBSTRUCTION_OR_QUARANTINE_ROLE	THEOREM_AND_PROOF_OVERVIEW	FULL_PROOF_DOSSIER	position_in_derivation|formal_statement|hypotheses|introduction_reason|proof_strategy|lemma_chain|formal_realization|counterexamples_or_necessity_checks|axiom_profile|result|remaining_limits|downstream_handoff|code_line_register	PLANNED	PLANNED	NEGATIVE_CONTROL_COUNTEREXAMPLE_OR_HYPOTHESIS_NECESSITY	NOT_STARTED	NOT_STARTED	Immutable record, live state and backreaction | Nested cuts, refinement and cocycle | Open-quantum-process specialization	DOWNSTREAM_CONSTRUCTION | DOWNSTREAM_COHERENCE_PROGRAM | LATER_QUANTUM_SPECIALIZATION_NOT_UNIVERSAL_CLAIM	GENERALIZED_OPEN_PROVENANCE_SYSTEMS -> CNNA_FINITE -> OPS-QM-02	4.4.1	Projective refinement and nested open channels	Refinement, cocycle and live reconstruction	Introduced after C042, C046, C047; registered hard handoff(s): refinement_reconstruction, supplies_forward_channel_structure, supplies_nested_channel_refinement.	081 · C043	081_C043__refinement_cocycle_live_reconstruction	derivation/paper/main/sections/04_projective_refinement_and_nested_open_channels/04_refinement_cocycle_and_live_reconstruction/081_C043__refinement_cocycle_live_reconstruction	derivation/supplement/sections/04_projective_refinement_and_nested_open_channels/04_refinement_cocycle_and_live_reconstruction/081_C043__refinement_cocycle_live_reconstruction	derivation/paper/main/sections/04_projective_refinement_and_nested_open_channels/04_refinement_cocycle_and_live_reconstruction/081_C043__refinement_cocycle_live_reconstruction/SECTION.tex	derivation/supplement/sections/04_projective_refinement_and_nested_open_channels/04_refinement_cocycle_and_live_reconstruction/081_C043__refinement_cocycle_live_reconstruction/DOCUMENTATION.md	PLANNED	PLANNED
082	P023	4.4.1.1	54	82	SEC-04	finite_closure	Refinement cocycle law	CORE_REQUIRES_PROOF	MAIN_THEOREM	Prove identity and composition/cocycle laws for the admitted refinement and forward-channel maps.	ARCHITECTURAL_PROOF_DECOMPOSITION			C042;C046;C047;P021;P022	PROOF_REQUIRED_NO_CURRENT_EVIDENCE			PROOF_OBLIGATION	PROOF	C043	ONE_REUSABLE_FALSIFIABLE_GATE	D2	PROOF_THEOREM_OWNER_OBSTRUCTION_OR_QUARANTINE_ROLE	THEOREM_AND_PROOF_OVERVIEW	FULL_PROOF_DOSSIER	position_in_derivation|formal_statement|hypotheses|introduction_reason|proof_strategy|lemma_chain|formal_realization|counterexamples_or_necessity_checks|axiom_profile|result|remaining_limits|downstream_handoff|code_line_register	NOT_REQUIRED_PROOF_NODE	PLANNED	NEGATIVE_CONTROL_COUNTEREXAMPLE_OR_HYPOTHESIS_NECESSITY	NOT_STARTED	NOT_STARTED				4.4.1.1	Projective refinement and nested open channels	Refinement, cocycle and live reconstruction	Introduced after C042, C046, C047, P021, P022; registered hard handoff(s): supports_p023, supports_p023, supports_p023, supports_p023, supports_p023.	082 · P023	082_P023__refinement_cocycle_law	derivation/paper/main/sections/04_projective_refinement_and_nested_open_channels/04_refinement_cocycle_and_live_reconstruction/081_C043__refinement_cocycle_live_reconstruction/082_P023__refinement_cocycle_law	derivation/supplement/sections/04_projective_refinement_and_nested_open_channels/04_refinement_cocycle_and_live_reconstruction/081_C043__refinement_cocycle_live_reconstruction/082_P023__refinement_cocycle_law	derivation/paper/main/sections/04_projective_refinement_and_nested_open_channels/04_refinement_cocycle_and_live_reconstruction/081_C043__refinement_cocycle_live_reconstruction/082_P023__refinement_cocycle_law/SECTION.tex	derivation/supplement/sections/04_projective_refinement_and_nested_open_channels/04_refinement_cocycle_and_live_reconstruction/081_C043__refinement_cocycle_live_reconstruction/082_P023__refinement_cocycle_law/DOCUMENTATION.md	PLANNED	PLANNED
083	P024	4.4.1.2	55	83	SEC-04	finite_closure	Future invariance of retained finite blocks	CORE_REQUIRES_PROOF	MAIN_THEOREM	Prove exact invariance of previously formed blocks under later admissible births/refinements on the declared common carrier.	ARCHITECTURAL_PROOF_DECOMPOSITION			C046;C047;P023	PROOF_REQUIRED_NO_CURRENT_EVIDENCE			PROOF_OBLIGATION	PROOF	C043	ONE_REUSABLE_FALSIFIABLE_GATE	D2	PROOF_THEOREM_OWNER_OBSTRUCTION_OR_QUARANTINE_ROLE	THEOREM_AND_PROOF_OVERVIEW	FULL_PROOF_DOSSIER	position_in_derivation|formal_statement|hypotheses|introduction_reason|proof_strategy|lemma_chain|formal_realization|counterexamples_or_necessity_checks|axiom_profile|result|remaining_limits|downstream_handoff|code_line_register	NOT_REQUIRED_PROOF_NODE	PLANNED	NEGATIVE_CONTROL_COUNTEREXAMPLE_OR_HYPOTHESIS_NECESSITY	NOT_STARTED	NOT_STARTED				4.4.1.2	Projective refinement and nested open channels	Refinement, cocycle and live reconstruction	Introduced after C046, C047, P023; registered hard handoff(s): supports_p024, supports_p024, supports_p024.	083 · P024	083_P024__future_invariance_of_retained_finite_blocks	derivation/paper/main/sections/04_projective_refinement_and_nested_open_channels/04_refinement_cocycle_and_live_reconstruction/081_C043__refinement_cocycle_live_reconstruction/083_P024__future_invariance_of_retained_finite_blocks	derivation/supplement/sections/04_projective_refinement_and_nested_open_channels/04_refinement_cocycle_and_live_reconstruction/081_C043__refinement_cocycle_live_reconstruction/083_P024__future_invariance_of_retained_finite_blocks	derivation/paper/main/sections/04_projective_refinement_and_nested_open_channels/04_refinement_cocycle_and_live_reconstruction/081_C043__refinement_cocycle_live_reconstruction/083_P024__future_invariance_of_retained_finite_blocks/SECTION.tex	derivation/supplement/sections/04_projective_refinement_and_nested_open_channels/04_refinement_cocycle_and_live_reconstruction/081_C043__refinement_cocycle_live_reconstruction/083_P024__future_invariance_of_retained_finite_blocks/DOCUMENTATION.md	PLANNED	PLANNED
084	P025	4.4.1.3	56	84	SEC-04	finite_closure	Live-directed reconstruction from record and cocycle data	CORE_REQUIRES_PROOF	MAIN_THEOREM	Prove exact reconstruction of the live directed object from immutable records plus the admitted refinement/cocycle data.	ARCHITECTURAL_PROOF_DECOMPOSITION			C016;C017;C046;C047;P023;P024	PROOF_REQUIRED_NO_CURRENT_EVIDENCE			PROOF_OBLIGATION	PROOF	C043	ONE_REUSABLE_FALSIFIABLE_GATE	D2	PROOF_THEOREM_OWNER_OBSTRUCTION_OR_QUARANTINE_ROLE	THEOREM_AND_PROOF_OVERVIEW	FULL_PROOF_DOSSIER	position_in_derivation|formal_statement|hypotheses|introduction_reason|proof_strategy|lemma_chain|formal_realization|counterexamples_or_necessity_checks|axiom_profile|result|remaining_limits|downstream_handoff|code_line_register	NOT_REQUIRED_PROOF_NODE	PLANNED	NEGATIVE_CONTROL_COUNTEREXAMPLE_OR_HYPOTHESIS_NECESSITY	NOT_STARTED	NOT_STARTED				4.4.1.3	Projective refinement and nested open channels	Refinement, cocycle and live reconstruction	Introduced after C016, C017, C046, C047, P023, P024; registered hard handoff(s): supports_p025, supports_p025, supports_p025, supports_p025, supports_p025, supports_p025.	084 · P025	084_P025__live_directed_reconstruction_from_record_and_cocycle_data	derivation/paper/main/sections/04_projective_refinement_and_nested_open_channels/04_refinement_cocycle_and_live_reconstruction/081_C043__refinement_cocycle_live_reconstruction/084_P025__live_directed_reconstruction_from_record_and_cocycle_data	derivation/supplement/sections/04_projective_refinement_and_nested_open_channels/04_refinement_cocycle_and_live_reconstruction/081_C043__refinement_cocycle_live_reconstruction/084_P025__live_directed_reconstruction_from_record_and_cocycle_data	derivation/paper/main/sections/04_projective_refinement_and_nested_open_channels/04_refinement_cocycle_and_live_reconstruction/081_C043__refinement_cocycle_live_reconstruction/084_P025__live_directed_reconstruction_from_record_and_cocycle_data/SECTION.tex	derivation/supplement/sections/04_projective_refinement_and_nested_open_channels/04_refinement_cocycle_and_live_reconstruction/081_C043__refinement_cocycle_live_reconstruction/084_P025__live_directed_reconstruction_from_record_and_cocycle_data/DOCUMENTATION.md	PLANNED	PLANNED
085	O049	4.5.1	56	85	SEC-04	obstruction	Projection/completion naturality obstruction	MATHEMATICAL_OBSTRUCTION_PROOF_REQUIRED	MAIN_BOUNDARY	The tested projection/completion identification fails the required naturality gate; retain only the exact obstruction boundary pending current proof/evidence.	MATHEMATICAL_OBSTRUCTION			C043	PROOF_REQUIRED_NO_CURRENT_EVIDENCE			MATHEMATICAL_OBSTRUCTION_PROOF	PROOF		ONE_REUSABLE_FALSIFIABLE_GATE	D2	PROOF_THEOREM_OWNER_OBSTRUCTION_OR_QUARANTINE_ROLE	THEOREM_AND_PROOF_OVERVIEW	FULL_PROOF_DOSSIER	position_in_derivation|formal_statement|hypotheses|introduction_reason|proof_strategy|lemma_chain|formal_realization|counterexamples_or_necessity_checks|axiom_profile|result|remaining_limits|downstream_handoff|code_line_register	NOT_REQUIRED_PROOF_NODE	PLANNED	NEGATIVE_CONTROL_COUNTEREXAMPLE_OR_HYPOTHESIS_NECESSITY	NOT_STARTED	NOT_STARTED				4.5.1	Projective refinement and nested open channels	Projection-completion obstruction boundary	Introduced after C043; registered hard handoff(s): exposes_projection_completion_naturality_boundary.	085 · O049	085_O049__projection_completion_naturality_obstruction	derivation/paper/main/sections/04_projective_refinement_and_nested_open_channels/05_projection_completion_obstruction_boundary/085_O049__projection_completion_naturality_obstruction	derivation/supplement/sections/04_projective_refinement_and_nested_open_channels/05_projection_completion_obstruction_boundary/085_O049__projection_completion_naturality_obstruction	derivation/paper/main/sections/04_projective_refinement_and_nested_open_channels/05_projection_completion_obstruction_boundary/085_O049__projection_completion_naturality_obstruction/SECTION.tex	derivation/supplement/sections/04_projective_refinement_and_nested_open_channels/05_projection_completion_obstruction_boundary/085_O049__projection_completion_naturality_obstruction/DOCUMENTATION.md	PLANNED	PLANNED
086	C050	5.1.1	58	86	SEC-05	raw_completion	Finite-support raw presymplectic carrier (V_fin,σ_raw)	CORE_BLOCKED	MAIN_FULL	Future-invariant old-old raw skew blocks on the single finite-support carrier. Revalidation is mandatory after replacing the primitive IST growth law by response-coupled growth.	LEGACY_SOURCE_ANCHOR_PENDING_LIFT			C008;C019;C023;P026	BLOCKED_NO_CURRENT_EVIDENCE			BLOCKED_DERIVED_NODE	PROOF_OWNER		AGGREGATES_EXPLICIT_PROOF_GATES	D2	PROOF_THEOREM_OWNER_OBSTRUCTION_OR_QUARANTINE_ROLE	THEOREM_AND_PROOF_OVERVIEW	FULL_PROOF_DOSSIER	position_in_derivation|formal_statement|hypotheses|introduction_reason|proof_strategy|lemma_chain|formal_realization|counterexamples_or_necessity_checks|axiom_profile|result|remaining_limits|downstream_handoff|code_line_register	PLANNED	PLANNED	NEGATIVE_CONTROL_COUNTEREXAMPLE_OR_HYPOTHESIS_NECESSITY	NOT_STARTED	NOT_STARTED				5.1.1	Presymplectic completion, Weyl system and quasifree state	Raw presymplectic carrier and Weyl system	Introduced after C008, C023, C019; registered hard handoff(s): stabilizes_raw_skew, supplies_raw_skew_response, supplies_common_finite_support_carrier.	086 · C050	086_C050__finite_support_raw_presymplectic_carrier_v_fin_raw	derivation/paper/main/sections/05_presymplectic_completion_weyl_system_and_quasifree_state/01_raw_presymplectic_carrier_and_weyl_system/086_C050__finite_support_raw_presymplectic_carrier_v_fin_raw	derivation/supplement/sections/05_presymplectic_completion_weyl_system_and_quasifree_state/01_raw_presymplectic_carrier_and_weyl_system/086_C050__finite_support_raw_presymplectic_carrier_v_fin_raw	derivation/paper/main/sections/05_presymplectic_completion_weyl_system_and_quasifree_state/01_raw_presymplectic_carrier_and_weyl_system/086_C050__finite_support_raw_presymplectic_carrier_v_fin_raw/SECTION.tex	derivation/supplement/sections/05_presymplectic_completion_weyl_system_and_quasifree_state/01_raw_presymplectic_carrier_and_weyl_system/086_C050__finite_support_raw_presymplectic_carrier_v_fin_raw/DOCUMENTATION.md	PLANNED	PLANNED
087	P026	5.1.1.1	59	87	SEC-05	raw_completion	Raw presymplectic well-definedness and future invariance	CORE_REQUIRES_PROOF	MAIN_FULL	Prove bilinearity, antisymmetry, finite-support well-definedness, and future invariance of the single raw skew carrier.	ARCHITECTURAL_PROOF_DECOMPOSITION			C008;C019;C023;C043;P024	PROOF_REQUIRED_NO_CURRENT_EVIDENCE			PROOF_OBLIGATION	PROOF	C050	ONE_REUSABLE_FALSIFIABLE_GATE	D2	PROOF_THEOREM_OWNER_OBSTRUCTION_OR_QUARANTINE_ROLE	THEOREM_AND_PROOF_OVERVIEW	FULL_PROOF_DOSSIER	position_in_derivation|formal_statement|hypotheses|introduction_reason|proof_strategy|lemma_chain|formal_realization|counterexamples_or_necessity_checks|axiom_profile|result|remaining_limits|downstream_handoff|code_line_register	NOT_REQUIRED_PROOF_NODE	PLANNED	NEGATIVE_CONTROL_COUNTEREXAMPLE_OR_HYPOTHESIS_NECESSITY	NOT_STARTED	NOT_STARTED				5.1.1.1	Presymplectic completion, Weyl system and quasifree state	Raw presymplectic carrier and Weyl system	Introduced after C008, C019, C023, C043, P024; registered hard handoff(s): supports_p026, supports_p026, supports_p026, supports_p026, supports_p026.	087 · P026	087_P026__raw_presymplectic_well_definedness_and_future_invariance	derivation/paper/main/sections/05_presymplectic_completion_weyl_system_and_quasifree_state/01_raw_presymplectic_carrier_and_weyl_system/086_C050__finite_support_raw_presymplectic_carrier_v_fin_raw/087_P026__raw_presymplectic_well_definedness_and_future_invariance	derivation/supplement/sections/05_presymplectic_completion_weyl_system_and_quasifree_state/01_raw_presymplectic_carrier_and_weyl_system/086_C050__finite_support_raw_presymplectic_carrier_v_fin_raw/087_P026__raw_presymplectic_well_definedness_and_future_invariance	derivation/paper/main/sections/05_presymplectic_completion_weyl_system_and_quasifree_state/01_raw_presymplectic_carrier_and_weyl_system/086_C050__finite_support_raw_presymplectic_carrier_v_fin_raw/087_P026__raw_presymplectic_well_definedness_and_future_invariance/SECTION.tex	derivation/supplement/sections/05_presymplectic_completion_weyl_system_and_quasifree_state/01_raw_presymplectic_carrier_and_weyl_system/086_C050__finite_support_raw_presymplectic_carrier_v_fin_raw/087_P026__raw_presymplectic_well_definedness_and_future_invariance/DOCUMENTATION.md	PLANNED	PLANNED
088	C051	5.1.2	59	88	SEC-05	raw_completion	Algebraic Weyl direct system	CORE_DEFINED	MAIN_FULL	One algebraic Weyl system over the common finite-support presymplectic carrier; local radicals are not independently quotiented. Explicit proof ownership: P027.	LEGACY_SOURCE_ANCHOR_PENDING_LIFT			C050;P027	NO_CURRENT_EVIDENCE			NONE	PROOF_OWNER		AGGREGATES_EXPLICIT_PROOF_GATES	D2	PROOF_THEOREM_OWNER_OBSTRUCTION_OR_QUARANTINE_ROLE	THEOREM_AND_PROOF_OVERVIEW	FULL_PROOF_DOSSIER	position_in_derivation|formal_statement|hypotheses|introduction_reason|proof_strategy|lemma_chain|formal_realization|counterexamples_or_necessity_checks|axiom_profile|result|remaining_limits|downstream_handoff|code_line_register	PLANNED	PLANNED	NEGATIVE_CONTROL_COUNTEREXAMPLE_OR_HYPOTHESIS_NECESSITY	NOT_STARTED	NOT_STARTED				5.1.2	Presymplectic completion, Weyl system and quasifree state	Raw presymplectic carrier and Weyl system	Introduced after C050; registered hard handoff(s): weyl_direct_system.	088 · C051	088_C051__algebraic_weyl_direct_system	derivation/paper/main/sections/05_presymplectic_completion_weyl_system_and_quasifree_state/01_raw_presymplectic_carrier_and_weyl_system/088_C051__algebraic_weyl_direct_system	derivation/supplement/sections/05_presymplectic_completion_weyl_system_and_quasifree_state/01_raw_presymplectic_carrier_and_weyl_system/088_C051__algebraic_weyl_direct_system	derivation/paper/main/sections/05_presymplectic_completion_weyl_system_and_quasifree_state/01_raw_presymplectic_carrier_and_weyl_system/088_C051__algebraic_weyl_direct_system/SECTION.tex	derivation/supplement/sections/05_presymplectic_completion_weyl_system_and_quasifree_state/01_raw_presymplectic_carrier_and_weyl_system/088_C051__algebraic_weyl_direct_system/DOCUMENTATION.md	PLANNED	PLANNED
089	P027	5.1.2.1	60	89	SEC-05	raw_completion	Algebraic Weyl direct-system coherence	CORE_REQUIRES_PROOF	MAIN_FULL	Prove CCR compatibility, inclusion-map coherence, and independence from separately quotienting local radicals.	ARCHITECTURAL_PROOF_DECOMPOSITION			C050;P026	PROOF_REQUIRED_NO_CURRENT_EVIDENCE			PROOF_OBLIGATION	PROOF	C051	ONE_REUSABLE_FALSIFIABLE_GATE	D2	PROOF_THEOREM_OWNER_OBSTRUCTION_OR_QUARANTINE_ROLE	THEOREM_AND_PROOF_OVERVIEW	FULL_PROOF_DOSSIER	position_in_derivation|formal_statement|hypotheses|introduction_reason|proof_strategy|lemma_chain|formal_realization|counterexamples_or_necessity_checks|axiom_profile|result|remaining_limits|downstream_handoff|code_line_register	NOT_REQUIRED_PROOF_NODE	PLANNED	NEGATIVE_CONTROL_COUNTEREXAMPLE_OR_HYPOTHESIS_NECESSITY	NOT_STARTED	NOT_STARTED				5.1.2.1	Presymplectic completion, Weyl system and quasifree state	Raw presymplectic carrier and Weyl system	Introduced after C050, P026; registered hard handoff(s): supports_p027, supports_p027.	089 · P027	089_P027__algebraic_weyl_direct_system_coherence	derivation/paper/main/sections/05_presymplectic_completion_weyl_system_and_quasifree_state/01_raw_presymplectic_carrier_and_weyl_system/088_C051__algebraic_weyl_direct_system/089_P027__algebraic_weyl_direct_system_coherence	derivation/supplement/sections/05_presymplectic_completion_weyl_system_and_quasifree_state/01_raw_presymplectic_carrier_and_weyl_system/088_C051__algebraic_weyl_direct_system/089_P027__algebraic_weyl_direct_system_coherence	derivation/paper/main/sections/05_presymplectic_completion_weyl_system_and_quasifree_state/01_raw_presymplectic_carrier_and_weyl_system/088_C051__algebraic_weyl_direct_system/089_P027__algebraic_weyl_direct_system_coherence/SECTION.tex	derivation/supplement/sections/05_presymplectic_completion_weyl_system_and_quasifree_state/01_raw_presymplectic_carrier_and_weyl_system/088_C051__algebraic_weyl_direct_system/089_P027__algebraic_weyl_direct_system_coherence/DOCUMENTATION.md	PLANNED	PLANNED
090	M050	5.2.1	61	90	SEC-05	state	Derived provenance Hilbert metric G	CORE_REQUIRED_MISSING	MAIN_FULL	Derive, rather than merely assume, the node-local/cylinder-consistent/endpoint-neutral Hilbert metric selecting G_v∝b^{|v|}a(v)^2.	LEGACY_SOURCE_ANCHOR_PENDING_LIFT			C003;P028;P029	CONSTRUCTION_MISSING_NO_CURRENT_EVIDENCE			MISSING_CONSTRUCTION_OR_THEOREM	PROOF_OWNER		AGGREGATES_EXPLICIT_PROOF_GATES	D2	PROOF_THEOREM_OWNER_OBSTRUCTION_OR_QUARANTINE_ROLE	THEOREM_AND_PROOF_OVERVIEW	FULL_PROOF_DOSSIER	position_in_derivation|formal_statement|hypotheses|introduction_reason|proof_strategy|lemma_chain|formal_realization|counterexamples_or_necessity_checks|axiom_profile|result|remaining_limits|downstream_handoff|code_line_register	PLANNED	PLANNED	NEGATIVE_CONTROL_COUNTEREXAMPLE_OR_HYPOTHESIS_NECESSITY	NOT_STARTED	NOT_STARTED				5.2.1	Presymplectic completion, Weyl system and quasifree state	Provenance Hilbert metric and normalized skew	Introduced after C003; registered hard handoff(s): selects_provenance_metric.	090 · M050	090_M050__derived_provenance_hilbert_metric_g	derivation/paper/main/sections/05_presymplectic_completion_weyl_system_and_quasifree_state/02_provenance_hilbert_metric_and_normalized_skew/090_M050__derived_provenance_hilbert_metric_g	derivation/supplement/sections/05_presymplectic_completion_weyl_system_and_quasifree_state/02_provenance_hilbert_metric_and_normalized_skew/090_M050__derived_provenance_hilbert_metric_g	derivation/paper/main/sections/05_presymplectic_completion_weyl_system_and_quasifree_state/02_provenance_hilbert_metric_and_normalized_skew/090_M050__derived_provenance_hilbert_metric_g/SECTION.tex	derivation/supplement/sections/05_presymplectic_completion_weyl_system_and_quasifree_state/02_provenance_hilbert_metric_and_normalized_skew/090_M050__derived_provenance_hilbert_metric_g/DOCUMENTATION.md	PLANNED	PLANNED
091	P028	5.2.1.1	62	91	SEC-05	state	Provenance metric existence and cylinder consistency	CORE_REQUIRES_PROOF	MAIN_FULL	Derive an endpoint-neutral node-local metric family and prove cylinder/interlevel consistency.	ARCHITECTURAL_PROOF_DECOMPOSITION			C003;C044;P019	PROOF_REQUIRED_NO_CURRENT_EVIDENCE			PROOF_OBLIGATION	PROOF	M050	ONE_REUSABLE_FALSIFIABLE_GATE	D2	PROOF_THEOREM_OWNER_OBSTRUCTION_OR_QUARANTINE_ROLE	THEOREM_AND_PROOF_OVERVIEW	FULL_PROOF_DOSSIER	position_in_derivation|formal_statement|hypotheses|introduction_reason|proof_strategy|lemma_chain|formal_realization|counterexamples_or_necessity_checks|axiom_profile|result|remaining_limits|downstream_handoff|code_line_register	NOT_REQUIRED_PROOF_NODE	PLANNED	NEGATIVE_CONTROL_COUNTEREXAMPLE_OR_HYPOTHESIS_NECESSITY	NOT_STARTED	NOT_STARTED				5.2.1.1	Presymplectic completion, Weyl system and quasifree state	Provenance Hilbert metric and normalized skew	Introduced after C003, C044, P019; registered hard handoff(s): supports_p028, supports_p028, supports_p028.	091 · P028	091_P028__provenance_metric_existence_and_cylinder_consistency	derivation/paper/main/sections/05_presymplectic_completion_weyl_system_and_quasifree_state/02_provenance_hilbert_metric_and_normalized_skew/090_M050__derived_provenance_hilbert_metric_g/091_P028__provenance_metric_existence_and_cylinder_consistency	derivation/supplement/sections/05_presymplectic_completion_weyl_system_and_quasifree_state/02_provenance_hilbert_metric_and_normalized_skew/090_M050__derived_provenance_hilbert_metric_g/091_P028__provenance_metric_existence_and_cylinder_consistency	derivation/paper/main/sections/05_presymplectic_completion_weyl_system_and_quasifree_state/02_provenance_hilbert_metric_and_normalized_skew/090_M050__derived_provenance_hilbert_metric_g/091_P028__provenance_metric_existence_and_cylinder_consistency/SECTION.tex	derivation/supplement/sections/05_presymplectic_completion_weyl_system_and_quasifree_state/02_provenance_hilbert_metric_and_normalized_skew/090_M050__derived_provenance_hilbert_metric_g/091_P028__provenance_metric_existence_and_cylinder_consistency/DOCUMENTATION.md	PLANNED	PLANNED
092	P029	5.2.1.2	63	92	SEC-05	state	Provenance metric positivity and uniqueness up to normalization	CORE_REQUIRES_PROOF	MAIN_FULL	Prove positive definiteness and uniqueness of the admitted metric under the declared locality, consistency, and normalization conditions.	ARCHITECTURAL_PROOF_DECOMPOSITION			P028	PROOF_REQUIRED_NO_CURRENT_EVIDENCE			PROOF_OBLIGATION	PROOF	M050	ONE_REUSABLE_FALSIFIABLE_GATE	D2	PROOF_THEOREM_OWNER_OBSTRUCTION_OR_QUARANTINE_ROLE	THEOREM_AND_PROOF_OVERVIEW	FULL_PROOF_DOSSIER	position_in_derivation|formal_statement|hypotheses|introduction_reason|proof_strategy|lemma_chain|formal_realization|counterexamples_or_necessity_checks|axiom_profile|result|remaining_limits|downstream_handoff|code_line_register	NOT_REQUIRED_PROOF_NODE	PLANNED	NEGATIVE_CONTROL_COUNTEREXAMPLE_OR_HYPOTHESIS_NECESSITY	NOT_STARTED	NOT_STARTED				5.2.1.2	Presymplectic completion, Weyl system and quasifree state	Provenance Hilbert metric and normalized skew	Introduced after P028; registered hard handoff(s): supports_p029.	092 · P029	092_P029__provenance_metric_positivity_and_uniqueness_up_to_normalization	derivation/paper/main/sections/05_presymplectic_completion_weyl_system_and_quasifree_state/02_provenance_hilbert_metric_and_normalized_skew/090_M050__derived_provenance_hilbert_metric_g/092_P029__provenance_metric_positivity_and_uniqueness_up_to_normalization	derivation/supplement/sections/05_presymplectic_completion_weyl_system_and_quasifree_state/02_provenance_hilbert_metric_and_normalized_skew/090_M050__derived_provenance_hilbert_metric_g/092_P029__provenance_metric_positivity_and_uniqueness_up_to_normalization	derivation/paper/main/sections/05_presymplectic_completion_weyl_system_and_quasifree_state/02_provenance_hilbert_metric_and_normalized_skew/090_M050__derived_provenance_hilbert_metric_g/092_P029__provenance_metric_positivity_and_uniqueness_up_to_normalization/SECTION.tex	derivation/supplement/sections/05_presymplectic_completion_weyl_system_and_quasifree_state/02_provenance_hilbert_metric_and_normalized_skew/090_M050__derived_provenance_hilbert_metric_g/092_P029__provenance_metric_positivity_and_uniqueness_up_to_normalization/DOCUMENTATION.md	PLANNED	PLANNED
093	C052	5.2.2	63	93	SEC-05	state	Hilbert-Schmidt normalized skew operator K	CORE_REQUIRES_PROOF	MAIN_THEOREM	K=G^{-1/2}σG^{-1/2}; prove exhaustive edge-taxonomy majorant and tail.	LEGACY_SOURCE_ANCHOR_PENDING_LIFT			C050;M050;P030;P031	PROOF_REQUIRED_NO_CURRENT_EVIDENCE			PROOF_OBLIGATION	PROOF_OWNER		AGGREGATES_EXPLICIT_PROOF_GATES	D2	PROOF_THEOREM_OWNER_OBSTRUCTION_OR_QUARANTINE_ROLE	THEOREM_AND_PROOF_OVERVIEW	FULL_PROOF_DOSSIER	position_in_derivation|formal_statement|hypotheses|introduction_reason|proof_strategy|lemma_chain|formal_realization|counterexamples_or_necessity_checks|axiom_profile|result|remaining_limits|downstream_handoff|code_line_register	PLANNED	PLANNED	NEGATIVE_CONTROL_COUNTEREXAMPLE_OR_HYPOTHESIS_NECESSITY	NOT_STARTED	NOT_STARTED				5.2.2	Presymplectic completion, Weyl system and quasifree state	Provenance Hilbert metric and normalized skew	Introduced after C050, M050; registered hard handoff(s): normalizes_raw_skew, defines_hilbert_normalization.	093 · C052	093_C052__hilbert_schmidt_normalized_skew_operator_k	derivation/paper/main/sections/05_presymplectic_completion_weyl_system_and_quasifree_state/02_provenance_hilbert_metric_and_normalized_skew/093_C052__hilbert_schmidt_normalized_skew_operator_k	derivation/supplement/sections/05_presymplectic_completion_weyl_system_and_quasifree_state/02_provenance_hilbert_metric_and_normalized_skew/093_C052__hilbert_schmidt_normalized_skew_operator_k	derivation/paper/main/sections/05_presymplectic_completion_weyl_system_and_quasifree_state/02_provenance_hilbert_metric_and_normalized_skew/093_C052__hilbert_schmidt_normalized_skew_operator_k/SECTION.tex	derivation/supplement/sections/05_presymplectic_completion_weyl_system_and_quasifree_state/02_provenance_hilbert_metric_and_normalized_skew/093_C052__hilbert_schmidt_normalized_skew_operator_k/DOCUMENTATION.md	PLANNED	PLANNED
094	P030	5.2.2.1	64	94	SEC-05	state	Normalized skew operator boundedness and skew-adjointness	CORE_REQUIRES_PROOF	MAIN_THEOREM	Prove that K=G^{-1/2}σG^{-1/2} is well-defined, bounded on the admitted carrier, and skew-adjoint/antisymmetric in the selected metric.	ARCHITECTURAL_PROOF_DECOMPOSITION			C050;M050;P026;P029	PROOF_REQUIRED_NO_CURRENT_EVIDENCE			PROOF_OBLIGATION	PROOF	C052	ONE_REUSABLE_FALSIFIABLE_GATE	D2	PROOF_THEOREM_OWNER_OBSTRUCTION_OR_QUARANTINE_ROLE	THEOREM_AND_PROOF_OVERVIEW	FULL_PROOF_DOSSIER	position_in_derivation|formal_statement|hypotheses|introduction_reason|proof_strategy|lemma_chain|formal_realization|counterexamples_or_necessity_checks|axiom_profile|result|remaining_limits|downstream_handoff|code_line_register	NOT_REQUIRED_PROOF_NODE	PLANNED	NEGATIVE_CONTROL_COUNTEREXAMPLE_OR_HYPOTHESIS_NECESSITY	NOT_STARTED	NOT_STARTED				5.2.2.1	Presymplectic completion, Weyl system and quasifree state	Provenance Hilbert metric and normalized skew	Introduced after C050, M050, P026, P029; registered hard handoff(s): supports_p030, supports_p030, supports_p030, supports_p030.	094 · P030	094_P030__normalized_skew_operator_boundedness_and_skew_adjointness	derivation/paper/main/sections/05_presymplectic_completion_weyl_system_and_quasifree_state/02_provenance_hilbert_metric_and_normalized_skew/093_C052__hilbert_schmidt_normalized_skew_operator_k/094_P030__normalized_skew_operator_boundedness_and_skew_adjointness	derivation/supplement/sections/05_presymplectic_completion_weyl_system_and_quasifree_state/02_provenance_hilbert_metric_and_normalized_skew/093_C052__hilbert_schmidt_normalized_skew_operator_k/094_P030__normalized_skew_operator_boundedness_and_skew_adjointness	derivation/paper/main/sections/05_presymplectic_completion_weyl_system_and_quasifree_state/02_provenance_hilbert_metric_and_normalized_skew/093_C052__hilbert_schmidt_normalized_skew_operator_k/094_P030__normalized_skew_operator_boundedness_and_skew_adjointness/SECTION.tex	derivation/supplement/sections/05_presymplectic_completion_weyl_system_and_quasifree_state/02_provenance_hilbert_metric_and_normalized_skew/093_C052__hilbert_schmidt_normalized_skew_operator_k/094_P030__normalized_skew_operator_boundedness_and_skew_adjointness/DOCUMENTATION.md	PLANNED	PLANNED
095	P031	5.2.2.2	65	95	SEC-05	state	Hilbert-Schmidt edge majorant and tail	CORE_REQUIRES_PROOF	MAIN_THEOREM	Prove the exhaustive edge taxonomy, square-summable majorant, and complete Hilbert-Schmidt tail estimate.	ARCHITECTURAL_PROOF_DECOMPOSITION			P030	PROOF_REQUIRED_NO_CURRENT_EVIDENCE			PROOF_OBLIGATION	PROOF	C052	ONE_REUSABLE_FALSIFIABLE_GATE	D2	PROOF_THEOREM_OWNER_OBSTRUCTION_OR_QUARANTINE_ROLE	THEOREM_AND_PROOF_OVERVIEW	FULL_PROOF_DOSSIER	position_in_derivation|formal_statement|hypotheses|introduction_reason|proof_strategy|lemma_chain|formal_realization|counterexamples_or_necessity_checks|axiom_profile|result|remaining_limits|downstream_handoff|code_line_register	NOT_REQUIRED_PROOF_NODE	PLANNED	NEGATIVE_CONTROL_COUNTEREXAMPLE_OR_HYPOTHESIS_NECESSITY	NOT_STARTED	NOT_STARTED				5.2.2.2	Presymplectic completion, Weyl system and quasifree state	Provenance Hilbert metric and normalized skew	Introduced after P030; registered hard handoff(s): supports_p031.	095 · P031	095_P031__hilbert_schmidt_edge_majorant_and_tail	derivation/paper/main/sections/05_presymplectic_completion_weyl_system_and_quasifree_state/02_provenance_hilbert_metric_and_normalized_skew/093_C052__hilbert_schmidt_normalized_skew_operator_k/095_P031__hilbert_schmidt_edge_majorant_and_tail	derivation/supplement/sections/05_presymplectic_completion_weyl_system_and_quasifree_state/02_provenance_hilbert_metric_and_normalized_skew/093_C052__hilbert_schmidt_normalized_skew_operator_k/095_P031__hilbert_schmidt_edge_majorant_and_tail	derivation/paper/main/sections/05_presymplectic_completion_weyl_system_and_quasifree_state/02_provenance_hilbert_metric_and_normalized_skew/093_C052__hilbert_schmidt_normalized_skew_operator_k/095_P031__hilbert_schmidt_edge_majorant_and_tail/SECTION.tex	derivation/supplement/sections/05_presymplectic_completion_weyl_system_and_quasifree_state/02_provenance_hilbert_metric_and_normalized_skew/093_C052__hilbert_schmidt_normalized_skew_operator_k/095_P031__hilbert_schmidt_edge_majorant_and_tail/DOCUMENTATION.md	PLANNED	PLANNED
096	C054	5.2.3	65	96	SEC-05	completion	Algebraic radical triviality and infinite rank	CORE_REQUIRES_PROOF	MAIN_THEOREM	Analytic rational-function/shell-rank arguments must be extracted from the runner.	PROOF_REQUIRED			C050;P032;P033	PROOF_REQUIRED_NO_CURRENT_EVIDENCE			PROOF_OBLIGATION	PROOF_OWNER		AGGREGATES_EXPLICIT_PROOF_GATES	D2	PROOF_THEOREM_OWNER_OBSTRUCTION_OR_QUARANTINE_ROLE	THEOREM_AND_PROOF_OVERVIEW	FULL_PROOF_DOSSIER	position_in_derivation|formal_statement|hypotheses|introduction_reason|proof_strategy|lemma_chain|formal_realization|counterexamples_or_necessity_checks|axiom_profile|result|remaining_limits|downstream_handoff|code_line_register	PLANNED	PLANNED	NEGATIVE_CONTROL_COUNTEREXAMPLE_OR_HYPOTHESIS_NECESSITY	NOT_STARTED	NOT_STARTED				5.2.3	Presymplectic completion, Weyl system and quasifree state	Provenance Hilbert metric and normalized skew	Introduced after C050; registered hard handoff(s): algebraic_nondegeneracy.	096 · C054	096_C054__algebraic_radical_triviality_and_infinite_rank	derivation/paper/main/sections/05_presymplectic_completion_weyl_system_and_quasifree_state/02_provenance_hilbert_metric_and_normalized_skew/096_C054__algebraic_radical_triviality_and_infinite_rank	derivation/supplement/sections/05_presymplectic_completion_weyl_system_and_quasifree_state/02_provenance_hilbert_metric_and_normalized_skew/096_C054__algebraic_radical_triviality_and_infinite_rank	derivation/paper/main/sections/05_presymplectic_completion_weyl_system_and_quasifree_state/02_provenance_hilbert_metric_and_normalized_skew/096_C054__algebraic_radical_triviality_and_infinite_rank/SECTION.tex	derivation/supplement/sections/05_presymplectic_completion_weyl_system_and_quasifree_state/02_provenance_hilbert_metric_and_normalized_skew/096_C054__algebraic_radical_triviality_and_infinite_rank/DOCUMENTATION.md	PLANNED	PLANNED
097	P032	5.2.3.1	65	97	SEC-05	completion	Algebraic radical triviality	CORE_REQUIRES_PROOF	MAIN_THEOREM	Prove that the raw finite-support presymplectic radical is trivial on the admitted algebraic carrier.	ARCHITECTURAL_PROOF_DECOMPOSITION			C050;P026	PROOF_REQUIRED_NO_CURRENT_EVIDENCE			PROOF_OBLIGATION	PROOF	C054	ONE_REUSABLE_FALSIFIABLE_GATE	D2	PROOF_THEOREM_OWNER_OBSTRUCTION_OR_QUARANTINE_ROLE	THEOREM_AND_PROOF_OVERVIEW	FULL_PROOF_DOSSIER	position_in_derivation|formal_statement|hypotheses|introduction_reason|proof_strategy|lemma_chain|formal_realization|counterexamples_or_necessity_checks|axiom_profile|result|remaining_limits|downstream_handoff|code_line_register	NOT_REQUIRED_PROOF_NODE	PLANNED	NEGATIVE_CONTROL_COUNTEREXAMPLE_OR_HYPOTHESIS_NECESSITY	NOT_STARTED	NOT_STARTED				5.2.3.1	Presymplectic completion, Weyl system and quasifree state	Provenance Hilbert metric and normalized skew	Introduced after C050, P026; registered hard handoff(s): supports_p032, supports_p032.	097 · P032	097_P032__algebraic_radical_triviality	derivation/paper/main/sections/05_presymplectic_completion_weyl_system_and_quasifree_state/02_provenance_hilbert_metric_and_normalized_skew/096_C054__algebraic_radical_triviality_and_infinite_rank/097_P032__algebraic_radical_triviality	derivation/supplement/sections/05_presymplectic_completion_weyl_system_and_quasifree_state/02_provenance_hilbert_metric_and_normalized_skew/096_C054__algebraic_radical_triviality_and_infinite_rank/097_P032__algebraic_radical_triviality	derivation/paper/main/sections/05_presymplectic_completion_weyl_system_and_quasifree_state/02_provenance_hilbert_metric_and_normalized_skew/096_C054__algebraic_radical_triviality_and_infinite_rank/097_P032__algebraic_radical_triviality/SECTION.tex	derivation/supplement/sections/05_presymplectic_completion_weyl_system_and_quasifree_state/02_provenance_hilbert_metric_and_normalized_skew/096_C054__algebraic_radical_triviality_and_infinite_rank/097_P032__algebraic_radical_triviality/DOCUMENTATION.md	PLANNED	PLANNED
098	P033	5.2.3.2	65	98	SEC-05	completion	Infinite rank of the raw skew operator	CORE_REQUIRES_PROOF	MAIN_THEOREM	Prove infinite rank using the exact shell/rational-function argument independently of completed injectivity.	ARCHITECTURAL_PROOF_DECOMPOSITION			C050;P026	PROOF_REQUIRED_NO_CURRENT_EVIDENCE			PROOF_OBLIGATION	PROOF	C054	ONE_REUSABLE_FALSIFIABLE_GATE	D2	PROOF_THEOREM_OWNER_OBSTRUCTION_OR_QUARANTINE_ROLE	THEOREM_AND_PROOF_OVERVIEW	FULL_PROOF_DOSSIER	position_in_derivation|formal_statement|hypotheses|introduction_reason|proof_strategy|lemma_chain|formal_realization|counterexamples_or_necessity_checks|axiom_profile|result|remaining_limits|downstream_handoff|code_line_register	NOT_REQUIRED_PROOF_NODE	PLANNED	NEGATIVE_CONTROL_COUNTEREXAMPLE_OR_HYPOTHESIS_NECESSITY	NOT_STARTED	NOT_STARTED				5.2.3.2	Presymplectic completion, Weyl system and quasifree state	Provenance Hilbert metric and normalized skew	Introduced after C050, P026; registered hard handoff(s): supports_p033, supports_p033.	098 · P033	098_P033__infinite_rank_of_the_raw_skew_operator	derivation/paper/main/sections/05_presymplectic_completion_weyl_system_and_quasifree_state/02_provenance_hilbert_metric_and_normalized_skew/096_C054__algebraic_radical_triviality_and_infinite_rank/098_P033__infinite_rank_of_the_raw_skew_operator	derivation/supplement/sections/05_presymplectic_completion_weyl_system_and_quasifree_state/02_provenance_hilbert_metric_and_normalized_skew/096_C054__algebraic_radical_triviality_and_infinite_rank/098_P033__infinite_rank_of_the_raw_skew_operator	derivation/paper/main/sections/05_presymplectic_completion_weyl_system_and_quasifree_state/02_provenance_hilbert_metric_and_normalized_skew/096_C054__algebraic_radical_triviality_and_infinite_rank/098_P033__infinite_rank_of_the_raw_skew_operator/SECTION.tex	derivation/supplement/sections/05_presymplectic_completion_weyl_system_and_quasifree_state/02_provenance_hilbert_metric_and_normalized_skew/096_C054__algebraic_radical_triviality_and_infinite_rank/098_P033__infinite_rank_of_the_raw_skew_operator/DOCUMENTATION.md	PLANNED	PLANNED
099	C053	5.3.1	65	99	SEC-05	state	Regular quasifree provenance state ω_prov	CORE_BLOCKED	MAIN_FULL	Once G and bounded K are admitted, μ=(||K||/2)G gives a positive regular quasifree state.	LEGACY_SOURCE_ANCHOR_PENDING_LIFT			C052;M050;P034	BLOCKED_NO_CURRENT_EVIDENCE			BLOCKED_DERIVED_NODE	PROOF_OWNER		AGGREGATES_EXPLICIT_PROOF_GATES	D2	PROOF_THEOREM_OWNER_OBSTRUCTION_OR_QUARANTINE_ROLE	THEOREM_AND_PROOF_OVERVIEW	FULL_PROOF_DOSSIER	position_in_derivation|formal_statement|hypotheses|introduction_reason|proof_strategy|lemma_chain|formal_realization|counterexamples_or_necessity_checks|axiom_profile|result|remaining_limits|downstream_handoff|code_line_register	PLANNED	PLANNED	NEGATIVE_CONTROL_COUNTEREXAMPLE_OR_HYPOTHESIS_NECESSITY	NOT_STARTED	NOT_STARTED	Finite provenance-derived POVM migration | Open-quantum-process specialization | Weyl/GNS/modular-AQFT specialization	LEGACY_MIGRATION_TARGET_NOT_CURRENT_THEOREM | LATER_QUANTUM_SPECIALIZATION_NOT_UNIVERSAL_CLAIM | LATE_OPERATOR_ALGEBRAIC_SPECIALIZATION_NODEWISE_STATUS	GENERALIZED_OPEN_PROVENANCE_SYSTEMS -> CNNA_FINITE -> OPS-QM-01 / OPS-QM-02 / OPS-AQFT-01	5.3.1	Presymplectic completion, Weyl system and quasifree state	Quasifree-state specialization	Introduced after C052, M050; registered hard handoff(s): quasifree_positivity, supplies_quasifree_covariance_metric.	099 · C053	099_C053__regular_quasifree_provenance_state_prov	derivation/paper/main/sections/05_presymplectic_completion_weyl_system_and_quasifree_state/03_quasifree_state_specialization/099_C053__regular_quasifree_provenance_state_prov	derivation/supplement/sections/05_presymplectic_completion_weyl_system_and_quasifree_state/03_quasifree_state_specialization/099_C053__regular_quasifree_provenance_state_prov	derivation/paper/main/sections/05_presymplectic_completion_weyl_system_and_quasifree_state/03_quasifree_state_specialization/099_C053__regular_quasifree_provenance_state_prov/SECTION.tex	derivation/supplement/sections/05_presymplectic_completion_weyl_system_and_quasifree_state/03_quasifree_state_specialization/099_C053__regular_quasifree_provenance_state_prov/DOCUMENTATION.md	PLANNED	PLANNED
100	P034	5.3.1.1	65	100	SEC-05	state	Quasifree positivity, regularity, and cylinder consistency	CORE_REQUIRES_PROOF	MAIN_FULL	Prove that μ=(||K||/2)G satisfies the quasifree positivity bound, regularity, and interlevel consistency.	ARCHITECTURAL_PROOF_DECOMPOSITION			C052;M050;P029;P030	PROOF_REQUIRED_NO_CURRENT_EVIDENCE			PROOF_OBLIGATION	PROOF	C053	ONE_REUSABLE_FALSIFIABLE_GATE	D2	PROOF_THEOREM_OWNER_OBSTRUCTION_OR_QUARANTINE_ROLE	THEOREM_AND_PROOF_OVERVIEW	FULL_PROOF_DOSSIER	position_in_derivation|formal_statement|hypotheses|introduction_reason|proof_strategy|lemma_chain|formal_realization|counterexamples_or_necessity_checks|axiom_profile|result|remaining_limits|downstream_handoff|code_line_register	NOT_REQUIRED_PROOF_NODE	PLANNED	NEGATIVE_CONTROL_COUNTEREXAMPLE_OR_HYPOTHESIS_NECESSITY	NOT_STARTED	NOT_STARTED				5.3.1.1	Presymplectic completion, Weyl system and quasifree state	Quasifree-state specialization	Introduced after C052, M050, P029, P030; registered hard handoff(s): supports_p034, supports_p034, supports_p034, supports_p034.	100 · P034	100_P034__quasifree_positivity_regularity_and_cylinder_consistency	derivation/paper/main/sections/05_presymplectic_completion_weyl_system_and_quasifree_state/03_quasifree_state_specialization/099_C053__regular_quasifree_provenance_state_prov/100_P034__quasifree_positivity_regularity_and_cylinder_consistency	derivation/supplement/sections/05_presymplectic_completion_weyl_system_and_quasifree_state/03_quasifree_state_specialization/099_C053__regular_quasifree_provenance_state_prov/100_P034__quasifree_positivity_regularity_and_cylinder_consistency	derivation/paper/main/sections/05_presymplectic_completion_weyl_system_and_quasifree_state/03_quasifree_state_specialization/099_C053__regular_quasifree_provenance_state_prov/100_P034__quasifree_positivity_regularity_and_cylinder_consistency/SECTION.tex	derivation/supplement/sections/05_presymplectic_completion_weyl_system_and_quasifree_state/03_quasifree_state_specialization/099_C053__regular_quasifree_provenance_state_prov/100_P034__quasifree_positivity_regularity_and_cylinder_consistency/DOCUMENTATION.md	PLANNED	PLANNED
101	C055	5.4.1	67	101	SEC-05	completion	Local descendant-cone Hilbert completion	CORE_BLOCKED	MAIN_THEOREM	Canonical local restriction/completion once G and the cone class are admitted.	LEGACY_SOURCE_ANCHOR_PENDING_LIFT			C019;C053;M050;P035	BLOCKED_NO_CURRENT_EVIDENCE			BLOCKED_DERIVED_NODE	PROOF_OWNER		AGGREGATES_EXPLICIT_PROOF_GATES	D2	PROOF_THEOREM_OWNER_OBSTRUCTION_OR_QUARANTINE_ROLE	THEOREM_AND_PROOF_OVERVIEW	FULL_PROOF_DOSSIER	position_in_derivation|formal_statement|hypotheses|introduction_reason|proof_strategy|lemma_chain|formal_realization|counterexamples_or_necessity_checks|axiom_profile|result|remaining_limits|downstream_handoff|code_line_register	PLANNED	PLANNED	NEGATIVE_CONTROL_COUNTEREXAMPLE_OR_HYPOTHESIS_NECESSITY	NOT_STARTED	NOT_STARTED				5.4.1	Presymplectic completion, Weyl system and quasifree state	Local cone completion and injectivity	Introduced after C053, M050, C019; registered hard handoff(s): restricts_to_local_cones, supplies_local_hilbert_metric, supplies_descendant_cone_domain.	101 · C055	101_C055__local_descendant_cone_hilbert_completion	derivation/paper/main/sections/05_presymplectic_completion_weyl_system_and_quasifree_state/04_local_cone_completion_and_injectivity/101_C055__local_descendant_cone_hilbert_completion	derivation/supplement/sections/05_presymplectic_completion_weyl_system_and_quasifree_state/04_local_cone_completion_and_injectivity/101_C055__local_descendant_cone_hilbert_completion	derivation/paper/main/sections/05_presymplectic_completion_weyl_system_and_quasifree_state/04_local_cone_completion_and_injectivity/101_C055__local_descendant_cone_hilbert_completion/SECTION.tex	derivation/supplement/sections/05_presymplectic_completion_weyl_system_and_quasifree_state/04_local_cone_completion_and_injectivity/101_C055__local_descendant_cone_hilbert_completion/DOCUMENTATION.md	PLANNED	PLANNED
102	P035	5.4.1.1	68	102	SEC-05	completion	Local cone restriction and Hilbert-completion canonicity	CORE_REQUIRES_PROOF	MAIN_THEOREM	Prove that descendant-cone restriction and completion are canonical and compatible with global metric/state embeddings.	ARCHITECTURAL_PROOF_DECOMPOSITION			C019;C053;M050;P034	PROOF_REQUIRED_NO_CURRENT_EVIDENCE			PROOF_OBLIGATION	PROOF	C055	ONE_REUSABLE_FALSIFIABLE_GATE	D2	PROOF_THEOREM_OWNER_OBSTRUCTION_OR_QUARANTINE_ROLE	THEOREM_AND_PROOF_OVERVIEW	FULL_PROOF_DOSSIER	position_in_derivation|formal_statement|hypotheses|introduction_reason|proof_strategy|lemma_chain|formal_realization|counterexamples_or_necessity_checks|axiom_profile|result|remaining_limits|downstream_handoff|code_line_register	NOT_REQUIRED_PROOF_NODE	PLANNED	NEGATIVE_CONTROL_COUNTEREXAMPLE_OR_HYPOTHESIS_NECESSITY	NOT_STARTED	NOT_STARTED				5.4.1.1	Presymplectic completion, Weyl system and quasifree state	Local cone completion and injectivity	Introduced after C019, C053, M050, P034; registered hard handoff(s): supports_p035, supports_p035, supports_p035, supports_p035.	102 · P035	102_P035__local_cone_restriction_and_hilbert_completion_canonicity	derivation/paper/main/sections/05_presymplectic_completion_weyl_system_and_quasifree_state/04_local_cone_completion_and_injectivity/101_C055__local_descendant_cone_hilbert_completion/102_P035__local_cone_restriction_and_hilbert_completion_canonicity	derivation/supplement/sections/05_presymplectic_completion_weyl_system_and_quasifree_state/04_local_cone_completion_and_injectivity/101_C055__local_descendant_cone_hilbert_completion/102_P035__local_cone_restriction_and_hilbert_completion_canonicity	derivation/paper/main/sections/05_presymplectic_completion_weyl_system_and_quasifree_state/04_local_cone_completion_and_injectivity/101_C055__local_descendant_cone_hilbert_completion/102_P035__local_cone_restriction_and_hilbert_completion_canonicity/SECTION.tex	derivation/supplement/sections/05_presymplectic_completion_weyl_system_and_quasifree_state/04_local_cone_completion_and_injectivity/101_C055__local_descendant_cone_hilbert_completion/102_P035__local_cone_restriction_and_hilbert_completion_canonicity/DOCUMENTATION.md	PLANNED	PLANNED
103	C056	5.4.2	68	103	SEC-05	completion	Completed local injectivity Ker K_p={0}	CORE_REQUIRES_PROOF	MAIN_THEOREM	Formalize the ray/generating-function/log-singularity proof and the complete remainder estimate.	LEGACY_SOURCE_ANCHOR_PENDING_LIFT			C052;C055;P036;P037	PROOF_REQUIRED_NO_CURRENT_EVIDENCE			PROOF_OBLIGATION	PROOF_OWNER		AGGREGATES_EXPLICIT_PROOF_GATES	D2	PROOF_THEOREM_OWNER_OBSTRUCTION_OR_QUARANTINE_ROLE	THEOREM_AND_PROOF_OVERVIEW	FULL_PROOF_DOSSIER	position_in_derivation|formal_statement|hypotheses|introduction_reason|proof_strategy|lemma_chain|formal_realization|counterexamples_or_necessity_checks|axiom_profile|result|remaining_limits|downstream_handoff|code_line_register	PLANNED	PLANNED	NEGATIVE_CONTROL_COUNTEREXAMPLE_OR_HYPOTHESIS_NECESSITY	NOT_STARTED	NOT_STARTED				5.4.2	Presymplectic completion, Weyl system and quasifree state	Local cone completion and injectivity	Introduced after C055, C052; registered hard handoff(s): completed_injectivity, supplies_normalized_skew_operator.	103 · C056	103_C056__completed_local_injectivity_ker_k_p_0	derivation/paper/main/sections/05_presymplectic_completion_weyl_system_and_quasifree_state/04_local_cone_completion_and_injectivity/103_C056__completed_local_injectivity_ker_k_p_0	derivation/supplement/sections/05_presymplectic_completion_weyl_system_and_quasifree_state/04_local_cone_completion_and_injectivity/103_C056__completed_local_injectivity_ker_k_p_0	derivation/paper/main/sections/05_presymplectic_completion_weyl_system_and_quasifree_state/04_local_cone_completion_and_injectivity/103_C056__completed_local_injectivity_ker_k_p_0/SECTION.tex	derivation/supplement/sections/05_presymplectic_completion_weyl_system_and_quasifree_state/04_local_cone_completion_and_injectivity/103_C056__completed_local_injectivity_ker_k_p_0/DOCUMENTATION.md	PLANNED	PLANNED
104	P036	5.4.2.1	69	104	SEC-05	completion	Ray/generating-function injectivity argument	CORE_REQUIRES_PROOF	MAIN_THEOREM	Formalize the ray reduction, generating function, and logarithmic-singularity argument giving local kernel triviality on a dense algebraic domain.	ARCHITECTURAL_PROOF_DECOMPOSITION			C052;C055;P030;P035	PROOF_REQUIRED_NO_CURRENT_EVIDENCE			PROOF_OBLIGATION	PROOF	C056	ONE_REUSABLE_FALSIFIABLE_GATE	D2	PROOF_THEOREM_OWNER_OBSTRUCTION_OR_QUARANTINE_ROLE	THEOREM_AND_PROOF_OVERVIEW	FULL_PROOF_DOSSIER	position_in_derivation|formal_statement|hypotheses|introduction_reason|proof_strategy|lemma_chain|formal_realization|counterexamples_or_necessity_checks|axiom_profile|result|remaining_limits|downstream_handoff|code_line_register	NOT_REQUIRED_PROOF_NODE	PLANNED	NEGATIVE_CONTROL_COUNTEREXAMPLE_OR_HYPOTHESIS_NECESSITY	NOT_STARTED	NOT_STARTED				5.4.2.1	Presymplectic completion, Weyl system and quasifree state	Local cone completion and injectivity	Introduced after C052, C055, P030, P035; registered hard handoff(s): supports_p036, supports_p036, supports_p036, supports_p036.	104 · P036	104_P036__ray_generating_function_injectivity_argument	derivation/paper/main/sections/05_presymplectic_completion_weyl_system_and_quasifree_state/04_local_cone_completion_and_injectivity/103_C056__completed_local_injectivity_ker_k_p_0/104_P036__ray_generating_function_injectivity_argument	derivation/supplement/sections/05_presymplectic_completion_weyl_system_and_quasifree_state/04_local_cone_completion_and_injectivity/103_C056__completed_local_injectivity_ker_k_p_0/104_P036__ray_generating_function_injectivity_argument	derivation/paper/main/sections/05_presymplectic_completion_weyl_system_and_quasifree_state/04_local_cone_completion_and_injectivity/103_C056__completed_local_injectivity_ker_k_p_0/104_P036__ray_generating_function_injectivity_argument/SECTION.tex	derivation/supplement/sections/05_presymplectic_completion_weyl_system_and_quasifree_state/04_local_cone_completion_and_injectivity/103_C056__completed_local_injectivity_ker_k_p_0/104_P036__ray_generating_function_injectivity_argument/DOCUMENTATION.md	PLANNED	PLANNED
105	P037	5.4.2.2	70	105	SEC-05	completion	Complete remainder estimate and completion transfer	CORE_REQUIRES_PROOF	MAIN_THEOREM	Prove the full remainder estimate and transfer algebraic injectivity to the completed local Hilbert carrier.	ARCHITECTURAL_PROOF_DECOMPOSITION			P036	PROOF_REQUIRED_NO_CURRENT_EVIDENCE			PROOF_OBLIGATION	PROOF	C056	ONE_REUSABLE_FALSIFIABLE_GATE	D2	PROOF_THEOREM_OWNER_OBSTRUCTION_OR_QUARANTINE_ROLE	THEOREM_AND_PROOF_OVERVIEW	FULL_PROOF_DOSSIER	position_in_derivation|formal_statement|hypotheses|introduction_reason|proof_strategy|lemma_chain|formal_realization|counterexamples_or_necessity_checks|axiom_profile|result|remaining_limits|downstream_handoff|code_line_register	NOT_REQUIRED_PROOF_NODE	PLANNED	NEGATIVE_CONTROL_COUNTEREXAMPLE_OR_HYPOTHESIS_NECESSITY	NOT_STARTED	NOT_STARTED				5.4.2.2	Presymplectic completion, Weyl system and quasifree state	Local cone completion and injectivity	Introduced after P036; registered hard handoff(s): supports_p037.	105 · P037	105_P037__complete_remainder_estimate_and_completion_transfer	derivation/paper/main/sections/05_presymplectic_completion_weyl_system_and_quasifree_state/04_local_cone_completion_and_injectivity/103_C056__completed_local_injectivity_ker_k_p_0/105_P037__complete_remainder_estimate_and_completion_transfer	derivation/supplement/sections/05_presymplectic_completion_weyl_system_and_quasifree_state/04_local_cone_completion_and_injectivity/103_C056__completed_local_injectivity_ker_k_p_0/105_P037__complete_remainder_estimate_and_completion_transfer	derivation/paper/main/sections/05_presymplectic_completion_weyl_system_and_quasifree_state/04_local_cone_completion_and_injectivity/103_C056__completed_local_injectivity_ker_k_p_0/105_P037__complete_remainder_estimate_and_completion_transfer/SECTION.tex	derivation/supplement/sections/05_presymplectic_completion_weyl_system_and_quasifree_state/04_local_cone_completion_and_injectivity/103_C056__completed_local_injectivity_ker_k_p_0/105_P037__complete_remainder_estimate_and_completion_transfer/DOCUMENTATION.md	PLANNED	PLANNED
106	C057	6.1.1	70	106	SEC-06	operator_algebra	GNS / Araki-Woods spectral handoff	CORE_REQUIRES_PROOF	MAIN_THEOREM	Verify the exact external theorem hypotheses against primary sources.	LEGACY_SOURCE_ANCHOR_PENDING_LIFT			C051;C053;C054;P038;P039	PROOF_REQUIRED_NO_CURRENT_EVIDENCE			PROOF_OBLIGATION	PROOF_OWNER		AGGREGATES_EXPLICIT_PROOF_GATES	D2	PROOF_THEOREM_OWNER_OBSTRUCTION_OR_QUARANTINE_ROLE	THEOREM_AND_PROOF_OVERVIEW	FULL_PROOF_DOSSIER	position_in_derivation|formal_statement|hypotheses|introduction_reason|proof_strategy|lemma_chain|formal_realization|counterexamples_or_necessity_checks|axiom_profile|result|remaining_limits|downstream_handoff|code_line_register	PLANNED	PLANNED	NEGATIVE_CONTROL_COUNTEREXAMPLE_OR_HYPOTHESIS_NECESSITY	NOT_STARTED	NOT_STARTED	Open-quantum-process specialization | Weyl/GNS/modular-AQFT specialization	LATER_QUANTUM_SPECIALIZATION_NOT_UNIVERSAL_CLAIM | LATE_OPERATOR_ALGEBRAIC_SPECIALIZATION_NODEWISE_STATUS	GENERALIZED_OPEN_PROVENANCE_SYSTEMS -> CNNA_FINITE -> OPS-QM-02 / OPS-AQFT-01	6.1.1	Local operator-algebraic specialization	GNS/Araki--Woods representation and type classification	Introduced after C054, C053, C051; registered hard handoff(s): spectral_handoff, supplies_selected_quasifree_state, supplies_weyl_algebraic_system.	106 · C057	106_C057__gns_araki_woods_spectral_handoff	derivation/paper/main/sections/06_local_operator_algebraic_specialization/01_gns_araki_woods_representation_and_type_classification/106_C057__gns_araki_woods_spectral_handoff	derivation/supplement/sections/06_local_operator_algebraic_specialization/01_gns_araki_woods_representation_and_type_classification/106_C057__gns_araki_woods_spectral_handoff	derivation/paper/main/sections/06_local_operator_algebraic_specialization/01_gns_araki_woods_representation_and_type_classification/106_C057__gns_araki_woods_spectral_handoff/SECTION.tex	derivation/supplement/sections/06_local_operator_algebraic_specialization/01_gns_araki_woods_representation_and_type_classification/106_C057__gns_araki_woods_spectral_handoff/DOCUMENTATION.md	PLANNED	PLANNED
107	P038	6.1.1.1	71	107	SEC-06	operator_algebra	GNS existence and representation handoff	CORE_REQUIRES_PROOF	MAIN_THEOREM	Verify the quasifree-state hypotheses and construct the exact GNS representation used downstream.	ARCHITECTURAL_PROOF_DECOMPOSITION			C051;C053;C054;P027;P032;P033;P034	PROOF_REQUIRED_NO_CURRENT_EVIDENCE			PROOF_OBLIGATION	PROOF	C057	ONE_REUSABLE_FALSIFIABLE_GATE	D2	PROOF_THEOREM_OWNER_OBSTRUCTION_OR_QUARANTINE_ROLE	THEOREM_AND_PROOF_OVERVIEW	FULL_PROOF_DOSSIER	position_in_derivation|formal_statement|hypotheses|introduction_reason|proof_strategy|lemma_chain|formal_realization|counterexamples_or_necessity_checks|axiom_profile|result|remaining_limits|downstream_handoff|code_line_register	NOT_REQUIRED_PROOF_NODE	PLANNED	NEGATIVE_CONTROL_COUNTEREXAMPLE_OR_HYPOTHESIS_NECESSITY	NOT_STARTED	NOT_STARTED				6.1.1.1	Local operator-algebraic specialization	GNS/Araki--Woods representation and type classification	Introduced after C051, C053, C054, P027, P032, P033, P034; registered hard handoff(s): supports_p038, supports_p038, supports_p038, supports_p038, supports_p038, supports_p038, supports_p038.	107 · P038	107_P038__gns_existence_and_representation_handoff	derivation/paper/main/sections/06_local_operator_algebraic_specialization/01_gns_araki_woods_representation_and_type_classification/106_C057__gns_araki_woods_spectral_handoff/107_P038__gns_existence_and_representation_handoff	derivation/supplement/sections/06_local_operator_algebraic_specialization/01_gns_araki_woods_representation_and_type_classification/106_C057__gns_araki_woods_spectral_handoff/107_P038__gns_existence_and_representation_handoff	derivation/paper/main/sections/06_local_operator_algebraic_specialization/01_gns_araki_woods_representation_and_type_classification/106_C057__gns_araki_woods_spectral_handoff/107_P038__gns_existence_and_representation_handoff/SECTION.tex	derivation/supplement/sections/06_local_operator_algebraic_specialization/01_gns_araki_woods_representation_and_type_classification/106_C057__gns_araki_woods_spectral_handoff/107_P038__gns_existence_and_representation_handoff/DOCUMENTATION.md	PLANNED	PLANNED
108	P039	6.1.1.2	72	108	SEC-06	operator_algebra	Araki-Woods realization and spectral identification	CORE_REQUIRES_PROOF	MAIN_THEOREM	Prove/verify the Araki-Woods realization and identify the one-particle spectral data used by the local factor classification.	ARCHITECTURAL_PROOF_DECOMPOSITION			C052;P031;P038	PROOF_REQUIRED_NO_CURRENT_EVIDENCE			PROOF_OBLIGATION	PROOF	C057	ONE_REUSABLE_FALSIFIABLE_GATE	D2	PROOF_THEOREM_OWNER_OBSTRUCTION_OR_QUARANTINE_ROLE	THEOREM_AND_PROOF_OVERVIEW	FULL_PROOF_DOSSIER	position_in_derivation|formal_statement|hypotheses|introduction_reason|proof_strategy|lemma_chain|formal_realization|counterexamples_or_necessity_checks|axiom_profile|result|remaining_limits|downstream_handoff|code_line_register	NOT_REQUIRED_PROOF_NODE	PLANNED	NEGATIVE_CONTROL_COUNTEREXAMPLE_OR_HYPOTHESIS_NECESSITY	NOT_STARTED	NOT_STARTED				6.1.1.2	Local operator-algebraic specialization	GNS/Araki--Woods representation and type classification	Introduced after C052, P031, P038; registered hard handoff(s): supports_p039, supports_p039, supports_p039.	108 · P039	108_P039__araki_woods_realization_and_spectral_identification	derivation/paper/main/sections/06_local_operator_algebraic_specialization/01_gns_araki_woods_representation_and_type_classification/106_C057__gns_araki_woods_spectral_handoff/108_P039__araki_woods_realization_and_spectral_identification	derivation/supplement/sections/06_local_operator_algebraic_specialization/01_gns_araki_woods_representation_and_type_classification/106_C057__gns_araki_woods_spectral_handoff/108_P039__araki_woods_realization_and_spectral_identification	derivation/paper/main/sections/06_local_operator_algebraic_specialization/01_gns_araki_woods_representation_and_type_classification/106_C057__gns_araki_woods_spectral_handoff/108_P039__araki_woods_realization_and_spectral_identification/SECTION.tex	derivation/supplement/sections/06_local_operator_algebraic_specialization/01_gns_araki_woods_representation_and_type_classification/106_C057__gns_araki_woods_spectral_handoff/108_P039__araki_woods_realization_and_spectral_identification/DOCUMENTATION.md	PLANNED	PLANNED
109	C058	6.1.2	72	109	SEC-06	operator_algebra	Local hyperfinite type-III₁ factor	CORE_REQUIRES_PROOF	MAIN_THEOREM	Requires completed injectivity plus a fully verified AW/ITPFI/ratio-set classification argument.	LEGACY_SOURCE_ANCHOR_PENDING_LIFT			C056;C057;P040;P041;P042	PROOF_REQUIRED_NO_CURRENT_EVIDENCE			PROOF_OBLIGATION	PROOF_OWNER		AGGREGATES_EXPLICIT_PROOF_GATES	D2	PROOF_THEOREM_OWNER_OBSTRUCTION_OR_QUARANTINE_ROLE	THEOREM_AND_PROOF_OVERVIEW	FULL_PROOF_DOSSIER	position_in_derivation|formal_statement|hypotheses|introduction_reason|proof_strategy|lemma_chain|formal_realization|counterexamples_or_necessity_checks|axiom_profile|result|remaining_limits|downstream_handoff|code_line_register	PLANNED	PLANNED	NEGATIVE_CONTROL_COUNTEREXAMPLE_OR_HYPOTHESIS_NECESSITY	NOT_STARTED	NOT_STARTED	Weyl/GNS/modular-AQFT specialization	LATE_OPERATOR_ALGEBRAIC_SPECIALIZATION_NODEWISE_STATUS	GENERALIZED_OPEN_PROVENANCE_SYSTEMS -> CNNA_FINITE -> OPS-AQFT-01	6.1.2	Local operator-algebraic specialization	GNS/Araki--Woods representation and type classification	Introduced after C056, C057; registered hard handoff(s): closes_local_factor_nondegeneracy, type_classification.	109 · C058	109_C058__local_hyperfinite_type_iii_factor	derivation/paper/main/sections/06_local_operator_algebraic_specialization/01_gns_araki_woods_representation_and_type_classification/109_C058__local_hyperfinite_type_iii_factor	derivation/supplement/sections/06_local_operator_algebraic_specialization/01_gns_araki_woods_representation_and_type_classification/109_C058__local_hyperfinite_type_iii_factor	derivation/paper/main/sections/06_local_operator_algebraic_specialization/01_gns_araki_woods_representation_and_type_classification/109_C058__local_hyperfinite_type_iii_factor/SECTION.tex	derivation/supplement/sections/06_local_operator_algebraic_specialization/01_gns_araki_woods_representation_and_type_classification/109_C058__local_hyperfinite_type_iii_factor/DOCUMENTATION.md	PLANNED	PLANNED
110	P040	6.1.2.1	73	110	SEC-06	operator_algebra	Local factoriality and center triviality	CORE_REQUIRES_PROOF	MAIN_THEOREM	Prove that each admitted local von Neumann algebra has trivial center under the selected representation.	ARCHITECTURAL_PROOF_DECOMPOSITION			C056;C057;P037;P039	PROOF_REQUIRED_NO_CURRENT_EVIDENCE			PROOF_OBLIGATION	PROOF	C058	ONE_REUSABLE_FALSIFIABLE_GATE	D2	PROOF_THEOREM_OWNER_OBSTRUCTION_OR_QUARANTINE_ROLE	THEOREM_AND_PROOF_OVERVIEW	FULL_PROOF_DOSSIER	position_in_derivation|formal_statement|hypotheses|introduction_reason|proof_strategy|lemma_chain|formal_realization|counterexamples_or_necessity_checks|axiom_profile|result|remaining_limits|downstream_handoff|code_line_register	NOT_REQUIRED_PROOF_NODE	PLANNED	NEGATIVE_CONTROL_COUNTEREXAMPLE_OR_HYPOTHESIS_NECESSITY	NOT_STARTED	NOT_STARTED				6.1.2.1	Local operator-algebraic specialization	GNS/Araki--Woods representation and type classification	Introduced after C056, C057, P037, P039; registered hard handoff(s): supports_p040, supports_p040, supports_p040, supports_p040.	110 · P040	110_P040__local_factoriality_and_center_triviality	derivation/paper/main/sections/06_local_operator_algebraic_specialization/01_gns_araki_woods_representation_and_type_classification/109_C058__local_hyperfinite_type_iii_factor/110_P040__local_factoriality_and_center_triviality	derivation/supplement/sections/06_local_operator_algebraic_specialization/01_gns_araki_woods_representation_and_type_classification/109_C058__local_hyperfinite_type_iii_factor/110_P040__local_factoriality_and_center_triviality	derivation/paper/main/sections/06_local_operator_algebraic_specialization/01_gns_araki_woods_representation_and_type_classification/109_C058__local_hyperfinite_type_iii_factor/110_P040__local_factoriality_and_center_triviality/SECTION.tex	derivation/supplement/sections/06_local_operator_algebraic_specialization/01_gns_araki_woods_representation_and_type_classification/109_C058__local_hyperfinite_type_iii_factor/110_P040__local_factoriality_and_center_triviality/DOCUMENTATION.md	PLANNED	PLANNED
111	P041	6.1.2.2	74	111	SEC-06	operator_algebra	Local hyperfiniteness	CORE_REQUIRES_PROOF	MAIN_THEOREM	Prove hyperfiniteness/AFD of the admitted local factors from the finite approximation system.	ARCHITECTURAL_PROOF_DECOMPOSITION			C057;P038;P040	PROOF_REQUIRED_NO_CURRENT_EVIDENCE			PROOF_OBLIGATION	PROOF	C058	ONE_REUSABLE_FALSIFIABLE_GATE	D2	PROOF_THEOREM_OWNER_OBSTRUCTION_OR_QUARANTINE_ROLE	THEOREM_AND_PROOF_OVERVIEW	FULL_PROOF_DOSSIER	position_in_derivation|formal_statement|hypotheses|introduction_reason|proof_strategy|lemma_chain|formal_realization|counterexamples_or_necessity_checks|axiom_profile|result|remaining_limits|downstream_handoff|code_line_register	NOT_REQUIRED_PROOF_NODE	PLANNED	NEGATIVE_CONTROL_COUNTEREXAMPLE_OR_HYPOTHESIS_NECESSITY	NOT_STARTED	NOT_STARTED				6.1.2.2	Local operator-algebraic specialization	GNS/Araki--Woods representation and type classification	Introduced after C057, P038, P040; registered hard handoff(s): supports_p041, supports_p041, supports_p041.	111 · P041	111_P041__local_hyperfiniteness	derivation/paper/main/sections/06_local_operator_algebraic_specialization/01_gns_araki_woods_representation_and_type_classification/109_C058__local_hyperfinite_type_iii_factor/111_P041__local_hyperfiniteness	derivation/supplement/sections/06_local_operator_algebraic_specialization/01_gns_araki_woods_representation_and_type_classification/109_C058__local_hyperfinite_type_iii_factor/111_P041__local_hyperfiniteness	derivation/paper/main/sections/06_local_operator_algebraic_specialization/01_gns_araki_woods_representation_and_type_classification/109_C058__local_hyperfinite_type_iii_factor/111_P041__local_hyperfiniteness/SECTION.tex	derivation/supplement/sections/06_local_operator_algebraic_specialization/01_gns_araki_woods_representation_and_type_classification/109_C058__local_hyperfinite_type_iii_factor/111_P041__local_hyperfiniteness/DOCUMENTATION.md	PLANNED	PLANNED
112	P042	6.1.2.3	75	112	SEC-06	operator_algebra	Type-III1 ratio-set classification	CORE_REQUIRES_PROOF	MAIN_THEOREM	Verify the ITPFI/Araki-Woods ratio-set or equivalent classification hypotheses and prove type III1.	ARCHITECTURAL_PROOF_DECOMPOSITION			C057;P039;P040;P041	PROOF_REQUIRED_NO_CURRENT_EVIDENCE			PROOF_OBLIGATION	PROOF	C058	ONE_REUSABLE_FALSIFIABLE_GATE	D2	PROOF_THEOREM_OWNER_OBSTRUCTION_OR_QUARANTINE_ROLE	THEOREM_AND_PROOF_OVERVIEW	FULL_PROOF_DOSSIER	position_in_derivation|formal_statement|hypotheses|introduction_reason|proof_strategy|lemma_chain|formal_realization|counterexamples_or_necessity_checks|axiom_profile|result|remaining_limits|downstream_handoff|code_line_register	NOT_REQUIRED_PROOF_NODE	PLANNED	NEGATIVE_CONTROL_COUNTEREXAMPLE_OR_HYPOTHESIS_NECESSITY	NOT_STARTED	NOT_STARTED				6.1.2.3	Local operator-algebraic specialization	GNS/Araki--Woods representation and type classification	Introduced after C057, P039, P040, P041; registered hard handoff(s): supports_p042, supports_p042, supports_p042, supports_p042.	112 · P042	112_P042__type_iii1_ratio_set_classification	derivation/paper/main/sections/06_local_operator_algebraic_specialization/01_gns_araki_woods_representation_and_type_classification/109_C058__local_hyperfinite_type_iii_factor/112_P042__type_iii1_ratio_set_classification	derivation/supplement/sections/06_local_operator_algebraic_specialization/01_gns_araki_woods_representation_and_type_classification/109_C058__local_hyperfinite_type_iii_factor/112_P042__type_iii1_ratio_set_classification	derivation/paper/main/sections/06_local_operator_algebraic_specialization/01_gns_araki_woods_representation_and_type_classification/109_C058__local_hyperfinite_type_iii_factor/112_P042__type_iii1_ratio_set_classification/SECTION.tex	derivation/supplement/sections/06_local_operator_algebraic_specialization/01_gns_araki_woods_representation_and_type_classification/109_C058__local_hyperfinite_type_iii_factor/112_P042__type_iii1_ratio_set_classification/DOCUMENTATION.md	PLANNED	PLANNED
113	C059	6.2.1	75	113	SEC-06	operator_algebra	Finite active interface taxonomy for descendant cones	CORE_BLOCKED	MAIN_THEOREM	Extract the exact rule-level interface formula and keep it distinct from the blocked emergent-geometry selector. Revalidation is mandatory after replacing the primitive IST growth law by response-coupled growth.	LEGACY_SOURCE_ANCHOR_PENDING_LIFT			C008;C019;P043	BLOCKED_NO_CURRENT_EVIDENCE			BLOCKED_DERIVED_NODE	PROOF_OWNER		AGGREGATES_EXPLICIT_PROOF_GATES	D2	PROOF_THEOREM_OWNER_OBSTRUCTION_OR_QUARANTINE_ROLE	THEOREM_AND_PROOF_OVERVIEW	FULL_PROOF_DOSSIER	position_in_derivation|formal_statement|hypotheses|introduction_reason|proof_strategy|lemma_chain|formal_realization|counterexamples_or_necessity_checks|axiom_profile|result|remaining_limits|downstream_handoff|code_line_register	PLANNED	PLANNED	NEGATIVE_CONTROL_COUNTEREXAMPLE_OR_HYPOTHESIS_NECESSITY	NOT_STARTED	NOT_STARTED	Weyl/GNS/modular-AQFT specialization	LATE_OPERATOR_ALGEBRAIC_SPECIALIZATION_NODEWISE_STATUS	GENERALIZED_OPEN_PROVENANCE_SYSTEMS -> CNNA_FINITE -> OPS-AQFT-01	6.2.1	Local operator-algebraic specialization	Complement factorization, finite interface and split structure	Introduced after C008, C019; registered hard handoff(s): finite_cone_interface_taxonomy, supplies_finite_cone_carrier.	113 · C059	113_C059__finite_active_interface_taxonomy_for_descendant_cones	derivation/paper/main/sections/06_local_operator_algebraic_specialization/02_complement_factorization_finite_interface_and_split_structure/113_C059__finite_active_interface_taxonomy_for_descendant_cones	derivation/supplement/sections/06_local_operator_algebraic_specialization/02_complement_factorization_finite_interface_and_split_structure/113_C059__finite_active_interface_taxonomy_for_descendant_cones	derivation/paper/main/sections/06_local_operator_algebraic_specialization/02_complement_factorization_finite_interface_and_split_structure/113_C059__finite_active_interface_taxonomy_for_descendant_cones/SECTION.tex	derivation/supplement/sections/06_local_operator_algebraic_specialization/02_complement_factorization_finite_interface_and_split_structure/113_C059__finite_active_interface_taxonomy_for_descendant_cones/DOCUMENTATION.md	PLANNED	PLANNED
114	P043	6.2.1.1	75	114	SEC-06	operator_algebra	Finite interface taxonomy exhaustivity and disjointness	CORE_REQUIRES_PROOF	MAIN_THEOREM	Prove that the rule-level interface cases are finite, exhaustive, mutually well-typed, and distinct from any emergent geometry selector.	ARCHITECTURAL_PROOF_DECOMPOSITION			C008;C019;P005	PROOF_REQUIRED_NO_CURRENT_EVIDENCE			PROOF_OBLIGATION	PROOF	C059	ONE_REUSABLE_FALSIFIABLE_GATE	D2	PROOF_THEOREM_OWNER_OBSTRUCTION_OR_QUARANTINE_ROLE	THEOREM_AND_PROOF_OVERVIEW	FULL_PROOF_DOSSIER	position_in_derivation|formal_statement|hypotheses|introduction_reason|proof_strategy|lemma_chain|formal_realization|counterexamples_or_necessity_checks|axiom_profile|result|remaining_limits|downstream_handoff|code_line_register	NOT_REQUIRED_PROOF_NODE	PLANNED	NEGATIVE_CONTROL_COUNTEREXAMPLE_OR_HYPOTHESIS_NECESSITY	NOT_STARTED	NOT_STARTED				6.2.1.1	Local operator-algebraic specialization	Complement factorization, finite interface and split structure	Introduced after C008, C019, P005; registered hard handoff(s): supports_p043, supports_p043, supports_p043.	114 · P043	114_P043__finite_interface_taxonomy_exhaustivity_and_disjointness	derivation/paper/main/sections/06_local_operator_algebraic_specialization/02_complement_factorization_finite_interface_and_split_structure/113_C059__finite_active_interface_taxonomy_for_descendant_cones/114_P043__finite_interface_taxonomy_exhaustivity_and_disjointness	derivation/supplement/sections/06_local_operator_algebraic_specialization/02_complement_factorization_finite_interface_and_split_structure/113_C059__finite_active_interface_taxonomy_for_descendant_cones/114_P043__finite_interface_taxonomy_exhaustivity_and_disjointness	derivation/paper/main/sections/06_local_operator_algebraic_specialization/02_complement_factorization_finite_interface_and_split_structure/113_C059__finite_active_interface_taxonomy_for_descendant_cones/114_P043__finite_interface_taxonomy_exhaustivity_and_disjointness/SECTION.tex	derivation/supplement/sections/06_local_operator_algebraic_specialization/02_complement_factorization_finite_interface_and_split_structure/113_C059__finite_active_interface_taxonomy_for_descendant_cones/114_P043__finite_interface_taxonomy_exhaustivity_and_disjointness/DOCUMENTATION.md	PLANNED	PLANNED
115	C060	6.2.2	76	115	SEC-06	operator_algebra	Exact complement split chain	CORE_REQUIRES_PROOF	MAIN_THEOREM	Prove one-particle AW tensor factorization and the III₁–I–III₁ inclusion chain.	LEGACY_SOURCE_ANCHOR_PENDING_LIFT			C053;C058;C059;P044;P045	PROOF_REQUIRED_NO_CURRENT_EVIDENCE			PROOF_OBLIGATION	PROOF_OWNER		AGGREGATES_EXPLICIT_PROOF_GATES	D2	PROOF_THEOREM_OWNER_OBSTRUCTION_OR_QUARANTINE_ROLE	THEOREM_AND_PROOF_OVERVIEW	FULL_PROOF_DOSSIER	position_in_derivation|formal_statement|hypotheses|introduction_reason|proof_strategy|lemma_chain|formal_realization|counterexamples_or_necessity_checks|axiom_profile|result|remaining_limits|downstream_handoff|code_line_register	PLANNED	PLANNED	NEGATIVE_CONTROL_COUNTEREXAMPLE_OR_HYPOTHESIS_NECESSITY	NOT_STARTED	NOT_STARTED	Cut-relative complement | Open-quantum-process specialization | Weyl/GNS/modular-AQFT specialization	NODEWISE_CURRENT_OR_PLANNED | LATER_QUANTUM_SPECIALIZATION_NOT_UNIVERSAL_CLAIM | LATE_OPERATOR_ALGEBRAIC_SPECIALIZATION_NODEWISE_STATUS	GENERALIZED_OPEN_PROVENANCE_SYSTEMS -> CNNA_FINITE -> OPS-QM-02 / OPS-AQFT-01	6.2.2	Local operator-algebraic specialization	Complement factorization, finite interface and split structure	Introduced after C053, C058, C059; registered hard handoff(s): state_factorization, type_split_chain, separator_split.	115 · C060	115_C060__exact_complement_split_chain	derivation/paper/main/sections/06_local_operator_algebraic_specialization/02_complement_factorization_finite_interface_and_split_structure/115_C060__exact_complement_split_chain	derivation/supplement/sections/06_local_operator_algebraic_specialization/02_complement_factorization_finite_interface_and_split_structure/115_C060__exact_complement_split_chain	derivation/paper/main/sections/06_local_operator_algebraic_specialization/02_complement_factorization_finite_interface_and_split_structure/115_C060__exact_complement_split_chain/SECTION.tex	derivation/supplement/sections/06_local_operator_algebraic_specialization/02_complement_factorization_finite_interface_and_split_structure/115_C060__exact_complement_split_chain/DOCUMENTATION.md	PLANNED	PLANNED
116	P044	6.2.2.1	76	116	SEC-06	operator_algebra	One-particle complement tensor factorization	CORE_REQUIRES_PROOF	MAIN_THEOREM	Prove the exact one-particle decomposition and induced Araki-Woods tensor factorization across the finite active interface.	ARCHITECTURAL_PROOF_DECOMPOSITION			C053;C058;C059;P042;P043	PROOF_REQUIRED_NO_CURRENT_EVIDENCE			PROOF_OBLIGATION	PROOF	C060	ONE_REUSABLE_FALSIFIABLE_GATE	D2	PROOF_THEOREM_OWNER_OBSTRUCTION_OR_QUARANTINE_ROLE	THEOREM_AND_PROOF_OVERVIEW	FULL_PROOF_DOSSIER	position_in_derivation|formal_statement|hypotheses|introduction_reason|proof_strategy|lemma_chain|formal_realization|counterexamples_or_necessity_checks|axiom_profile|result|remaining_limits|downstream_handoff|code_line_register	NOT_REQUIRED_PROOF_NODE	PLANNED	NEGATIVE_CONTROL_COUNTEREXAMPLE_OR_HYPOTHESIS_NECESSITY	NOT_STARTED	NOT_STARTED				6.2.2.1	Local operator-algebraic specialization	Complement factorization, finite interface and split structure	Introduced after C053, C058, C059, P042, P043; registered hard handoff(s): supports_p044, supports_p044, supports_p044, supports_p044, supports_p044.	116 · P044	116_P044__one_particle_complement_tensor_factorization	derivation/paper/main/sections/06_local_operator_algebraic_specialization/02_complement_factorization_finite_interface_and_split_structure/115_C060__exact_complement_split_chain/116_P044__one_particle_complement_tensor_factorization	derivation/supplement/sections/06_local_operator_algebraic_specialization/02_complement_factorization_finite_interface_and_split_structure/115_C060__exact_complement_split_chain/116_P044__one_particle_complement_tensor_factorization	derivation/paper/main/sections/06_local_operator_algebraic_specialization/02_complement_factorization_finite_interface_and_split_structure/115_C060__exact_complement_split_chain/116_P044__one_particle_complement_tensor_factorization/SECTION.tex	derivation/supplement/sections/06_local_operator_algebraic_specialization/02_complement_factorization_finite_interface_and_split_structure/115_C060__exact_complement_split_chain/116_P044__one_particle_complement_tensor_factorization/DOCUMENTATION.md	PLANNED	PLANNED
117	P045	6.2.2.2	77	117	SEC-06	operator_algebra	Type-I interpolant and exact III1-I-III1 inclusion	CORE_REQUIRES_PROOF	MAIN_THEOREM	Construct/identify the type-I interpolating factor and prove the exact local inclusion chain.	ARCHITECTURAL_PROOF_DECOMPOSITION			C058;P044	PROOF_REQUIRED_NO_CURRENT_EVIDENCE			PROOF_OBLIGATION	PROOF	C060	ONE_REUSABLE_FALSIFIABLE_GATE	D2	PROOF_THEOREM_OWNER_OBSTRUCTION_OR_QUARANTINE_ROLE	THEOREM_AND_PROOF_OVERVIEW	FULL_PROOF_DOSSIER	position_in_derivation|formal_statement|hypotheses|introduction_reason|proof_strategy|lemma_chain|formal_realization|counterexamples_or_necessity_checks|axiom_profile|result|remaining_limits|downstream_handoff|code_line_register	NOT_REQUIRED_PROOF_NODE	PLANNED	NEGATIVE_CONTROL_COUNTEREXAMPLE_OR_HYPOTHESIS_NECESSITY	NOT_STARTED	NOT_STARTED				6.2.2.2	Local operator-algebraic specialization	Complement factorization, finite interface and split structure	Introduced after C058, P044; registered hard handoff(s): supports_p045, supports_p045.	117 · P045	117_P045__type_i_interpolant_and_exact_iii1_i_iii1_inclusion	derivation/paper/main/sections/06_local_operator_algebraic_specialization/02_complement_factorization_finite_interface_and_split_structure/115_C060__exact_complement_split_chain/117_P045__type_i_interpolant_and_exact_iii1_i_iii1_inclusion	derivation/supplement/sections/06_local_operator_algebraic_specialization/02_complement_factorization_finite_interface_and_split_structure/115_C060__exact_complement_split_chain/117_P045__type_i_interpolant_and_exact_iii1_i_iii1_inclusion	derivation/paper/main/sections/06_local_operator_algebraic_specialization/02_complement_factorization_finite_interface_and_split_structure/115_C060__exact_complement_split_chain/117_P045__type_i_interpolant_and_exact_iii1_i_iii1_inclusion/SECTION.tex	derivation/supplement/sections/06_local_operator_algebraic_specialization/02_complement_factorization_finite_interface_and_split_structure/115_C060__exact_complement_split_chain/117_P045__type_i_interpolant_and_exact_iii1_i_iii1_inclusion/DOCUMENTATION.md	PLANNED	PLANNED
118	C061	6.2.3	77	118	SEC-06	operator_algebra	Dual complement envelope isotony	CORE_BLOCKED	MAIN_THEOREM	Exterior antitony plus commutant reversal yields isotony; explicitly not Haag duality.	LEGACY_SOURCE_ANCHOR_PENDING_LIFT			C060;P046	BLOCKED_NO_CURRENT_EVIDENCE			BLOCKED_DERIVED_NODE	PROOF_OWNER		AGGREGATES_EXPLICIT_PROOF_GATES	D2	PROOF_THEOREM_OWNER_OBSTRUCTION_OR_QUARANTINE_ROLE	THEOREM_AND_PROOF_OVERVIEW	FULL_PROOF_DOSSIER	position_in_derivation|formal_statement|hypotheses|introduction_reason|proof_strategy|lemma_chain|formal_realization|counterexamples_or_necessity_checks|axiom_profile|result|remaining_limits|downstream_handoff|code_line_register	PLANNED	PLANNED	NEGATIVE_CONTROL_COUNTEREXAMPLE_OR_HYPOTHESIS_NECESSITY	NOT_STARTED	NOT_STARTED	Weyl/GNS/modular-AQFT specialization	LATE_OPERATOR_ALGEBRAIC_SPECIALIZATION_NODEWISE_STATUS	GENERALIZED_OPEN_PROVENANCE_SYSTEMS -> CNNA_FINITE -> OPS-AQFT-01	6.2.3	Local operator-algebraic specialization	Complement factorization, finite interface and split structure	Introduced after C060; registered hard handoff(s): dual_envelope_isotony.	118 · C061	118_C061__dual_complement_envelope_isotony	derivation/paper/main/sections/06_local_operator_algebraic_specialization/02_complement_factorization_finite_interface_and_split_structure/118_C061__dual_complement_envelope_isotony	derivation/supplement/sections/06_local_operator_algebraic_specialization/02_complement_factorization_finite_interface_and_split_structure/118_C061__dual_complement_envelope_isotony	derivation/paper/main/sections/06_local_operator_algebraic_specialization/02_complement_factorization_finite_interface_and_split_structure/118_C061__dual_complement_envelope_isotony/SECTION.tex	derivation/supplement/sections/06_local_operator_algebraic_specialization/02_complement_factorization_finite_interface_and_split_structure/118_C061__dual_complement_envelope_isotony/DOCUMENTATION.md	PLANNED	PLANNED
119	P046	6.2.3.1	78	119	SEC-06	operator_algebra	Exterior antitony and commutant-reversal isotony	CORE_REQUIRES_PROOF	MAIN_THEOREM	Prove exterior antitony and derive dual-envelope isotony by commutant reversal, without claiming Haag duality.	ARCHITECTURAL_PROOF_DECOMPOSITION			C060;P045	PROOF_REQUIRED_NO_CURRENT_EVIDENCE			PROOF_OBLIGATION	PROOF	C061	ONE_REUSABLE_FALSIFIABLE_GATE	D2	PROOF_THEOREM_OWNER_OBSTRUCTION_OR_QUARANTINE_ROLE	THEOREM_AND_PROOF_OVERVIEW	FULL_PROOF_DOSSIER	position_in_derivation|formal_statement|hypotheses|introduction_reason|proof_strategy|lemma_chain|formal_realization|counterexamples_or_necessity_checks|axiom_profile|result|remaining_limits|downstream_handoff|code_line_register	NOT_REQUIRED_PROOF_NODE	PLANNED	NEGATIVE_CONTROL_COUNTEREXAMPLE_OR_HYPOTHESIS_NECESSITY	NOT_STARTED	NOT_STARTED				6.2.3.1	Local operator-algebraic specialization	Complement factorization, finite interface and split structure	Introduced after C060, P045; registered hard handoff(s): supports_p046, supports_p046.	119 · P046	119_P046__exterior_antitony_and_commutant_reversal_isotony	derivation/paper/main/sections/06_local_operator_algebraic_specialization/02_complement_factorization_finite_interface_and_split_structure/118_C061__dual_complement_envelope_isotony/119_P046__exterior_antitony_and_commutant_reversal_isotony	derivation/supplement/sections/06_local_operator_algebraic_specialization/02_complement_factorization_finite_interface_and_split_structure/118_C061__dual_complement_envelope_isotony/119_P046__exterior_antitony_and_commutant_reversal_isotony	derivation/paper/main/sections/06_local_operator_algebraic_specialization/02_complement_factorization_finite_interface_and_split_structure/118_C061__dual_complement_envelope_isotony/119_P046__exterior_antitony_and_commutant_reversal_isotony/SECTION.tex	derivation/supplement/sections/06_local_operator_algebraic_specialization/02_complement_factorization_finite_interface_and_split_structure/118_C061__dual_complement_envelope_isotony/119_P046__exterior_antitony_and_commutant_reversal_isotony/DOCUMENTATION.md	PLANNED	PLANNED
120	O090	6.3.1	78	120	SEC-06	obstruction	Counting-terminal Fock identification obstruction	MATHEMATICAL_OBSTRUCTION_PROOF_REQUIRED	MAIN_BOUNDARY	The rejected counting-terminal Fock identification with the provenance GNS/Araki-Woods carrier fails the retained exact compatibility gate; only the obstruction is kept.	MATHEMATICAL_OBSTRUCTION			C057	PROOF_REQUIRED_NO_CURRENT_EVIDENCE			MATHEMATICAL_OBSTRUCTION_PROOF	PROOF		ONE_REUSABLE_FALSIFIABLE_GATE	D2	PROOF_THEOREM_OWNER_OBSTRUCTION_OR_QUARANTINE_ROLE	THEOREM_AND_PROOF_OVERVIEW	FULL_PROOF_DOSSIER	position_in_derivation|formal_statement|hypotheses|introduction_reason|proof_strategy|lemma_chain|formal_realization|counterexamples_or_necessity_checks|axiom_profile|result|remaining_limits|downstream_handoff|code_line_register	NOT_REQUIRED_PROOF_NODE	PLANNED	NEGATIVE_CONTROL_COUNTEREXAMPLE_OR_HYPOTHESIS_NECESSITY	NOT_STARTED	NOT_STARTED				6.3.1	Local operator-algebraic specialization	Rejected completion identifications	Introduced after C057; registered hard handoff(s): supplies_provenance_gns_carrier_for_identification_gate.	120 · O090	120_O090__counting_terminal_fock_identification_obstruction	derivation/paper/main/sections/06_local_operator_algebraic_specialization/03_rejected_completion_identifications/120_O090__counting_terminal_fock_identification_obstruction	derivation/supplement/sections/06_local_operator_algebraic_specialization/03_rejected_completion_identifications/120_O090__counting_terminal_fock_identification_obstruction	derivation/paper/main/sections/06_local_operator_algebraic_specialization/03_rejected_completion_identifications/120_O090__counting_terminal_fock_identification_obstruction/SECTION.tex	derivation/supplement/sections/06_local_operator_algebraic_specialization/03_rejected_completion_identifications/120_O090__counting_terminal_fock_identification_obstruction/DOCUMENTATION.md	PLANNED	PLANNED
121	O091	6.3.2	78	121	SEC-06	obstruction	Ontic corner/Schur inductive-limit obstruction	MATHEMATICAL_OBSTRUCTION_PROOF_REQUIRED	MAIN_BOUNDARY	The corner/Schur algebra inductive-limit route does not by itself provide the selected ontic AQFT net inclusion; retain the exact type-I/compact-limit obstruction only.	MATHEMATICAL_OBSTRUCTION			C051;C060	PROOF_REQUIRED_NO_CURRENT_EVIDENCE			MATHEMATICAL_OBSTRUCTION_PROOF	PROOF		ONE_REUSABLE_FALSIFIABLE_GATE	D2	PROOF_THEOREM_OWNER_OBSTRUCTION_OR_QUARANTINE_ROLE	THEOREM_AND_PROOF_OVERVIEW	FULL_PROOF_DOSSIER	position_in_derivation|formal_statement|hypotheses|introduction_reason|proof_strategy|lemma_chain|formal_realization|counterexamples_or_necessity_checks|axiom_profile|result|remaining_limits|downstream_handoff|code_line_register	NOT_REQUIRED_PROOF_NODE	PLANNED	NEGATIVE_CONTROL_COUNTEREXAMPLE_OR_HYPOTHESIS_NECESSITY	NOT_STARTED	NOT_STARTED				6.3.2	Local operator-algebraic specialization	Rejected completion identifications	Introduced after C051, C060; registered hard handoff(s): supplies_algebraic_weyl_system_for_limit_boundary, supplies_local_split_context_for_limit_boundary.	121 · O091	121_O091__ontic_corner_schur_inductive_limit_obstruction	derivation/paper/main/sections/06_local_operator_algebraic_specialization/03_rejected_completion_identifications/121_O091__ontic_corner_schur_inductive_limit_obstruction	derivation/supplement/sections/06_local_operator_algebraic_specialization/03_rejected_completion_identifications/121_O091__ontic_corner_schur_inductive_limit_obstruction	derivation/paper/main/sections/06_local_operator_algebraic_specialization/03_rejected_completion_identifications/121_O091__ontic_corner_schur_inductive_limit_obstruction/SECTION.tex	derivation/supplement/sections/06_local_operator_algebraic_specialization/03_rejected_completion_identifications/121_O091__ontic_corner_schur_inductive_limit_obstruction/DOCUMENTATION.md	PLANNED	PLANNED
122	O071	7.1.1	79	122	SEC-07	obstruction	Geometry/interface canonicity obstruction	MATHEMATICAL_OBSTRUCTION_PROOF_REQUIRED	MAIN_BOUNDARY	The retained multilevel interface data do not yet select a unique canonical geometry/interface object; this obstruction must be closed before the geometry/Hodge/HK branch is activated.	MATHEMATICAL_OBSTRUCTION			C059	PROOF_REQUIRED_NO_CURRENT_EVIDENCE			MATHEMATICAL_OBSTRUCTION_PROOF	PROOF		ONE_REUSABLE_FALSIFIABLE_GATE	D2	PROOF_THEOREM_OWNER_OBSTRUCTION_OR_QUARANTINE_ROLE	THEOREM_AND_PROOF_OVERVIEW	FULL_PROOF_DOSSIER	position_in_derivation|formal_statement|hypotheses|introduction_reason|proof_strategy|lemma_chain|formal_realization|counterexamples_or_necessity_checks|axiom_profile|result|remaining_limits|downstream_handoff|code_line_register	NOT_REQUIRED_PROOF_NODE	PLANNED	NEGATIVE_CONTROL_COUNTEREXAMPLE_OR_HYPOTHESIS_NECESSITY	NOT_STARTED	NOT_STARTED				7.1.1	Emergent geometry and Hodge/HK branch	Geometry-selector obstruction and canonical selector	Introduced after C059; registered hard handoff(s): supplies_finite_interface_domain_for_canonicity_obstruction.	122 · O071	122_O071__geometry_interface_canonicity_obstruction	derivation/paper/main/sections/07_emergent_geometry_and_hodge_hk_branch/01_geometry_selector_obstruction_and_canonical_selector/122_O071__geometry_interface_canonicity_obstruction	derivation/supplement/sections/07_emergent_geometry_and_hodge_hk_branch/01_geometry_selector_obstruction_and_canonical_selector/122_O071__geometry_interface_canonicity_obstruction	derivation/paper/main/sections/07_emergent_geometry_and_hodge_hk_branch/01_geometry_selector_obstruction_and_canonical_selector/122_O071__geometry_interface_canonicity_obstruction/SECTION.tex	derivation/supplement/sections/07_emergent_geometry_and_hodge_hk_branch/01_geometry_selector_obstruction_and_canonical_selector/122_O071__geometry_interface_canonicity_obstruction/DOCUMENTATION.md	PLANNED	PLANNED
123	M070	7.1.2	80	123	SEC-07	geometry	Canonical emergent interface/geometry selector	CORE_REQUIRED_MISSING	MAIN_FULL	Derive a unique canonical emergent interface/geometry selector after the explicit O071 canonicity obstruction is resolved; no geometry is admitted by naming or visual analogy alone.	LEGACY_SOURCE_ANCHOR_PENDING_LIFT			C019;C021;C059;O071;P047;P048	CONSTRUCTION_MISSING_NO_CURRENT_EVIDENCE			MISSING_CONSTRUCTION_OR_THEOREM	PROOF_OWNER		AGGREGATES_EXPLICIT_PROOF_GATES	D2	PROOF_THEOREM_OWNER_OBSTRUCTION_OR_QUARANTINE_ROLE	THEOREM_AND_PROOF_OVERVIEW	FULL_PROOF_DOSSIER	position_in_derivation|formal_statement|hypotheses|introduction_reason|proof_strategy|lemma_chain|formal_realization|counterexamples_or_necessity_checks|axiom_profile|result|remaining_limits|downstream_handoff|code_line_register	PLANNED	PLANNED	NEGATIVE_CONTROL_COUNTEREXAMPLE_OR_HYPOTHESIS_NECESSITY	NOT_STARTED	NOT_STARTED				7.1.2	Emergent geometry and Hodge/HK branch	Geometry-selector obstruction and canonical selector	Introduced after C021, C019, C059, O071; registered hard handoff(s): selects_emergent_geometry, supplies_provenance_multilevel_domain, supplies_finite_interface_taxonomy, must_be_resolved_before_canonical_geometry_selector.	123 · M070	123_M070__canonical_emergent_interface_geometry_selector	derivation/paper/main/sections/07_emergent_geometry_and_hodge_hk_branch/01_geometry_selector_obstruction_and_canonical_selector/123_M070__canonical_emergent_interface_geometry_selector	derivation/supplement/sections/07_emergent_geometry_and_hodge_hk_branch/01_geometry_selector_obstruction_and_canonical_selector/123_M070__canonical_emergent_interface_geometry_selector	derivation/paper/main/sections/07_emergent_geometry_and_hodge_hk_branch/01_geometry_selector_obstruction_and_canonical_selector/123_M070__canonical_emergent_interface_geometry_selector/SECTION.tex	derivation/supplement/sections/07_emergent_geometry_and_hodge_hk_branch/01_geometry_selector_obstruction_and_canonical_selector/123_M070__canonical_emergent_interface_geometry_selector/DOCUMENTATION.md	PLANNED	PLANNED
124	P047	7.1.2.1	81	124	SEC-07	geometry	Canonical geometry/interface selector existence	CORE_REQUIRES_PROOF	MAIN_FULL	Construct an admitted selector from the resolved finite interface and response data without naming geometry by analogy.	ARCHITECTURAL_PROOF_DECOMPOSITION			C019;C021;C059;O071;P043	PROOF_REQUIRED_NO_CURRENT_EVIDENCE			PROOF_OBLIGATION	PROOF	M070	ONE_REUSABLE_FALSIFIABLE_GATE	D2	PROOF_THEOREM_OWNER_OBSTRUCTION_OR_QUARANTINE_ROLE	THEOREM_AND_PROOF_OVERVIEW	FULL_PROOF_DOSSIER	position_in_derivation|formal_statement|hypotheses|introduction_reason|proof_strategy|lemma_chain|formal_realization|counterexamples_or_necessity_checks|axiom_profile|result|remaining_limits|downstream_handoff|code_line_register	NOT_REQUIRED_PROOF_NODE	PLANNED	NEGATIVE_CONTROL_COUNTEREXAMPLE_OR_HYPOTHESIS_NECESSITY	NOT_STARTED	NOT_STARTED				7.1.2.1	Emergent geometry and Hodge/HK branch	Geometry-selector obstruction and canonical selector	Introduced after C019, C021, C059, O071, P043; registered hard handoff(s): supports_p047, supports_p047, supports_p047, supports_p047, supports_p047.	124 · P047	124_P047__canonical_geometry_interface_selector_existence	derivation/paper/main/sections/07_emergent_geometry_and_hodge_hk_branch/01_geometry_selector_obstruction_and_canonical_selector/123_M070__canonical_emergent_interface_geometry_selector/124_P047__canonical_geometry_interface_selector_existence	derivation/supplement/sections/07_emergent_geometry_and_hodge_hk_branch/01_geometry_selector_obstruction_and_canonical_selector/123_M070__canonical_emergent_interface_geometry_selector/124_P047__canonical_geometry_interface_selector_existence	derivation/paper/main/sections/07_emergent_geometry_and_hodge_hk_branch/01_geometry_selector_obstruction_and_canonical_selector/123_M070__canonical_emergent_interface_geometry_selector/124_P047__canonical_geometry_interface_selector_existence/SECTION.tex	derivation/supplement/sections/07_emergent_geometry_and_hodge_hk_branch/01_geometry_selector_obstruction_and_canonical_selector/123_M070__canonical_emergent_interface_geometry_selector/124_P047__canonical_geometry_interface_selector_existence/DOCUMENTATION.md	PLANNED	PLANNED
125	P048	7.1.2.2	82	125	SEC-07	geometry	Geometry selector uniqueness, equivariance, and naturality	CORE_REQUIRES_PROOF	MAIN_FULL	Prove uniqueness/canonicity, provenance equivariance, and refinement naturality of the selected interface/geometry object.	ARCHITECTURAL_PROOF_DECOMPOSITION			C022;P047	PROOF_REQUIRED_NO_CURRENT_EVIDENCE			PROOF_OBLIGATION	PROOF	M070	ONE_REUSABLE_FALSIFIABLE_GATE	D2	PROOF_THEOREM_OWNER_OBSTRUCTION_OR_QUARANTINE_ROLE	THEOREM_AND_PROOF_OVERVIEW	FULL_PROOF_DOSSIER	position_in_derivation|formal_statement|hypotheses|introduction_reason|proof_strategy|lemma_chain|formal_realization|counterexamples_or_necessity_checks|axiom_profile|result|remaining_limits|downstream_handoff|code_line_register	NOT_REQUIRED_PROOF_NODE	PLANNED	NEGATIVE_CONTROL_COUNTEREXAMPLE_OR_HYPOTHESIS_NECESSITY	NOT_STARTED	NOT_STARTED				7.1.2.2	Emergent geometry and Hodge/HK branch	Geometry-selector obstruction and canonical selector	Introduced after C022, P047; registered hard handoff(s): supports_p048, supports_p048.	125 · P048	125_P048__geometry_selector_uniqueness_equivariance_and_naturality	derivation/paper/main/sections/07_emergent_geometry_and_hodge_hk_branch/01_geometry_selector_obstruction_and_canonical_selector/123_M070__canonical_emergent_interface_geometry_selector/125_P048__geometry_selector_uniqueness_equivariance_and_naturality	derivation/supplement/sections/07_emergent_geometry_and_hodge_hk_branch/01_geometry_selector_obstruction_and_canonical_selector/123_M070__canonical_emergent_interface_geometry_selector/125_P048__geometry_selector_uniqueness_equivariance_and_naturality	derivation/paper/main/sections/07_emergent_geometry_and_hodge_hk_branch/01_geometry_selector_obstruction_and_canonical_selector/123_M070__canonical_emergent_interface_geometry_selector/125_P048__geometry_selector_uniqueness_equivariance_and_naturality/SECTION.tex	derivation/supplement/sections/07_emergent_geometry_and_hodge_hk_branch/01_geometry_selector_obstruction_and_canonical_selector/123_M070__canonical_emergent_interface_geometry_selector/125_P048__geometry_selector_uniqueness_equivariance_and_naturality/DOCUMENTATION.md	PLANNED	PLANNED
126	B071	7.2.1	82	126	SEC-07	geometry	Hodge / geometric-locality / HK geometry branch	QUARANTINED	NONE_ACTIVE	Not part of the active DAG until M070 is closed.	QUARANTINED			M070	QUARANTINED_NO_ACTIVE_EVIDENCE			QUARANTINED_BRANCH	QUARANTINE		NONE	D2	PROOF_THEOREM_OWNER_OBSTRUCTION_OR_QUARANTINE_ROLE	THEOREM_AND_PROOF_OVERVIEW	FULL_PROOF_DOSSIER	position_in_derivation|formal_statement|hypotheses|introduction_reason|proof_strategy|lemma_chain|formal_realization|counterexamples_or_necessity_checks|axiom_profile|result|remaining_limits|downstream_handoff|code_line_register	PLANNED	PLANNED	NEGATIVE_CONTROL_COUNTEREXAMPLE_OR_HYPOTHESIS_NECESSITY	NOT_STARTED	NOT_STARTED				7.2.1	Emergent geometry and Hodge/HK branch	Hodge/HK specialization branch	Introduced after M070; registered hard handoff(s): unblocks_geometry_hodge_hk.	126 · B071	126_B071__hodge_geometric_locality_hk_geometry_branch	derivation/paper/main/sections/07_emergent_geometry_and_hodge_hk_branch/02_hodge_hk_specialization_branch/126_B071__hodge_geometric_locality_hk_geometry_branch	derivation/supplement/sections/07_emergent_geometry_and_hodge_hk_branch/02_hodge_hk_specialization_branch/126_B071__hodge_geometric_locality_hk_geometry_branch	derivation/paper/main/sections/07_emergent_geometry_and_hodge_hk_branch/02_hodge_hk_specialization_branch/126_B071__hodge_geometric_locality_hk_geometry_branch/SECTION.tex	derivation/supplement/sections/07_emergent_geometry_and_hodge_hk_branch/02_hodge_hk_specialization_branch/126_B071__hodge_geometric_locality_hk_geometry_branch/DOCUMENTATION.md	PLANNED	PLANNED
127	M080	8.1.1	85	127	SEC-08	modular	Local standardness of (M(O),Ω)	CORE_REQUIRED_MISSING	MAIN_OPEN_GATE	Prove the selected GNS vector is cyclic and separating for every admitted local algebra.	MISSING_CONSTRUCTION			C057;C058;P049;P050	CONSTRUCTION_MISSING_NO_CURRENT_EVIDENCE			MISSING_CONSTRUCTION_OR_THEOREM	PROOF_OWNER		AGGREGATES_EXPLICIT_PROOF_GATES	D2	PROOF_THEOREM_OWNER_OBSTRUCTION_OR_QUARANTINE_ROLE	THEOREM_AND_PROOF_OVERVIEW	FULL_PROOF_DOSSIER	position_in_derivation|formal_statement|hypotheses|introduction_reason|proof_strategy|lemma_chain|formal_realization|counterexamples_or_necessity_checks|axiom_profile|result|remaining_limits|downstream_handoff|code_line_register	PLANNED	PLANNED	NEGATIVE_CONTROL_COUNTEREXAMPLE_OR_HYPOTHESIS_NECESSITY	NOT_STARTED	NOT_STARTED	Weyl/GNS/modular-AQFT specialization	LATE_OPERATOR_ALGEBRAIC_SPECIALIZATION_NODEWISE_STATUS	GENERALIZED_OPEN_PROVENANCE_SYSTEMS -> CNNA_FINITE -> OPS-AQFT-01	8.1.1	Modular/AQFT specialization and purity gates	Standardness, modular flow and native provenance action	Introduced after C058, C057; registered hard handoff(s): requires_local_standardness, supplies_selected_gns_vector.	127 · M080	127_M080__local_standardness_of_m_o	derivation/paper/main/sections/08_modular_aqft_specialization_and_purity_gates/01_standardness_modular_flow_and_native_provenance_action/127_M080__local_standardness_of_m_o	derivation/supplement/sections/08_modular_aqft_specialization_and_purity_gates/01_standardness_modular_flow_and_native_provenance_action/127_M080__local_standardness_of_m_o	derivation/paper/main/sections/08_modular_aqft_specialization_and_purity_gates/01_standardness_modular_flow_and_native_provenance_action/127_M080__local_standardness_of_m_o/SECTION.tex	derivation/supplement/sections/08_modular_aqft_specialization_and_purity_gates/01_standardness_modular_flow_and_native_provenance_action/127_M080__local_standardness_of_m_o/DOCUMENTATION.md	PLANNED	PLANNED
128	P049	8.1.1.1	86	128	SEC-08	modular	Local cyclicity of the GNS vector	CORE_REQUIRES_PROOF	MAIN_OPEN_GATE	Prove that the selected GNS vector is cyclic for every admitted local algebra.	ARCHITECTURAL_PROOF_DECOMPOSITION			C057;C058;P042	PROOF_REQUIRED_NO_CURRENT_EVIDENCE			PROOF_OBLIGATION	PROOF	M080	ONE_REUSABLE_FALSIFIABLE_GATE	D2	PROOF_THEOREM_OWNER_OBSTRUCTION_OR_QUARANTINE_ROLE	THEOREM_AND_PROOF_OVERVIEW	FULL_PROOF_DOSSIER	position_in_derivation|formal_statement|hypotheses|introduction_reason|proof_strategy|lemma_chain|formal_realization|counterexamples_or_necessity_checks|axiom_profile|result|remaining_limits|downstream_handoff|code_line_register	NOT_REQUIRED_PROOF_NODE	PLANNED	NEGATIVE_CONTROL_COUNTEREXAMPLE_OR_HYPOTHESIS_NECESSITY	NOT_STARTED	NOT_STARTED				8.1.1.1	Modular/AQFT specialization and purity gates	Standardness, modular flow and native provenance action	Introduced after C057, C058, P042; registered hard handoff(s): supports_p049, supports_p049, supports_p049.	128 · P049	128_P049__local_cyclicity_of_the_gns_vector	derivation/paper/main/sections/08_modular_aqft_specialization_and_purity_gates/01_standardness_modular_flow_and_native_provenance_action/127_M080__local_standardness_of_m_o/128_P049__local_cyclicity_of_the_gns_vector	derivation/supplement/sections/08_modular_aqft_specialization_and_purity_gates/01_standardness_modular_flow_and_native_provenance_action/127_M080__local_standardness_of_m_o/128_P049__local_cyclicity_of_the_gns_vector	derivation/paper/main/sections/08_modular_aqft_specialization_and_purity_gates/01_standardness_modular_flow_and_native_provenance_action/127_M080__local_standardness_of_m_o/128_P049__local_cyclicity_of_the_gns_vector/SECTION.tex	derivation/supplement/sections/08_modular_aqft_specialization_and_purity_gates/01_standardness_modular_flow_and_native_provenance_action/127_M080__local_standardness_of_m_o/128_P049__local_cyclicity_of_the_gns_vector/DOCUMENTATION.md	PLANNED	PLANNED
129	P050	8.1.1.2	87	129	SEC-08	modular	Local separatingness of the GNS vector	CORE_REQUIRES_PROOF	MAIN_OPEN_GATE	Prove that the selected GNS vector is separating for every admitted local algebra.	ARCHITECTURAL_PROOF_DECOMPOSITION			C057;C058;P049	PROOF_REQUIRED_NO_CURRENT_EVIDENCE			PROOF_OBLIGATION	PROOF	M080	ONE_REUSABLE_FALSIFIABLE_GATE	D2	PROOF_THEOREM_OWNER_OBSTRUCTION_OR_QUARANTINE_ROLE	THEOREM_AND_PROOF_OVERVIEW	FULL_PROOF_DOSSIER	position_in_derivation|formal_statement|hypotheses|introduction_reason|proof_strategy|lemma_chain|formal_realization|counterexamples_or_necessity_checks|axiom_profile|result|remaining_limits|downstream_handoff|code_line_register	NOT_REQUIRED_PROOF_NODE	PLANNED	NEGATIVE_CONTROL_COUNTEREXAMPLE_OR_HYPOTHESIS_NECESSITY	NOT_STARTED	NOT_STARTED				8.1.1.2	Modular/AQFT specialization and purity gates	Standardness, modular flow and native provenance action	Introduced after C057, C058, P049; registered hard handoff(s): supports_p050, supports_p050, supports_p050.	129 · P050	129_P050__local_separatingness_of_the_gns_vector	derivation/paper/main/sections/08_modular_aqft_specialization_and_purity_gates/01_standardness_modular_flow_and_native_provenance_action/127_M080__local_standardness_of_m_o/129_P050__local_separatingness_of_the_gns_vector	derivation/supplement/sections/08_modular_aqft_specialization_and_purity_gates/01_standardness_modular_flow_and_native_provenance_action/127_M080__local_standardness_of_m_o/129_P050__local_separatingness_of_the_gns_vector	derivation/paper/main/sections/08_modular_aqft_specialization_and_purity_gates/01_standardness_modular_flow_and_native_provenance_action/127_M080__local_standardness_of_m_o/129_P050__local_separatingness_of_the_gns_vector/SECTION.tex	derivation/supplement/sections/08_modular_aqft_specialization_and_purity_gates/01_standardness_modular_flow_and_native_provenance_action/127_M080__local_standardness_of_m_o/129_P050__local_separatingness_of_the_gns_vector/DOCUMENTATION.md	PLANNED	PLANNED
130	M082	8.1.2	87	130	SEC-08	modular	Derived local modular flow	CORE_REQUIRED_MISSING	MAIN_OPEN_GATE	Requires standard local pairs and an admitted representation/action; only then can modular time be discussed.	MISSING_CONSTRUCTION			M080;P051;P052	CONSTRUCTION_MISSING_NO_CURRENT_EVIDENCE			MISSING_CONSTRUCTION_OR_THEOREM	PROOF_OWNER		AGGREGATES_EXPLICIT_PROOF_GATES	D2	PROOF_THEOREM_OWNER_OBSTRUCTION_OR_QUARANTINE_ROLE	THEOREM_AND_PROOF_OVERVIEW	FULL_PROOF_DOSSIER	position_in_derivation|formal_statement|hypotheses|introduction_reason|proof_strategy|lemma_chain|formal_realization|counterexamples_or_necessity_checks|axiom_profile|result|remaining_limits|downstream_handoff|code_line_register	PLANNED	PLANNED	NEGATIVE_CONTROL_COUNTEREXAMPLE_OR_HYPOTHESIS_NECESSITY	NOT_STARTED	NOT_STARTED	Weyl/GNS/modular-AQFT specialization	LATE_OPERATOR_ALGEBRAIC_SPECIALIZATION_NODEWISE_STATUS	GENERALIZED_OPEN_PROVENANCE_SYSTEMS -> CNNA_FINITE -> OPS-AQFT-01	8.1.2	Modular/AQFT specialization and purity gates	Standardness, modular flow and native provenance action	Introduced after M080; registered hard handoff(s): tomita_takesaki_flow.	130 · M082	130_M082__derived_local_modular_flow	derivation/paper/main/sections/08_modular_aqft_specialization_and_purity_gates/01_standardness_modular_flow_and_native_provenance_action/130_M082__derived_local_modular_flow	derivation/supplement/sections/08_modular_aqft_specialization_and_purity_gates/01_standardness_modular_flow_and_native_provenance_action/130_M082__derived_local_modular_flow	derivation/paper/main/sections/08_modular_aqft_specialization_and_purity_gates/01_standardness_modular_flow_and_native_provenance_action/130_M082__derived_local_modular_flow/SECTION.tex	derivation/supplement/sections/08_modular_aqft_specialization_and_purity_gates/01_standardness_modular_flow_and_native_provenance_action/130_M082__derived_local_modular_flow/DOCUMENTATION.md	PLANNED	PLANNED
131	P051	8.1.2.1	88	131	SEC-08	modular	Tomita operator closure and polar decomposition	CORE_REQUIRES_PROOF	MAIN_OPEN_GATE	Construct the local Tomita operator on the standard core, prove closability, and obtain the modular operator/conjugation polar decomposition.	ARCHITECTURAL_PROOF_DECOMPOSITION			M080;P049;P050	PROOF_REQUIRED_NO_CURRENT_EVIDENCE			PROOF_OBLIGATION	PROOF	M082	ONE_REUSABLE_FALSIFIABLE_GATE	D2	PROOF_THEOREM_OWNER_OBSTRUCTION_OR_QUARANTINE_ROLE	THEOREM_AND_PROOF_OVERVIEW	FULL_PROOF_DOSSIER	position_in_derivation|formal_statement|hypotheses|introduction_reason|proof_strategy|lemma_chain|formal_realization|counterexamples_or_necessity_checks|axiom_profile|result|remaining_limits|downstream_handoff|code_line_register	NOT_REQUIRED_PROOF_NODE	PLANNED	NEGATIVE_CONTROL_COUNTEREXAMPLE_OR_HYPOTHESIS_NECESSITY	NOT_STARTED	NOT_STARTED				8.1.2.1	Modular/AQFT specialization and purity gates	Standardness, modular flow and native provenance action	Introduced after M080, P049, P050; registered hard handoff(s): supports_p051, supports_p051, supports_p051.	131 · P051	131_P051__tomita_operator_closure_and_polar_decomposition	derivation/paper/main/sections/08_modular_aqft_specialization_and_purity_gates/01_standardness_modular_flow_and_native_provenance_action/130_M082__derived_local_modular_flow/131_P051__tomita_operator_closure_and_polar_decomposition	derivation/supplement/sections/08_modular_aqft_specialization_and_purity_gates/01_standardness_modular_flow_and_native_provenance_action/130_M082__derived_local_modular_flow/131_P051__tomita_operator_closure_and_polar_decomposition	derivation/paper/main/sections/08_modular_aqft_specialization_and_purity_gates/01_standardness_modular_flow_and_native_provenance_action/130_M082__derived_local_modular_flow/131_P051__tomita_operator_closure_and_polar_decomposition/SECTION.tex	derivation/supplement/sections/08_modular_aqft_specialization_and_purity_gates/01_standardness_modular_flow_and_native_provenance_action/130_M082__derived_local_modular_flow/131_P051__tomita_operator_closure_and_polar_decomposition/DOCUMENTATION.md	PLANNED	PLANNED
132	P052	8.1.2.2	89	132	SEC-08	modular	Local modular automorphism group and net compatibility	CORE_REQUIRES_PROOF	MAIN_OPEN_GATE	Prove the one-parameter automorphism-group law and its admitted locality/net compatibility.	ARCHITECTURAL_PROOF_DECOMPOSITION			P051	PROOF_REQUIRED_NO_CURRENT_EVIDENCE			PROOF_OBLIGATION	PROOF	M082	ONE_REUSABLE_FALSIFIABLE_GATE	D2	PROOF_THEOREM_OWNER_OBSTRUCTION_OR_QUARANTINE_ROLE	THEOREM_AND_PROOF_OVERVIEW	FULL_PROOF_DOSSIER	position_in_derivation|formal_statement|hypotheses|introduction_reason|proof_strategy|lemma_chain|formal_realization|counterexamples_or_necessity_checks|axiom_profile|result|remaining_limits|downstream_handoff|code_line_register	NOT_REQUIRED_PROOF_NODE	PLANNED	NEGATIVE_CONTROL_COUNTEREXAMPLE_OR_HYPOTHESIS_NECESSITY	NOT_STARTED	NOT_STARTED				8.1.2.2	Modular/AQFT specialization and purity gates	Standardness, modular flow and native provenance action	Introduced after P051; registered hard handoff(s): supports_p052.	132 · P052	132_P052__local_modular_automorphism_group_and_net_compatibility	derivation/paper/main/sections/08_modular_aqft_specialization_and_purity_gates/01_standardness_modular_flow_and_native_provenance_action/130_M082__derived_local_modular_flow/132_P052__local_modular_automorphism_group_and_net_compatibility	derivation/supplement/sections/08_modular_aqft_specialization_and_purity_gates/01_standardness_modular_flow_and_native_provenance_action/130_M082__derived_local_modular_flow/132_P052__local_modular_automorphism_group_and_net_compatibility	derivation/paper/main/sections/08_modular_aqft_specialization_and_purity_gates/01_standardness_modular_flow_and_native_provenance_action/130_M082__derived_local_modular_flow/132_P052__local_modular_automorphism_group_and_net_compatibility/SECTION.tex	derivation/supplement/sections/08_modular_aqft_specialization_and_purity_gates/01_standardness_modular_flow_and_native_provenance_action/130_M082__derived_local_modular_flow/132_P052__local_modular_automorphism_group_and_net_compatibility/DOCUMENTATION.md	PLANNED	PLANNED
133	O081	8.1.3	89	133	SEC-08	modular	Global native modular-conjugation lift obstruction	MATHEMATICAL_OBSTRUCTION_PROOF_REQUIRED	MAIN_BOUNDARY	Current source supports an abstract opposite shadow and local representatives, but no single native global CNNA involution.	MATHEMATICAL_OBSTRUCTION			C057	PROOF_REQUIRED_NO_CURRENT_EVIDENCE			MATHEMATICAL_OBSTRUCTION_PROOF	PROOF		ONE_REUSABLE_FALSIFIABLE_GATE	D2	PROOF_THEOREM_OWNER_OBSTRUCTION_OR_QUARANTINE_ROLE	THEOREM_AND_PROOF_OVERVIEW	FULL_PROOF_DOSSIER	position_in_derivation|formal_statement|hypotheses|introduction_reason|proof_strategy|lemma_chain|formal_realization|counterexamples_or_necessity_checks|axiom_profile|result|remaining_limits|downstream_handoff|code_line_register	NOT_REQUIRED_PROOF_NODE	PLANNED	NEGATIVE_CONTROL_COUNTEREXAMPLE_OR_HYPOTHESIS_NECESSITY	NOT_STARTED	NOT_STARTED				8.1.3	Modular/AQFT specialization and purity gates	Standardness, modular flow and native provenance action	Introduced after C057; registered hard handoff(s): modular_shadow_audit.	133 · O081	133_O081__global_native_modular_conjugation_lift_obstruction	derivation/paper/main/sections/08_modular_aqft_specialization_and_purity_gates/01_standardness_modular_flow_and_native_provenance_action/133_O081__global_native_modular_conjugation_lift_obstruction	derivation/supplement/sections/08_modular_aqft_specialization_and_purity_gates/01_standardness_modular_flow_and_native_provenance_action/133_O081__global_native_modular_conjugation_lift_obstruction	derivation/paper/main/sections/08_modular_aqft_specialization_and_purity_gates/01_standardness_modular_flow_and_native_provenance_action/133_O081__global_native_modular_conjugation_lift_obstruction/SECTION.tex	derivation/supplement/sections/08_modular_aqft_specialization_and_purity_gates/01_standardness_modular_flow_and_native_provenance_action/133_O081__global_native_modular_conjugation_lift_obstruction/DOCUMENTATION.md	PLANNED	PLANNED
134	O092	8.1.4	89	134	SEC-08	obstruction	K-selected polarization uniqueness/compatibility obstruction	MATHEMATICAL_OBSTRUCTION_PROOF_REQUIRED	MAIN_BOUNDARY	Anti-symplectic polarizations exist at finite/completed level, but the tested K-selected finite polarizations fail the required interlevel/canonical uniqueness handoff; no unique global selected polarization follows.	MATHEMATICAL_OBSTRUCTION			C052	PROOF_REQUIRED_NO_CURRENT_EVIDENCE			MATHEMATICAL_OBSTRUCTION_PROOF	PROOF		ONE_REUSABLE_FALSIFIABLE_GATE	D2	PROOF_THEOREM_OWNER_OBSTRUCTION_OR_QUARANTINE_ROLE	THEOREM_AND_PROOF_OVERVIEW	FULL_PROOF_DOSSIER	position_in_derivation|formal_statement|hypotheses|introduction_reason|proof_strategy|lemma_chain|formal_realization|counterexamples_or_necessity_checks|axiom_profile|result|remaining_limits|downstream_handoff|code_line_register	NOT_REQUIRED_PROOF_NODE	PLANNED	NEGATIVE_CONTROL_COUNTEREXAMPLE_OR_HYPOTHESIS_NECESSITY	NOT_STARTED	NOT_STARTED				8.1.4	Modular/AQFT specialization and purity gates	Standardness, modular flow and native provenance action	Introduced after C052; registered hard handoff(s): supplies_completed_skew_operator_for_polarization_gate.	134 · O092	134_O092__k_selected_polarization_uniqueness_compatibility_obstruction	derivation/paper/main/sections/08_modular_aqft_specialization_and_purity_gates/01_standardness_modular_flow_and_native_provenance_action/134_O092__k_selected_polarization_uniqueness_compatibility_obstruction	derivation/supplement/sections/08_modular_aqft_specialization_and_purity_gates/01_standardness_modular_flow_and_native_provenance_action/134_O092__k_selected_polarization_uniqueness_compatibility_obstruction	derivation/paper/main/sections/08_modular_aqft_specialization_and_purity_gates/01_standardness_modular_flow_and_native_provenance_action/134_O092__k_selected_polarization_uniqueness_compatibility_obstruction/SECTION.tex	derivation/supplement/sections/08_modular_aqft_specialization_and_purity_gates/01_standardness_modular_flow_and_native_provenance_action/134_O092__k_selected_polarization_uniqueness_compatibility_obstruction/DOCUMENTATION.md	PLANNED	PLANNED
135	M086	8.1.5	90	135	SEC-08	modular	Native provenance realization of the local modular action	CORE_REQUIRED_MISSING	MAIN_OPEN_GATE	Realize the abstract local Tomita-Takesaki modular action as a canonical action on admitted CNNA provenance/response observables without postulating a global involution.	LEGACY_SOURCE_ANCHOR_PENDING_LIFT			M082;O081;O092;P053;P054	CONSTRUCTION_MISSING_NO_CURRENT_EVIDENCE			MISSING_CONSTRUCTION_OR_THEOREM	PROOF_OWNER		AGGREGATES_EXPLICIT_PROOF_GATES	D2	PROOF_THEOREM_OWNER_OBSTRUCTION_OR_QUARANTINE_ROLE	THEOREM_AND_PROOF_OVERVIEW	FULL_PROOF_DOSSIER	position_in_derivation|formal_statement|hypotheses|introduction_reason|proof_strategy|lemma_chain|formal_realization|counterexamples_or_necessity_checks|axiom_profile|result|remaining_limits|downstream_handoff|code_line_register	PLANNED	PLANNED	NEGATIVE_CONTROL_COUNTEREXAMPLE_OR_HYPOTHESIS_NECESSITY	NOT_STARTED	NOT_STARTED	Weyl/GNS/modular-AQFT specialization	LATE_OPERATOR_ALGEBRAIC_SPECIALIZATION_NODEWISE_STATUS	GENERALIZED_OPEN_PROVENANCE_SYSTEMS -> CNNA_FINITE -> OPS-AQFT-01	8.1.5	Modular/AQFT specialization and purity gates	Standardness, modular flow and native provenance action	Introduced after M082, O081, O092; registered hard handoff(s): supplies_abstract_local_modular_action, exposes_native_lift_obstruction, exposes_polarization_uniqueness_obstruction.	135 · M086	135_M086__native_provenance_realization_of_the_local_modular_action	derivation/paper/main/sections/08_modular_aqft_specialization_and_purity_gates/01_standardness_modular_flow_and_native_provenance_action/135_M086__native_provenance_realization_of_the_local_modular_action	derivation/supplement/sections/08_modular_aqft_specialization_and_purity_gates/01_standardness_modular_flow_and_native_provenance_action/135_M086__native_provenance_realization_of_the_local_modular_action	derivation/paper/main/sections/08_modular_aqft_specialization_and_purity_gates/01_standardness_modular_flow_and_native_provenance_action/135_M086__native_provenance_realization_of_the_local_modular_action/SECTION.tex	derivation/supplement/sections/08_modular_aqft_specialization_and_purity_gates/01_standardness_modular_flow_and_native_provenance_action/135_M086__native_provenance_realization_of_the_local_modular_action/DOCUMENTATION.md	PLANNED	PLANNED
136	P053	8.1.5.1	90	136	SEC-08	modular	Native provenance action realization and intertwining	CORE_REQUIRES_PROOF	MAIN_OPEN_GATE	Realize the abstract local modular action on admitted provenance/response observables and prove the representation intertwining relation.	ARCHITECTURAL_PROOF_DECOMPOSITION			M082;O081;O092;P052	PROOF_REQUIRED_NO_CURRENT_EVIDENCE			PROOF_OBLIGATION	PROOF	M086	ONE_REUSABLE_FALSIFIABLE_GATE	D2	PROOF_THEOREM_OWNER_OBSTRUCTION_OR_QUARANTINE_ROLE	THEOREM_AND_PROOF_OVERVIEW	FULL_PROOF_DOSSIER	position_in_derivation|formal_statement|hypotheses|introduction_reason|proof_strategy|lemma_chain|formal_realization|counterexamples_or_necessity_checks|axiom_profile|result|remaining_limits|downstream_handoff|code_line_register	NOT_REQUIRED_PROOF_NODE	PLANNED	NEGATIVE_CONTROL_COUNTEREXAMPLE_OR_HYPOTHESIS_NECESSITY	NOT_STARTED	NOT_STARTED				8.1.5.1	Modular/AQFT specialization and purity gates	Standardness, modular flow and native provenance action	Introduced after M082, O081, O092, P052; registered hard handoff(s): supports_p053, supports_p053, supports_p053, supports_p053.	136 · P053	136_P053__native_provenance_action_realization_and_intertwining	derivation/paper/main/sections/08_modular_aqft_specialization_and_purity_gates/01_standardness_modular_flow_and_native_provenance_action/135_M086__native_provenance_realization_of_the_local_modular_action/136_P053__native_provenance_action_realization_and_intertwining	derivation/supplement/sections/08_modular_aqft_specialization_and_purity_gates/01_standardness_modular_flow_and_native_provenance_action/135_M086__native_provenance_realization_of_the_local_modular_action/136_P053__native_provenance_action_realization_and_intertwining	derivation/paper/main/sections/08_modular_aqft_specialization_and_purity_gates/01_standardness_modular_flow_and_native_provenance_action/135_M086__native_provenance_realization_of_the_local_modular_action/136_P053__native_provenance_action_realization_and_intertwining/SECTION.tex	derivation/supplement/sections/08_modular_aqft_specialization_and_purity_gates/01_standardness_modular_flow_and_native_provenance_action/135_M086__native_provenance_realization_of_the_local_modular_action/136_P053__native_provenance_action_realization_and_intertwining/DOCUMENTATION.md	PLANNED	PLANNED
137	P054	8.1.5.2	91	137	SEC-08	modular	Native modular action canonicity and choice independence	CORE_REQUIRES_PROOF	MAIN_OPEN_GATE	Prove independence from local representatives/polarization auxiliaries and the required canonical compatibility on overlaps.	ARCHITECTURAL_PROOF_DECOMPOSITION			P053	PROOF_REQUIRED_NO_CURRENT_EVIDENCE			PROOF_OBLIGATION	PROOF	M086	ONE_REUSABLE_FALSIFIABLE_GATE	D2	PROOF_THEOREM_OWNER_OBSTRUCTION_OR_QUARANTINE_ROLE	THEOREM_AND_PROOF_OVERVIEW	FULL_PROOF_DOSSIER	position_in_derivation|formal_statement|hypotheses|introduction_reason|proof_strategy|lemma_chain|formal_realization|counterexamples_or_necessity_checks|axiom_profile|result|remaining_limits|downstream_handoff|code_line_register	NOT_REQUIRED_PROOF_NODE	PLANNED	NEGATIVE_CONTROL_COUNTEREXAMPLE_OR_HYPOTHESIS_NECESSITY	NOT_STARTED	NOT_STARTED				8.1.5.2	Modular/AQFT specialization and purity gates	Standardness, modular flow and native provenance action	Introduced after P053; registered hard handoff(s): supports_p054.	137 · P054	137_P054__native_modular_action_canonicity_and_choice_independence	derivation/paper/main/sections/08_modular_aqft_specialization_and_purity_gates/01_standardness_modular_flow_and_native_provenance_action/135_M086__native_provenance_realization_of_the_local_modular_action/137_P054__native_modular_action_canonicity_and_choice_independence	derivation/supplement/sections/08_modular_aqft_specialization_and_purity_gates/01_standardness_modular_flow_and_native_provenance_action/135_M086__native_provenance_realization_of_the_local_modular_action/137_P054__native_modular_action_canonicity_and_choice_independence	derivation/paper/main/sections/08_modular_aqft_specialization_and_purity_gates/01_standardness_modular_flow_and_native_provenance_action/135_M086__native_provenance_realization_of_the_local_modular_action/137_P054__native_modular_action_canonicity_and_choice_independence/SECTION.tex	derivation/supplement/sections/08_modular_aqft_specialization_and_purity_gates/01_standardness_modular_flow_and_native_provenance_action/135_M086__native_provenance_realization_of_the_local_modular_action/137_P054__native_modular_action_canonicity_and_choice_independence/DOCUMENTATION.md	PLANNED	PLANNED
138	M083	8.2.1	91	138	SEC-08	aqft	Covariance group and spectrum condition	CORE_REQUIRED_MISSING	MAIN_OPEN_GATE	A derived automorphism/covariance group and positive generator are absent.	LEGACY_SOURCE_ANCHOR_PENDING_LIFT			C061;M082;M086;P055;P056;P057	CONSTRUCTION_MISSING_NO_CURRENT_EVIDENCE			MISSING_CONSTRUCTION_OR_THEOREM	PROOF_OWNER		AGGREGATES_EXPLICIT_PROOF_GATES	D2	PROOF_THEOREM_OWNER_OBSTRUCTION_OR_QUARANTINE_ROLE	THEOREM_AND_PROOF_OVERVIEW	FULL_PROOF_DOSSIER	position_in_derivation|formal_statement|hypotheses|introduction_reason|proof_strategy|lemma_chain|formal_realization|counterexamples_or_necessity_checks|axiom_profile|result|remaining_limits|downstream_handoff|code_line_register	PLANNED	PLANNED	NEGATIVE_CONTROL_COUNTEREXAMPLE_OR_HYPOTHESIS_NECESSITY	NOT_STARTED	NOT_STARTED	Weyl/GNS/modular-AQFT specialization	LATE_OPERATOR_ALGEBRAIC_SPECIALIZATION_NODEWISE_STATUS	GENERALIZED_OPEN_PROVENANCE_SYSTEMS -> CNNA_FINITE -> OPS-AQFT-01	8.2.1	Modular/AQFT specialization and purity gates	AQFT covariance and spectrum	Introduced after M082, M086, C061; registered hard handoff(s): covariance_spectrum, supplies_native_net_action, supplies_local_net_for_covariance.	138 · M083	138_M083__covariance_group_and_spectrum_condition	derivation/paper/main/sections/08_modular_aqft_specialization_and_purity_gates/02_aqft_covariance_and_spectrum/138_M083__covariance_group_and_spectrum_condition	derivation/supplement/sections/08_modular_aqft_specialization_and_purity_gates/02_aqft_covariance_and_spectrum/138_M083__covariance_group_and_spectrum_condition	derivation/paper/main/sections/08_modular_aqft_specialization_and_purity_gates/02_aqft_covariance_and_spectrum/138_M083__covariance_group_and_spectrum_condition/SECTION.tex	derivation/supplement/sections/08_modular_aqft_specialization_and_purity_gates/02_aqft_covariance_and_spectrum/138_M083__covariance_group_and_spectrum_condition/DOCUMENTATION.md	PLANNED	PLANNED
139	P055	8.2.1.1	92	139	SEC-08	aqft	Covariance automorphism group	CORE_REQUIRES_PROOF	MAIN_OPEN_GATE	Construct and prove the group action/covariance identities on the admitted local net.	ARCHITECTURAL_PROOF_DECOMPOSITION			C061;M082;M086;P046;P052;P054	PROOF_REQUIRED_NO_CURRENT_EVIDENCE			PROOF_OBLIGATION	PROOF	M083	ONE_REUSABLE_FALSIFIABLE_GATE	D2	PROOF_THEOREM_OWNER_OBSTRUCTION_OR_QUARANTINE_ROLE	THEOREM_AND_PROOF_OVERVIEW	FULL_PROOF_DOSSIER	position_in_derivation|formal_statement|hypotheses|introduction_reason|proof_strategy|lemma_chain|formal_realization|counterexamples_or_necessity_checks|axiom_profile|result|remaining_limits|downstream_handoff|code_line_register	NOT_REQUIRED_PROOF_NODE	PLANNED	NEGATIVE_CONTROL_COUNTEREXAMPLE_OR_HYPOTHESIS_NECESSITY	NOT_STARTED	NOT_STARTED				8.2.1.1	Modular/AQFT specialization and purity gates	AQFT covariance and spectrum	Introduced after C061, M082, M086, P046, P052, P054; registered hard handoff(s): supports_p055, supports_p055, supports_p055, supports_p055, supports_p055, supports_p055.	139 · P055	139_P055__covariance_automorphism_group	derivation/paper/main/sections/08_modular_aqft_specialization_and_purity_gates/02_aqft_covariance_and_spectrum/138_M083__covariance_group_and_spectrum_condition/139_P055__covariance_automorphism_group	derivation/supplement/sections/08_modular_aqft_specialization_and_purity_gates/02_aqft_covariance_and_spectrum/138_M083__covariance_group_and_spectrum_condition/139_P055__covariance_automorphism_group	derivation/paper/main/sections/08_modular_aqft_specialization_and_purity_gates/02_aqft_covariance_and_spectrum/138_M083__covariance_group_and_spectrum_condition/139_P055__covariance_automorphism_group/SECTION.tex	derivation/supplement/sections/08_modular_aqft_specialization_and_purity_gates/02_aqft_covariance_and_spectrum/138_M083__covariance_group_and_spectrum_condition/139_P055__covariance_automorphism_group/DOCUMENTATION.md	PLANNED	PLANNED
140	P056	8.2.1.2	93	140	SEC-08	aqft	Positive generator of the covariance group	CORE_REQUIRES_PROOF	MAIN_OPEN_GATE	Prove existence of the self-adjoint generator and the required positivity statement.	ARCHITECTURAL_PROOF_DECOMPOSITION			P055	PROOF_REQUIRED_NO_CURRENT_EVIDENCE			PROOF_OBLIGATION	PROOF	M083	ONE_REUSABLE_FALSIFIABLE_GATE	D2	PROOF_THEOREM_OWNER_OBSTRUCTION_OR_QUARANTINE_ROLE	THEOREM_AND_PROOF_OVERVIEW	FULL_PROOF_DOSSIER	position_in_derivation|formal_statement|hypotheses|introduction_reason|proof_strategy|lemma_chain|formal_realization|counterexamples_or_necessity_checks|axiom_profile|result|remaining_limits|downstream_handoff|code_line_register	NOT_REQUIRED_PROOF_NODE	PLANNED	NEGATIVE_CONTROL_COUNTEREXAMPLE_OR_HYPOTHESIS_NECESSITY	NOT_STARTED	NOT_STARTED				8.2.1.2	Modular/AQFT specialization and purity gates	AQFT covariance and spectrum	Introduced after P055; registered hard handoff(s): supports_p056.	140 · P056	140_P056__positive_generator_of_the_covariance_group	derivation/paper/main/sections/08_modular_aqft_specialization_and_purity_gates/02_aqft_covariance_and_spectrum/138_M083__covariance_group_and_spectrum_condition/140_P056__positive_generator_of_the_covariance_group	derivation/supplement/sections/08_modular_aqft_specialization_and_purity_gates/02_aqft_covariance_and_spectrum/138_M083__covariance_group_and_spectrum_condition/140_P056__positive_generator_of_the_covariance_group	derivation/paper/main/sections/08_modular_aqft_specialization_and_purity_gates/02_aqft_covariance_and_spectrum/138_M083__covariance_group_and_spectrum_condition/140_P056__positive_generator_of_the_covariance_group/SECTION.tex	derivation/supplement/sections/08_modular_aqft_specialization_and_purity_gates/02_aqft_covariance_and_spectrum/138_M083__covariance_group_and_spectrum_condition/140_P056__positive_generator_of_the_covariance_group/DOCUMENTATION.md	PLANNED	PLANNED
141	P057	8.2.1.3	94	141	SEC-08	aqft	Spectrum condition	CORE_REQUIRES_PROOF	MAIN_OPEN_GATE	Prove the declared spectrum condition for the derived covariance representation.	ARCHITECTURAL_PROOF_DECOMPOSITION			P055;P056	PROOF_REQUIRED_NO_CURRENT_EVIDENCE			PROOF_OBLIGATION	PROOF	M083	ONE_REUSABLE_FALSIFIABLE_GATE	D2	PROOF_THEOREM_OWNER_OBSTRUCTION_OR_QUARANTINE_ROLE	THEOREM_AND_PROOF_OVERVIEW	FULL_PROOF_DOSSIER	position_in_derivation|formal_statement|hypotheses|introduction_reason|proof_strategy|lemma_chain|formal_realization|counterexamples_or_necessity_checks|axiom_profile|result|remaining_limits|downstream_handoff|code_line_register	NOT_REQUIRED_PROOF_NODE	PLANNED	NEGATIVE_CONTROL_COUNTEREXAMPLE_OR_HYPOTHESIS_NECESSITY	NOT_STARTED	NOT_STARTED				8.2.1.3	Modular/AQFT specialization and purity gates	AQFT covariance and spectrum	Introduced after P055, P056; registered hard handoff(s): supports_p057, supports_p057.	141 · P057	141_P057__spectrum_condition	derivation/paper/main/sections/08_modular_aqft_specialization_and_purity_gates/02_aqft_covariance_and_spectrum/138_M083__covariance_group_and_spectrum_condition/141_P057__spectrum_condition	derivation/supplement/sections/08_modular_aqft_specialization_and_purity_gates/02_aqft_covariance_and_spectrum/138_M083__covariance_group_and_spectrum_condition/141_P057__spectrum_condition	derivation/paper/main/sections/08_modular_aqft_specialization_and_purity_gates/02_aqft_covariance_and_spectrum/138_M083__covariance_group_and_spectrum_condition/141_P057__spectrum_condition/SECTION.tex	derivation/supplement/sections/08_modular_aqft_specialization_and_purity_gates/02_aqft_covariance_and_spectrum/138_M083__covariance_group_and_spectrum_condition/141_P057__spectrum_condition/DOCUMENTATION.md	PLANNED	PLANNED
142	O084	8.3.1	94	142	SEC-08	state	ω_prov purity obstruction	MATHEMATICAL_OBSTRUCTION_PROOF_REQUIRED	MAIN_BOUNDARY	The selected quasifree reference state is mixed; purity is not merely unproved for this candidate.	MATHEMATICAL_OBSTRUCTION			C053	PROOF_REQUIRED_NO_CURRENT_EVIDENCE			MATHEMATICAL_OBSTRUCTION_PROOF	PROOF		ONE_REUSABLE_FALSIFIABLE_GATE	D2	PROOF_THEOREM_OWNER_OBSTRUCTION_OR_QUARANTINE_ROLE	THEOREM_AND_PROOF_OVERVIEW	FULL_PROOF_DOSSIER	position_in_derivation|formal_statement|hypotheses|introduction_reason|proof_strategy|lemma_chain|formal_realization|counterexamples_or_necessity_checks|axiom_profile|result|remaining_limits|downstream_handoff|code_line_register	NOT_REQUIRED_PROOF_NODE	PLANNED	NEGATIVE_CONTROL_COUNTEREXAMPLE_OR_HYPOTHESIS_NECESSITY	NOT_STARTED	NOT_STARTED				8.3.1	Modular/AQFT specialization and purity gates	Purity gate	Introduced after C053; registered hard handoff(s): mixed_state_result.	142 · O084	142_O084__prov_purity_obstruction	derivation/paper/main/sections/08_modular_aqft_specialization_and_purity_gates/03_purity_gate/142_O084__prov_purity_obstruction	derivation/supplement/sections/08_modular_aqft_specialization_and_purity_gates/03_purity_gate/142_O084__prov_purity_obstruction	derivation/paper/main/sections/08_modular_aqft_specialization_and_purity_gates/03_purity_gate/142_O084__prov_purity_obstruction/SECTION.tex	derivation/supplement/sections/08_modular_aqft_specialization_and_purity_gates/03_purity_gate/142_O084__prov_purity_obstruction/DOCUMENTATION.md	PLANNED	PLANNED
143	M085	8.3.2	95	143	SEC-08	state	Canonical purification / pure global state branch	CORE_REQUIRED_MISSING	MAIN_OPEN_GATE	Required only for the global-purity target; must be derived without adding a free noncanonical choice.	MISSING_CONSTRUCTION			O084;P058;P059	CONSTRUCTION_MISSING_NO_CURRENT_EVIDENCE			MISSING_CONSTRUCTION_OR_THEOREM	PROOF_OWNER		AGGREGATES_EXPLICIT_PROOF_GATES	D2	PROOF_THEOREM_OWNER_OBSTRUCTION_OR_QUARANTINE_ROLE	THEOREM_AND_PROOF_OVERVIEW	FULL_PROOF_DOSSIER	position_in_derivation|formal_statement|hypotheses|introduction_reason|proof_strategy|lemma_chain|formal_realization|counterexamples_or_necessity_checks|axiom_profile|result|remaining_limits|downstream_handoff|code_line_register	PLANNED	PLANNED	NEGATIVE_CONTROL_COUNTEREXAMPLE_OR_HYPOTHESIS_NECESSITY	NOT_STARTED	NOT_STARTED				8.3.2	Modular/AQFT specialization and purity gates	Purity gate	Introduced after O084; registered hard handoff(s): requires_new_pure_branch.	143 · M085	143_M085__canonical_purification_pure_global_state_branch	derivation/paper/main/sections/08_modular_aqft_specialization_and_purity_gates/03_purity_gate/143_M085__canonical_purification_pure_global_state_branch	derivation/supplement/sections/08_modular_aqft_specialization_and_purity_gates/03_purity_gate/143_M085__canonical_purification_pure_global_state_branch	derivation/paper/main/sections/08_modular_aqft_specialization_and_purity_gates/03_purity_gate/143_M085__canonical_purification_pure_global_state_branch/SECTION.tex	derivation/supplement/sections/08_modular_aqft_specialization_and_purity_gates/03_purity_gate/143_M085__canonical_purification_pure_global_state_branch/DOCUMENTATION.md	PLANNED	PLANNED
144	P058	8.3.2.1	95	144	SEC-08	state	Purification or pure global state existence	CORE_REQUIRES_PROOF	MAIN_OPEN_GATE	Construct a pure global state/purification branch compatible with the admitted quasifree/local data.	ARCHITECTURAL_PROOF_DECOMPOSITION			C053;O084;P034	PROOF_REQUIRED_NO_CURRENT_EVIDENCE			PROOF_OBLIGATION	PROOF	M085	ONE_REUSABLE_FALSIFIABLE_GATE	D2	PROOF_THEOREM_OWNER_OBSTRUCTION_OR_QUARANTINE_ROLE	THEOREM_AND_PROOF_OVERVIEW	FULL_PROOF_DOSSIER	position_in_derivation|formal_statement|hypotheses|introduction_reason|proof_strategy|lemma_chain|formal_realization|counterexamples_or_necessity_checks|axiom_profile|result|remaining_limits|downstream_handoff|code_line_register	NOT_REQUIRED_PROOF_NODE	PLANNED	NEGATIVE_CONTROL_COUNTEREXAMPLE_OR_HYPOTHESIS_NECESSITY	NOT_STARTED	NOT_STARTED				8.3.2.1	Modular/AQFT specialization and purity gates	Purity gate	Introduced after C053, O084, P034; registered hard handoff(s): supports_p058, supports_p058, supports_p058.	144 · P058	144_P058__purification_or_pure_global_state_existence	derivation/paper/main/sections/08_modular_aqft_specialization_and_purity_gates/03_purity_gate/143_M085__canonical_purification_pure_global_state_branch/144_P058__purification_or_pure_global_state_existence	derivation/supplement/sections/08_modular_aqft_specialization_and_purity_gates/03_purity_gate/143_M085__canonical_purification_pure_global_state_branch/144_P058__purification_or_pure_global_state_existence	derivation/paper/main/sections/08_modular_aqft_specialization_and_purity_gates/03_purity_gate/143_M085__canonical_purification_pure_global_state_branch/144_P058__purification_or_pure_global_state_existence/SECTION.tex	derivation/supplement/sections/08_modular_aqft_specialization_and_purity_gates/03_purity_gate/143_M085__canonical_purification_pure_global_state_branch/144_P058__purification_or_pure_global_state_existence/DOCUMENTATION.md	PLANNED	PLANNED
145	P059	8.3.2.2	96	145	SEC-08	state	Purification canonicity and no-free-choice theorem	CORE_REQUIRES_PROOF	MAIN_OPEN_GATE	Prove that the selected purification is canonical under the declared data and introduces no free non-derived choice.	ARCHITECTURAL_PROOF_DECOMPOSITION			P058	PROOF_REQUIRED_NO_CURRENT_EVIDENCE			PROOF_OBLIGATION	PROOF	M085	ONE_REUSABLE_FALSIFIABLE_GATE	D2	PROOF_THEOREM_OWNER_OBSTRUCTION_OR_QUARANTINE_ROLE	THEOREM_AND_PROOF_OVERVIEW	FULL_PROOF_DOSSIER	position_in_derivation|formal_statement|hypotheses|introduction_reason|proof_strategy|lemma_chain|formal_realization|counterexamples_or_necessity_checks|axiom_profile|result|remaining_limits|downstream_handoff|code_line_register	NOT_REQUIRED_PROOF_NODE	PLANNED	NEGATIVE_CONTROL_COUNTEREXAMPLE_OR_HYPOTHESIS_NECESSITY	NOT_STARTED	NOT_STARTED				8.3.2.2	Modular/AQFT specialization and purity gates	Purity gate	Introduced after P058; registered hard handoff(s): supports_p059.	145 · P059	145_P059__purification_canonicity_and_no_free_choice_theorem	derivation/paper/main/sections/08_modular_aqft_specialization_and_purity_gates/03_purity_gate/143_M085__canonical_purification_pure_global_state_branch/145_P059__purification_canonicity_and_no_free_choice_theorem	derivation/supplement/sections/08_modular_aqft_specialization_and_purity_gates/03_purity_gate/143_M085__canonical_purification_pure_global_state_branch/145_P059__purification_canonicity_and_no_free_choice_theorem	derivation/paper/main/sections/08_modular_aqft_specialization_and_purity_gates/03_purity_gate/143_M085__canonical_purification_pure_global_state_branch/145_P059__purification_canonicity_and_no_free_choice_theorem/SECTION.tex	derivation/supplement/sections/08_modular_aqft_specialization_and_purity_gates/03_purity_gate/143_M085__canonical_purification_pure_global_state_branch/145_P059__purification_canonicity_and_no_free_choice_theorem/DOCUMENTATION.md	PLANNED	PLANNED
