node_number	id	section_path	derivation_order	main_directory	main_artifact	main_state	supplement_directory	supplement_artifact	supplement_state	result
001	I001	1.1.1	1	derivation/paper/main/sections/01_primitive_provenance_and_response_coupled_growth/01_primitive_inputs_provenance_grammar_and_event_order/001_I001__branching_parameter_b	derivation/paper/main/sections/01_primitive_provenance_and_response_coupled_growth/01_primitive_inputs_provenance_grammar_and_event_order/001_I001__branching_parameter_b/SECTION.tex	DOCUMENTED	derivation/supplement/sections/01_primitive_provenance_and_response_coupled_growth/01_primitive_inputs_provenance_grammar_and_event_order/001_I001__branching_parameter_b	derivation/supplement/sections/01_primitive_provenance_and_response_coupled_growth/01_primitive_inputs_provenance_grammar_and_event_order/001_I001__branching_parameter_b/DOCUMENTATION.md	DOCUMENTED	PASS
002	I002	1.1.2	2	derivation/paper/main/sections/01_primitive_provenance_and_response_coupled_growth/01_primitive_inputs_provenance_grammar_and_event_order/002_I002__finite_approximant_depth_l	derivation/paper/main/sections/01_primitive_provenance_and_response_coupled_growth/01_primitive_inputs_provenance_grammar_and_event_order/002_I002__finite_approximant_depth_l/SECTION.tex	DOCUMENTED	derivation/supplement/sections/01_primitive_provenance_and_response_coupled_growth/01_primitive_inputs_provenance_grammar_and_event_order/002_I002__finite_approximant_depth_l	derivation/supplement/sections/01_primitive_provenance_and_response_coupled_growth/01_primitive_inputs_provenance_grammar_and_event_order/002_I002__finite_approximant_depth_l/DOCUMENTATION.md	DOCUMENTED	PASS
003	C001	1.1.3	3	derivation/paper/main/sections/01_primitive_provenance_and_response_coupled_growth/01_primitive_inputs_provenance_grammar_and_event_order/003_C001__empty_carrier	derivation/paper/main/sections/01_primitive_provenance_and_response_coupled_growth/01_primitive_inputs_provenance_grammar_and_event_order/003_C001__empty_carrier/SECTION.tex	DOCUMENTED	derivation/supplement/sections/01_primitive_provenance_and_response_coupled_growth/01_primitive_inputs_provenance_grammar_and_event_order/003_C001__empty_carrier	derivation/supplement/sections/01_primitive_provenance_and_response_coupled_growth/01_primitive_inputs_provenance_grammar_and_event_order/003_C001__empty_carrier/DOCUMENTATION.md	DOCUMENTED	PASS
004	C002	1.1.4	4	derivation/paper/main/sections/01_primitive_provenance_and_response_coupled_growth/01_primitive_inputs_provenance_grammar_and_event_order/004_C002__root_genesis_r	derivation/paper/main/sections/01_primitive_provenance_and_response_coupled_growth/01_primitive_inputs_provenance_grammar_and_event_order/004_C002__root_genesis_r/SECTION.tex	DOCUMENTED	derivation/supplement/sections/01_primitive_provenance_and_response_coupled_growth/01_primitive_inputs_provenance_grammar_and_event_order/004_C002__root_genesis_r	derivation/supplement/sections/01_primitive_provenance_and_response_coupled_growth/01_primitive_inputs_provenance_grammar_and_event_order/004_C002__root_genesis_r/DOCUMENTATION.md	DOCUMENTED	PASS
005	C003	1.1.5	5	derivation/paper/main/sections/01_primitive_provenance_and_response_coupled_growth/01_primitive_inputs_provenance_grammar_and_event_order/005_C003__finite_b_ary_provenance_grammar	derivation/paper/main/sections/01_primitive_provenance_and_response_coupled_growth/01_primitive_inputs_provenance_grammar_and_event_order/005_C003__finite_b_ary_provenance_grammar/SECTION.tex	DOCUMENTED	derivation/supplement/sections/01_primitive_provenance_and_response_coupled_growth/01_primitive_inputs_provenance_grammar_and_event_order/005_C003__finite_b_ary_provenance_grammar	derivation/supplement/sections/01_primitive_provenance_and_response_coupled_growth/01_primitive_inputs_provenance_grammar_and_event_order/005_C003__finite_b_ary_provenance_grammar/DOCUMENTATION.md	DOCUMENTED	PASS
006	C018	1.1.6	6	derivation/paper/main/sections/01_primitive_provenance_and_response_coupled_growth/01_primitive_inputs_provenance_grammar_and_event_order/006_C018__canonical_bfs_lexicographic_provenance_birth_schedule	derivation/paper/main/sections/01_primitive_provenance_and_response_coupled_growth/01_primitive_inputs_provenance_grammar_and_event_order/006_C018__canonical_bfs_lexicographic_provenance_birth_schedule/SECTION.tex	DOCUMENTED	derivation/supplement/sections/01_primitive_provenance_and_response_coupled_growth/01_primitive_inputs_provenance_grammar_and_event_order/006_C018__canonical_bfs_lexicographic_provenance_birth_schedule	derivation/supplement/sections/01_primitive_provenance_and_response_coupled_growth/01_primitive_inputs_provenance_grammar_and_event_order/006_C018__canonical_bfs_lexicographic_provenance_birth_schedule/DOCUMENTATION.md	DOCUMENTED	PASS
007	P002	1.1.6.1	7	derivation/paper/main/sections/01_primitive_provenance_and_response_coupled_growth/01_primitive_inputs_provenance_grammar_and_event_order/006_C018__canonical_bfs_lexicographic_provenance_birth_schedule/007_P002__canonical_schedule_strict_total_order_closure	derivation/paper/main/sections/01_primitive_provenance_and_response_coupled_growth/01_primitive_inputs_provenance_grammar_and_event_order/006_C018__canonical_bfs_lexicographic_provenance_birth_schedule/007_P002__canonical_schedule_strict_total_order_closure/SECTION.tex	DOCUMENTED	derivation/supplement/sections/01_primitive_provenance_and_response_coupled_growth/01_primitive_inputs_provenance_grammar_and_event_order/006_C018__canonical_bfs_lexicographic_provenance_birth_schedule/007_P002__canonical_schedule_strict_total_order_closure	derivation/supplement/sections/01_primitive_provenance_and_response_coupled_growth/01_primitive_inputs_provenance_grammar_and_event_order/006_C018__canonical_bfs_lexicographic_provenance_birth_schedule/007_P002__canonical_schedule_strict_total_order_closure/DOCUMENTATION.md	DOCUMENTED	PASS
008	C004A	1.2.1	8	derivation/paper/main/sections/01_primitive_provenance_and_response_coupled_growth/02_bootstrap_of_the_first_provenance_relation/008_C004A__first_provenance_slot_s	derivation/paper/main/sections/01_primitive_provenance_and_response_coupled_growth/02_bootstrap_of_the_first_provenance_relation/008_C004A__first_provenance_slot_s/SECTION.tex	DOCUMENTED	derivation/supplement/sections/01_primitive_provenance_and_response_coupled_growth/02_bootstrap_of_the_first_provenance_relation/008_C004A__first_provenance_slot_s	derivation/supplement/sections/01_primitive_provenance_and_response_coupled_growth/02_bootstrap_of_the_first_provenance_relation/008_C004A__first_provenance_slot_s/DOCUMENTATION.md	DOCUMENTED	PASS
009	A001	1.2.2	9	derivation/paper/main/sections/01_primitive_provenance_and_response_coupled_growth/02_bootstrap_of_the_first_provenance_relation/009_A001__genesis_seed	derivation/paper/main/sections/01_primitive_provenance_and_response_coupled_growth/02_bootstrap_of_the_first_provenance_relation/009_A001__genesis_seed/SECTION.tex	DOCUMENTED	derivation/supplement/sections/01_primitive_provenance_and_response_coupled_growth/02_bootstrap_of_the_first_provenance_relation/009_A001__genesis_seed	derivation/supplement/sections/01_primitive_provenance_and_response_coupled_growth/02_bootstrap_of_the_first_provenance_relation/009_A001__genesis_seed/DOCUMENTATION.md	DOCUMENTED	PASS
010	N001	1.2.3	10	derivation/paper/main/sections/01_primitive_provenance_and_response_coupled_growth/02_bootstrap_of_the_first_provenance_relation/010_N001__initial_conductance_normalization_c_1	derivation/paper/main/sections/01_primitive_provenance_and_response_coupled_growth/02_bootstrap_of_the_first_provenance_relation/010_N001__initial_conductance_normalization_c_1/SECTION.tex	DOCUMENTED	derivation/supplement/sections/01_primitive_provenance_and_response_coupled_growth/02_bootstrap_of_the_first_provenance_relation/010_N001__initial_conductance_normalization_c_1	derivation/supplement/sections/01_primitive_provenance_and_response_coupled_growth/02_bootstrap_of_the_first_provenance_relation/010_N001__initial_conductance_normalization_c_1/DOCUMENTATION.md	DOCUMENTED	PASS
011	C013	1.2.4	11	derivation/paper/main/sections/01_primitive_provenance_and_response_coupled_growth/02_bootstrap_of_the_first_provenance_relation/011_C013__first_non_root_provenance_birth_v	derivation/paper/main/sections/01_primitive_provenance_and_response_coupled_growth/02_bootstrap_of_the_first_provenance_relation/011_C013__first_non_root_provenance_birth_v/SECTION.tex	DOCUMENTED	derivation/supplement/sections/01_primitive_provenance_and_response_coupled_growth/02_bootstrap_of_the_first_provenance_relation/011_C013__first_non_root_provenance_birth_v	derivation/supplement/sections/01_primitive_provenance_and_response_coupled_growth/02_bootstrap_of_the_first_provenance_relation/011_C013__first_non_root_provenance_birth_v/DOCUMENTATION.md	DOCUMENTED	PASS
012	T001	1.2.5	12	derivation/paper/main/sections/01_primitive_provenance_and_response_coupled_growth/02_bootstrap_of_the_first_provenance_relation/012_T001__seed_neutrality_theorem_for_first_birth	derivation/paper/main/sections/01_primitive_provenance_and_response_coupled_growth/02_bootstrap_of_the_first_provenance_relation/012_T001__seed_neutrality_theorem_for_first_birth/SECTION.tex	DOCUMENTED	derivation/supplement/sections/01_primitive_provenance_and_response_coupled_growth/02_bootstrap_of_the_first_provenance_relation/012_T001__seed_neutrality_theorem_for_first_birth	derivation/supplement/sections/01_primitive_provenance_and_response_coupled_growth/02_bootstrap_of_the_first_provenance_relation/012_T001__seed_neutrality_theorem_for_first_birth/DOCUMENTATION.md	DOCUMENTED	PASS
013	M005	1.2.6	13	derivation/paper/main/sections/01_primitive_provenance_and_response_coupled_growth/02_bootstrap_of_the_first_provenance_relation/013_M005__conductance_unit_normalization_independence	derivation/paper/main/sections/01_primitive_provenance_and_response_coupled_growth/02_bootstrap_of_the_first_provenance_relation/013_M005__conductance_unit_normalization_independence/SECTION.tex	DOCUMENTED	derivation/supplement/sections/01_primitive_provenance_and_response_coupled_growth/02_bootstrap_of_the_first_provenance_relation/013_M005__conductance_unit_normalization_independence	derivation/supplement/sections/01_primitive_provenance_and_response_coupled_growth/02_bootstrap_of_the_first_provenance_relation/013_M005__conductance_unit_normalization_independence/DOCUMENTATION.md	DOCUMENTED	PASS
014	C014	1.2.7	14	derivation/paper/main/sections/01_primitive_provenance_and_response_coupled_growth/02_bootstrap_of_the_first_provenance_relation/014_C014__bootstrap_state_x_r_v_c_r_v_1	derivation/paper/main/sections/01_primitive_provenance_and_response_coupled_growth/02_bootstrap_of_the_first_provenance_relation/014_C014__bootstrap_state_x_r_v_c_r_v_1/SECTION.tex	DOCUMENTED	derivation/supplement/sections/01_primitive_provenance_and_response_coupled_growth/02_bootstrap_of_the_first_provenance_relation/014_C014__bootstrap_state_x_r_v_c_r_v_1	derivation/supplement/sections/01_primitive_provenance_and_response_coupled_growth/02_bootstrap_of_the_first_provenance_relation/014_C014__bootstrap_state_x_r_v_c_r_v_1/DOCUMENTATION.md	DOCUMENTED	PASS
015	C005	1.3.1	15	derivation/paper/main/sections/01_primitive_provenance_and_response_coupled_growth/03_canonical_cut_complement_elimination_and_birth_steering/015_C005__response_capable_state_schema_x_n_1	derivation/paper/main/sections/01_primitive_provenance_and_response_coupled_growth/03_canonical_cut_complement_elimination_and_birth_steering/015_C005__response_capable_state_schema_x_n_1/SECTION.tex	DOCUMENTED	derivation/supplement/sections/01_primitive_provenance_and_response_coupled_growth/03_canonical_cut_complement_elimination_and_birth_steering/015_C005__response_capable_state_schema_x_n_1	derivation/supplement/sections/01_primitive_provenance_and_response_coupled_growth/03_canonical_cut_complement_elimination_and_birth_steering/015_C005__response_capable_state_schema_x_n_1/DOCUMENTATION.md	DOCUMENTED	PASS
016	C004	1.3.2	16	derivation/paper/main/sections/01_primitive_provenance_and_response_coupled_growth/03_canonical_cut_complement_elimination_and_birth_steering/016_C004__next_open_provenance_slot_s_n_1	derivation/paper/main/sections/01_primitive_provenance_and_response_coupled_growth/03_canonical_cut_complement_elimination_and_birth_steering/016_C004__next_open_provenance_slot_s_n_1/SECTION.tex	DOCUMENTED	derivation/supplement/sections/01_primitive_provenance_and_response_coupled_growth/03_canonical_cut_complement_elimination_and_birth_steering/016_C004__next_open_provenance_slot_s_n_1	derivation/supplement/sections/01_primitive_provenance_and_response_coupled_growth/03_canonical_cut_complement_elimination_and_birth_steering/016_C004__next_open_provenance_slot_s_n_1/DOCUMENTATION.md	DOCUMENTED	PASS
017	C006	1.3.3	17	derivation/paper/main/sections/01_primitive_provenance_and_response_coupled_growth/03_canonical_cut_complement_elimination_and_birth_steering/017_C006__birth_local_schur_dtn_primitive	derivation/paper/main/sections/01_primitive_provenance_and_response_coupled_growth/03_canonical_cut_complement_elimination_and_birth_steering/017_C006__birth_local_schur_dtn_primitive/SECTION.tex	DOCUMENTED	derivation/supplement/sections/01_primitive_provenance_and_response_coupled_growth/03_canonical_cut_complement_elimination_and_birth_steering/017_C006__birth_local_schur_dtn_primitive	derivation/supplement/sections/01_primitive_provenance_and_response_coupled_growth/03_canonical_cut_complement_elimination_and_birth_steering/017_C006__birth_local_schur_dtn_primitive/DOCUMENTATION.md	DOCUMENTED	PASS
018	M001	1.3.4	18	derivation/paper/main/sections/01_primitive_provenance_and_response_coupled_growth/03_canonical_cut_complement_elimination_and_birth_steering/018_M001__canonical_birth_local_measurement_cut_c_s	derivation/paper/main/sections/01_primitive_provenance_and_response_coupled_growth/03_canonical_cut_complement_elimination_and_birth_steering/018_M001__canonical_birth_local_measurement_cut_c_s/SECTION.tex	DOCUMENTED	derivation/supplement/sections/01_primitive_provenance_and_response_coupled_growth/03_canonical_cut_complement_elimination_and_birth_steering/018_M001__canonical_birth_local_measurement_cut_c_s	derivation/supplement/sections/01_primitive_provenance_and_response_coupled_growth/03_canonical_cut_complement_elimination_and_birth_steering/018_M001__canonical_birth_local_measurement_cut_c_s/DOCUMENTATION.md	DOCUMENTED	PASS
019	P003	1.3.4.1	19	derivation/paper/main/sections/01_primitive_provenance_and_response_coupled_growth/03_canonical_cut_complement_elimination_and_birth_steering/018_M001__canonical_birth_local_measurement_cut_c_s/019_P003__birth_cut_canonicity_and_partition_well_formedness	derivation/paper/main/sections/01_primitive_provenance_and_response_coupled_growth/03_canonical_cut_complement_elimination_and_birth_steering/018_M001__canonical_birth_local_measurement_cut_c_s/019_P003__birth_cut_canonicity_and_partition_well_formedness/SECTION.tex	DOCUMENTED	derivation/supplement/sections/01_primitive_provenance_and_response_coupled_growth/03_canonical_cut_complement_elimination_and_birth_steering/018_M001__canonical_birth_local_measurement_cut_c_s/019_P003__birth_cut_canonicity_and_partition_well_formedness	derivation/supplement/sections/01_primitive_provenance_and_response_coupled_growth/03_canonical_cut_complement_elimination_and_birth_steering/018_M001__canonical_birth_local_measurement_cut_c_s/019_P003__birth_cut_canonicity_and_partition_well_formedness/DOCUMENTATION.md	DOCUMENTED	PASS
020	M002	1.3.5	20	derivation/paper/main/sections/01_primitive_provenance_and_response_coupled_growth/03_canonical_cut_complement_elimination_and_birth_steering/020_M002__birth_cut_interior_domain_theorem	derivation/paper/main/sections/01_primitive_provenance_and_response_coupled_growth/03_canonical_cut_complement_elimination_and_birth_steering/020_M002__birth_cut_interior_domain_theorem/SECTION.tex	DOCUMENTED	derivation/supplement/sections/01_primitive_provenance_and_response_coupled_growth/03_canonical_cut_complement_elimination_and_birth_steering/020_M002__birth_cut_interior_domain_theorem	derivation/supplement/sections/01_primitive_provenance_and_response_coupled_growth/03_canonical_cut_complement_elimination_and_birth_steering/020_M002__birth_cut_interior_domain_theorem/DOCUMENTATION.md	DOCUMENTED	PASS
021	C007	1.3.6	21	derivation/paper/main/sections/01_primitive_provenance_and_response_coupled_growth/03_canonical_cut_complement_elimination_and_birth_steering/021_C007__inter_birth_directed_response_r_s	derivation/paper/main/sections/01_primitive_provenance_and_response_coupled_growth/03_canonical_cut_complement_elimination_and_birth_steering/021_C007__inter_birth_directed_response_r_s/SECTION.tex	DOCUMENTED	derivation/supplement/sections/01_primitive_provenance_and_response_coupled_growth/03_canonical_cut_complement_elimination_and_birth_steering/021_C007__inter_birth_directed_response_r_s	derivation/supplement/sections/01_primitive_provenance_and_response_coupled_growth/03_canonical_cut_complement_elimination_and_birth_steering/021_C007__inter_birth_directed_response_r_s/DOCUMENTATION.md	DOCUMENTED	PASS
022	O001	1.3.7	22	derivation/paper/main/sections/01_primitive_provenance_and_response_coupled_growth/03_canonical_cut_complement_elimination_and_birth_steering/022_O001__ist_response_independent_directed_bias_obstruction	derivation/paper/main/sections/01_primitive_provenance_and_response_coupled_growth/03_canonical_cut_complement_elimination_and_birth_steering/022_O001__ist_response_independent_directed_bias_obstruction/SECTION.tex	DOCUMENTED	derivation/supplement/sections/01_primitive_provenance_and_response_coupled_growth/03_canonical_cut_complement_elimination_and_birth_steering/022_O001__ist_response_independent_directed_bias_obstruction	derivation/supplement/sections/01_primitive_provenance_and_response_coupled_growth/03_canonical_cut_complement_elimination_and_birth_steering/022_O001__ist_response_independent_directed_bias_obstruction/DOCUMENTATION.md	DOCUMENTED	PASS
023	C015	1.3.8	23	derivation/paper/main/sections/01_primitive_provenance_and_response_coupled_growth/03_canonical_cut_complement_elimination_and_birth_steering/023_C015__active_linear_steering_mode_x_x	derivation/paper/main/sections/01_primitive_provenance_and_response_coupled_growth/03_canonical_cut_complement_elimination_and_birth_steering/023_C015__active_linear_steering_mode_x_x/SECTION.tex	DOCUMENTED	derivation/supplement/sections/01_primitive_provenance_and_response_coupled_growth/03_canonical_cut_complement_elimination_and_birth_steering/023_C015__active_linear_steering_mode_x_x	derivation/supplement/sections/01_primitive_provenance_and_response_coupled_growth/03_canonical_cut_complement_elimination_and_birth_steering/023_C015__active_linear_steering_mode_x_x/DOCUMENTATION.md	DOCUMENTED	PASS
024	M003	1.3.9	24	derivation/paper/main/sections/01_primitive_provenance_and_response_coupled_growth/03_canonical_cut_complement_elimination_and_birth_steering/024_M003__canonical_response_steering_functional_b_r_s	derivation/paper/main/sections/01_primitive_provenance_and_response_coupled_growth/03_canonical_cut_complement_elimination_and_birth_steering/024_M003__canonical_response_steering_functional_b_r_s/SECTION.tex	DOCUMENTED	derivation/supplement/sections/01_primitive_provenance_and_response_coupled_growth/03_canonical_cut_complement_elimination_and_birth_steering/024_M003__canonical_response_steering_functional_b_r_s	derivation/supplement/sections/01_primitive_provenance_and_response_coupled_growth/03_canonical_cut_complement_elimination_and_birth_steering/024_M003__canonical_response_steering_functional_b_r_s/DOCUMENTATION.md	DOCUMENTED	PASS
025	P001	1.3.9.1	25	derivation/paper/main/sections/01_primitive_provenance_and_response_coupled_growth/03_canonical_cut_complement_elimination_and_birth_steering/024_M003__canonical_response_steering_functional_b_r_s/025_P001__reusable_directed_schur_dtn_kron_channel_closure	derivation/paper/main/sections/01_primitive_provenance_and_response_coupled_growth/03_canonical_cut_complement_elimination_and_birth_steering/024_M003__canonical_response_steering_functional_b_r_s/025_P001__reusable_directed_schur_dtn_kron_channel_closure/SECTION.tex	DOCUMENTED	derivation/supplement/sections/01_primitive_provenance_and_response_coupled_growth/03_canonical_cut_complement_elimination_and_birth_steering/024_M003__canonical_response_steering_functional_b_r_s/025_P001__reusable_directed_schur_dtn_kron_channel_closure	derivation/supplement/sections/01_primitive_provenance_and_response_coupled_growth/03_canonical_cut_complement_elimination_and_birth_steering/024_M003__canonical_response_steering_functional_b_r_s/025_P001__reusable_directed_schur_dtn_kron_channel_closure/DOCUMENTATION.md	DOCUMENTED	PASS
026	M004	1.3.10	26	derivation/paper/main/sections/01_primitive_provenance_and_response_coupled_growth/03_canonical_cut_complement_elimination_and_birth_steering/026_M004__response_coupled_birth_law_b	derivation/paper/main/sections/01_primitive_provenance_and_response_coupled_growth/03_canonical_cut_complement_elimination_and_birth_steering/026_M004__response_coupled_birth_law_b/SECTION.tex	DOCUMENTED	derivation/supplement/sections/01_primitive_provenance_and_response_coupled_growth/03_canonical_cut_complement_elimination_and_birth_steering/026_M004__response_coupled_birth_law_b	derivation/supplement/sections/01_primitive_provenance_and_response_coupled_growth/03_canonical_cut_complement_elimination_and_birth_steering/026_M004__response_coupled_birth_law_b/DOCUMENTATION.md	DOCUMENTED	PASS
027	C008	1.4.1	27	derivation/paper/main/sections/01_primitive_provenance_and_response_coupled_growth/04_record_live_update_backreaction_channels_and_finite_closure/027_C008__record_live_response_coupled_update	derivation/paper/main/sections/01_primitive_provenance_and_response_coupled_growth/04_record_live_update_backreaction_channels_and_finite_closure/027_C008__record_live_response_coupled_update/SECTION.tex	DOCUMENTED	derivation/supplement/sections/01_primitive_provenance_and_response_coupled_growth/04_record_live_update_backreaction_channels_and_finite_closure/027_C008__record_live_response_coupled_update	derivation/supplement/sections/01_primitive_provenance_and_response_coupled_growth/04_record_live_update_backreaction_channels_and_finite_closure/027_C008__record_live_response_coupled_update/DOCUMENTATION.md	DOCUMENTED	PASS
028	C016	1.4.2	28	derivation/paper/main/sections/01_primitive_provenance_and_response_coupled_growth/04_record_live_update_backreaction_channels_and_finite_closure/028_C016__immutable_record_channel	derivation/paper/main/sections/01_primitive_provenance_and_response_coupled_growth/04_record_live_update_backreaction_channels_and_finite_closure/028_C016__immutable_record_channel/SECTION.tex	DOCUMENTED	derivation/supplement/sections/01_primitive_provenance_and_response_coupled_growth/04_record_live_update_backreaction_channels_and_finite_closure/028_C016__immutable_record_channel	derivation/supplement/sections/01_primitive_provenance_and_response_coupled_growth/04_record_live_update_backreaction_channels_and_finite_closure/028_C016__immutable_record_channel/DOCUMENTATION.md	DOCUMENTED	PASS
029	C017	1.4.3	29	derivation/paper/main/sections/01_primitive_provenance_and_response_coupled_growth/04_record_live_update_backreaction_channels_and_finite_closure/029_C017__current_live_channel	derivation/paper/main/sections/01_primitive_provenance_and_response_coupled_growth/04_record_live_update_backreaction_channels_and_finite_closure/029_C017__current_live_channel/SECTION.tex	DOCUMENTED	derivation/supplement/sections/01_primitive_provenance_and_response_coupled_growth/04_record_live_update_backreaction_channels_and_finite_closure/029_C017__current_live_channel	derivation/supplement/sections/01_primitive_provenance_and_response_coupled_growth/04_record_live_update_backreaction_channels_and_finite_closure/029_C017__current_live_channel/DOCUMENTATION.md	DOCUMENTED	PASS
030	C009	1.4.4	30	derivation/paper/main/sections/01_primitive_provenance_and_response_coupled_growth/04_record_live_update_backreaction_channels_and_finite_closure/030_C009__codomain_state_x	derivation/paper/main/sections/01_primitive_provenance_and_response_coupled_growth/04_record_live_update_backreaction_channels_and_finite_closure/030_C009__codomain_state_x/SECTION.tex	DOCUMENTED	derivation/supplement/sections/01_primitive_provenance_and_response_coupled_growth/04_record_live_update_backreaction_channels_and_finite_closure/030_C009__codomain_state_x	derivation/supplement/sections/01_primitive_provenance_and_response_coupled_growth/04_record_live_update_backreaction_channels_and_finite_closure/030_C009__codomain_state_x/DOCUMENTATION.md	DOCUMENTED	PASS
031	T002	1.4.5	31	derivation/paper/main/sections/01_primitive_provenance_and_response_coupled_growth/04_record_live_update_backreaction_channels_and_finite_closure/031_T002__recurrent_state_closure_theorem	derivation/paper/main/sections/01_primitive_provenance_and_response_coupled_growth/04_record_live_update_backreaction_channels_and_finite_closure/031_T002__recurrent_state_closure_theorem/SECTION.tex	DOCUMENTED	derivation/supplement/sections/01_primitive_provenance_and_response_coupled_growth/04_record_live_update_backreaction_channels_and_finite_closure/031_T002__recurrent_state_closure_theorem	derivation/supplement/sections/01_primitive_provenance_and_response_coupled_growth/04_record_live_update_backreaction_channels_and_finite_closure/031_T002__recurrent_state_closure_theorem/DOCUMENTATION.md	DOCUMENTED	PASS
032	T003	1.4.6	32	derivation/paper/main/sections/01_primitive_provenance_and_response_coupled_growth/04_record_live_update_backreaction_channels_and_finite_closure/032_T003__provenance_label_equivariance_and_no_hard_coded_rank_bias_theorem	derivation/paper/main/sections/01_primitive_provenance_and_response_coupled_growth/04_record_live_update_backreaction_channels_and_finite_closure/032_T003__provenance_label_equivariance_and_no_hard_coded_rank_bias_theorem/SECTION.tex	PLANNED	derivation/supplement/sections/01_primitive_provenance_and_response_coupled_growth/04_record_live_update_backreaction_channels_and_finite_closure/032_T003__provenance_label_equivariance_and_no_hard_coded_rank_bias_theorem	derivation/supplement/sections/01_primitive_provenance_and_response_coupled_growth/04_record_live_update_backreaction_channels_and_finite_closure/032_T003__provenance_label_equivariance_and_no_hard_coded_rank_bias_theorem/DOCUMENTATION.md	PLANNED	PASS
033	C010	1.5.1	33	derivation/paper/main/sections/01_primitive_provenance_and_response_coupled_growth/05_event_order_response_order_and_finite_completion/033_C010__provenance_event_index	derivation/paper/main/sections/01_primitive_provenance_and_response_coupled_growth/05_event_order_response_order_and_finite_completion/033_C010__provenance_event_index/SECTION.tex	PLANNED	derivation/supplement/sections/01_primitive_provenance_and_response_coupled_growth/05_event_order_response_order_and_finite_completion/033_C010__provenance_event_index	derivation/supplement/sections/01_primitive_provenance_and_response_coupled_growth/05_event_order_response_order_and_finite_completion/033_C010__provenance_event_index/DOCUMENTATION.md	PLANNED	PASS
034	N002	1.5.2	34	derivation/paper/main/sections/01_primitive_provenance_and_response_coupled_growth/05_event_order_response_order_and_finite_completion/034_N002__response_time_origin_t_0	derivation/paper/main/sections/01_primitive_provenance_and_response_coupled_growth/05_event_order_response_order_and_finite_completion/034_N002__response_time_origin_t_0/SECTION.tex	PLANNED	derivation/supplement/sections/01_primitive_provenance_and_response_coupled_growth/05_event_order_response_order_and_finite_completion/034_N002__response_time_origin_t_0	derivation/supplement/sections/01_primitive_provenance_and_response_coupled_growth/05_event_order_response_order_and_finite_completion/034_N002__response_time_origin_t_0/DOCUMENTATION.md	PLANNED	PASS
035	C011	1.5.3	35	derivation/paper/main/sections/01_primitive_provenance_and_response_coupled_growth/05_event_order_response_order_and_finite_completion/035_C011__response_derived_birth_lapse	derivation/paper/main/sections/01_primitive_provenance_and_response_coupled_growth/05_event_order_response_order_and_finite_completion/035_C011__response_derived_birth_lapse/SECTION.tex	PLANNED	derivation/supplement/sections/01_primitive_provenance_and_response_coupled_growth/05_event_order_response_order_and_finite_completion/035_C011__response_derived_birth_lapse	derivation/supplement/sections/01_primitive_provenance_and_response_coupled_growth/05_event_order_response_order_and_finite_completion/035_C011__response_derived_birth_lapse/DOCUMENTATION.md	PLANNED	PASS
036	C012	1.5.4	36	derivation/paper/main/sections/01_primitive_provenance_and_response_coupled_growth/05_event_order_response_order_and_finite_completion/036_C012__cumulative_response_derived_birth_time_t	derivation/paper/main/sections/01_primitive_provenance_and_response_coupled_growth/05_event_order_response_order_and_finite_completion/036_C012__cumulative_response_derived_birth_time_t/SECTION.tex	PLANNED	derivation/supplement/sections/01_primitive_provenance_and_response_coupled_growth/05_event_order_response_order_and_finite_completion/036_C012__cumulative_response_derived_birth_time_t	derivation/supplement/sections/01_primitive_provenance_and_response_coupled_growth/05_event_order_response_order_and_finite_completion/036_C012__cumulative_response_derived_birth_time_t/DOCUMENTATION.md	PLANNED	PASS
037	C019	1.5.5	37	derivation/paper/main/sections/01_primitive_provenance_and_response_coupled_growth/05_event_order_response_order_and_finite_completion/037_C019__completed_finite_response_grown_carrier_x_b_l	derivation/paper/main/sections/01_primitive_provenance_and_response_coupled_growth/05_event_order_response_order_and_finite_completion/037_C019__completed_finite_response_grown_carrier_x_b_l/SECTION.tex	PLANNED	derivation/supplement/sections/01_primitive_provenance_and_response_coupled_growth/05_event_order_response_order_and_finite_completion/037_C019__completed_finite_response_grown_carrier_x_b_l	derivation/supplement/sections/01_primitive_provenance_and_response_coupled_growth/05_event_order_response_order_and_finite_completion/037_C019__completed_finite_response_grown_carrier_x_b_l/DOCUMENTATION.md	PLANNED	PASS
038	P004	1.5.5.1	38	derivation/paper/main/sections/01_primitive_provenance_and_response_coupled_growth/05_event_order_response_order_and_finite_completion/037_C019__completed_finite_response_grown_carrier_x_b_l/038_P004__finite_schedule_exhaustivity_and_termination	derivation/paper/main/sections/01_primitive_provenance_and_response_coupled_growth/05_event_order_response_order_and_finite_completion/037_C019__completed_finite_response_grown_carrier_x_b_l/038_P004__finite_schedule_exhaustivity_and_termination/SECTION.tex	PLANNED	derivation/supplement/sections/01_primitive_provenance_and_response_coupled_growth/05_event_order_response_order_and_finite_completion/037_C019__completed_finite_response_grown_carrier_x_b_l/038_P004__finite_schedule_exhaustivity_and_termination	derivation/supplement/sections/01_primitive_provenance_and_response_coupled_growth/05_event_order_response_order_and_finite_completion/037_C019__completed_finite_response_grown_carrier_x_b_l/038_P004__finite_schedule_exhaustivity_and_termination/DOCUMENTATION.md	PLANNED	PASS
039	P005	1.5.5.2	39	derivation/paper/main/sections/01_primitive_provenance_and_response_coupled_growth/05_event_order_response_order_and_finite_completion/037_C019__completed_finite_response_grown_carrier_x_b_l/039_P005__iterated_recurrent_growth_existence_and_uniqueness	derivation/paper/main/sections/01_primitive_provenance_and_response_coupled_growth/05_event_order_response_order_and_finite_completion/037_C019__completed_finite_response_grown_carrier_x_b_l/039_P005__iterated_recurrent_growth_existence_and_uniqueness/SECTION.tex	PLANNED	derivation/supplement/sections/01_primitive_provenance_and_response_coupled_growth/05_event_order_response_order_and_finite_completion/037_C019__completed_finite_response_grown_carrier_x_b_l/039_P005__iterated_recurrent_growth_existence_and_uniqueness	derivation/supplement/sections/01_primitive_provenance_and_response_coupled_growth/05_event_order_response_order_and_finite_completion/037_C019__completed_finite_response_grown_carrier_x_b_l/039_P005__iterated_recurrent_growth_existence_and_uniqueness/DOCUMENTATION.md	PLANNED	PASS
040	P006	1.5.5.3	40	derivation/paper/main/sections/01_primitive_provenance_and_response_coupled_growth/05_event_order_response_order_and_finite_completion/037_C019__completed_finite_response_grown_carrier_x_b_l/040_P006__completed_event_lapse_and_response_time_history_coherence	derivation/paper/main/sections/01_primitive_provenance_and_response_coupled_growth/05_event_order_response_order_and_finite_completion/037_C019__completed_finite_response_grown_carrier_x_b_l/040_P006__completed_event_lapse_and_response_time_history_coherence/SECTION.tex	PLANNED	derivation/supplement/sections/01_primitive_provenance_and_response_coupled_growth/05_event_order_response_order_and_finite_completion/037_C019__completed_finite_response_grown_carrier_x_b_l/040_P006__completed_event_lapse_and_response_time_history_coherence	derivation/supplement/sections/01_primitive_provenance_and_response_coupled_growth/05_event_order_response_order_and_finite_completion/037_C019__completed_finite_response_grown_carrier_x_b_l/040_P006__completed_event_lapse_and_response_time_history_coherence/DOCUMENTATION.md	PLANNED	PASS
041	O002	1.6.1	41	derivation/paper/main/sections/01_primitive_provenance_and_response_coupled_growth/06_controls_and_excluded_non_derived_mechanisms/041_O002__ist_post_hoc_sym_control_obstruction	derivation/paper/main/sections/01_primitive_provenance_and_response_coupled_growth/06_controls_and_excluded_non_derived_mechanisms/041_O002__ist_post_hoc_sym_control_obstruction/SECTION.tex	PLANNED	derivation/supplement/sections/01_primitive_provenance_and_response_coupled_growth/06_controls_and_excluded_non_derived_mechanisms/041_O002__ist_post_hoc_sym_control_obstruction	derivation/supplement/sections/01_primitive_provenance_and_response_coupled_growth/06_controls_and_excluded_non_derived_mechanisms/041_O002__ist_post_hoc_sym_control_obstruction/DOCUMENTATION.md	PLANNED	PASS
042	CTRL001	1.6.2	42	derivation/paper/main/sections/01_primitive_provenance_and_response_coupled_growth/06_controls_and_excluded_non_derived_mechanisms/042_CTRL001__symmetric_null_steering_control	derivation/paper/main/sections/01_primitive_provenance_and_response_coupled_growth/06_controls_and_excluded_non_derived_mechanisms/042_CTRL001__symmetric_null_steering_control/SECTION.tex	PLANNED	derivation/supplement/sections/01_primitive_provenance_and_response_coupled_growth/06_controls_and_excluded_non_derived_mechanisms/042_CTRL001__symmetric_null_steering_control	derivation/supplement/sections/01_primitive_provenance_and_response_coupled_growth/06_controls_and_excluded_non_derived_mechanisms/042_CTRL001__symmetric_null_steering_control/DOCUMENTATION.md	PLANNED	PASS
043	CTRL002	1.6.3	43	derivation/paper/main/sections/01_primitive_provenance_and_response_coupled_growth/06_controls_and_excluded_non_derived_mechanisms/043_CTRL002__null_control_edge_indistinguishability_theorem_test	derivation/paper/main/sections/01_primitive_provenance_and_response_coupled_growth/06_controls_and_excluded_non_derived_mechanisms/043_CTRL002__null_control_edge_indistinguishability_theorem_test/SECTION.tex	PLANNED	derivation/supplement/sections/01_primitive_provenance_and_response_coupled_growth/06_controls_and_excluded_non_derived_mechanisms/043_CTRL002__null_control_edge_indistinguishability_theorem_test	derivation/supplement/sections/01_primitive_provenance_and_response_coupled_growth/06_controls_and_excluded_non_derived_mechanisms/043_CTRL002__null_control_edge_indistinguishability_theorem_test/DOCUMENTATION.md	PLANNED	PASS
044	CTRL003	1.6.4	44	derivation/paper/main/sections/01_primitive_provenance_and_response_coupled_growth/06_controls_and_excluded_non_derived_mechanisms/044_CTRL003__log_response_mode_robustness_control	derivation/paper/main/sections/01_primitive_provenance_and_response_coupled_growth/06_controls_and_excluded_non_derived_mechanisms/044_CTRL003__log_response_mode_robustness_control/SECTION.tex	PLANNED	derivation/supplement/sections/01_primitive_provenance_and_response_coupled_growth/06_controls_and_excluded_non_derived_mechanisms/044_CTRL003__log_response_mode_robustness_control	derivation/supplement/sections/01_primitive_provenance_and_response_coupled_growth/06_controls_and_excluded_non_derived_mechanisms/044_CTRL003__log_response_mode_robustness_control/DOCUMENTATION.md	PLANNED	PASS
045	CTRL004	1.6.5	45	derivation/paper/main/sections/01_primitive_provenance_and_response_coupled_growth/06_controls_and_excluded_non_derived_mechanisms/045_CTRL004__saturating_response_mode_robustness_control	derivation/paper/main/sections/01_primitive_provenance_and_response_coupled_growth/06_controls_and_excluded_non_derived_mechanisms/045_CTRL004__saturating_response_mode_robustness_control/SECTION.tex	PLANNED	derivation/supplement/sections/01_primitive_provenance_and_response_coupled_growth/06_controls_and_excluded_non_derived_mechanisms/045_CTRL004__saturating_response_mode_robustness_control	derivation/supplement/sections/01_primitive_provenance_and_response_coupled_growth/06_controls_and_excluded_non_derived_mechanisms/045_CTRL004__saturating_response_mode_robustness_control/DOCUMENTATION.md	PLANNED	PASS
046	C020	2.1.1	46	derivation/paper/main/sections/02_cut_relative_complement_elimination_and_effective_response/01_general_cuts_complement_elimination_and_naturality/046_C020__general_admissible_boundary_interior_cut_family	derivation/paper/main/sections/02_cut_relative_complement_elimination_and_effective_response/01_general_cuts_complement_elimination_and_naturality/046_C020__general_admissible_boundary_interior_cut_family/SECTION.tex	PLANNED	derivation/supplement/sections/02_cut_relative_complement_elimination_and_effective_response/01_general_cuts_complement_elimination_and_naturality/046_C020__general_admissible_boundary_interior_cut_family	derivation/supplement/sections/02_cut_relative_complement_elimination_and_effective_response/01_general_cuts_complement_elimination_and_naturality/046_C020__general_admissible_boundary_interior_cut_family/DOCUMENTATION.md	PLANNED	PASS
047	P007	2.1.1.1	47	derivation/paper/main/sections/02_cut_relative_complement_elimination_and_effective_response/01_general_cuts_complement_elimination_and_naturality/046_C020__general_admissible_boundary_interior_cut_family/047_P007__general_admissible_cut_partition_and_canonicity	derivation/paper/main/sections/02_cut_relative_complement_elimination_and_effective_response/01_general_cuts_complement_elimination_and_naturality/046_C020__general_admissible_boundary_interior_cut_family/047_P007__general_admissible_cut_partition_and_canonicity/SECTION.tex	PLANNED	derivation/supplement/sections/02_cut_relative_complement_elimination_and_effective_response/01_general_cuts_complement_elimination_and_naturality/046_C020__general_admissible_boundary_interior_cut_family/047_P007__general_admissible_cut_partition_and_canonicity	derivation/supplement/sections/02_cut_relative_complement_elimination_and_effective_response/01_general_cuts_complement_elimination_and_naturality/046_C020__general_admissible_boundary_interior_cut_family/047_P007__general_admissible_cut_partition_and_canonicity/DOCUMENTATION.md	PLANNED	PASS
048	C021	2.1.2	48	derivation/paper/main/sections/02_cut_relative_complement_elimination_and_effective_response/01_general_cuts_complement_elimination_and_naturality/048_C021__general_directed_schur_dtn_response	derivation/paper/main/sections/02_cut_relative_complement_elimination_and_effective_response/01_general_cuts_complement_elimination_and_naturality/048_C021__general_directed_schur_dtn_response/SECTION.tex	PLANNED	derivation/supplement/sections/02_cut_relative_complement_elimination_and_effective_response/01_general_cuts_complement_elimination_and_naturality/048_C021__general_directed_schur_dtn_response	derivation/supplement/sections/02_cut_relative_complement_elimination_and_effective_response/01_general_cuts_complement_elimination_and_naturality/048_C021__general_directed_schur_dtn_response/DOCUMENTATION.md	PLANNED	PASS
049	P008	2.1.2.1	49	derivation/paper/main/sections/02_cut_relative_complement_elimination_and_effective_response/01_general_cuts_complement_elimination_and_naturality/048_C021__general_directed_schur_dtn_response/049_P008__general_interior_solve_existence_and_uniqueness	derivation/paper/main/sections/02_cut_relative_complement_elimination_and_effective_response/01_general_cuts_complement_elimination_and_naturality/048_C021__general_directed_schur_dtn_response/049_P008__general_interior_solve_existence_and_uniqueness/SECTION.tex	PLANNED	derivation/supplement/sections/02_cut_relative_complement_elimination_and_effective_response/01_general_cuts_complement_elimination_and_naturality/048_C021__general_directed_schur_dtn_response/049_P008__general_interior_solve_existence_and_uniqueness	derivation/supplement/sections/02_cut_relative_complement_elimination_and_effective_response/01_general_cuts_complement_elimination_and_naturality/048_C021__general_directed_schur_dtn_response/049_P008__general_interior_solve_existence_and_uniqueness/DOCUMENTATION.md	PLANNED	PASS
050	P009	2.1.2.2	50	derivation/paper/main/sections/02_cut_relative_complement_elimination_and_effective_response/01_general_cuts_complement_elimination_and_naturality/048_C021__general_directed_schur_dtn_response/050_P009__general_schur_dtn_response_well_definedness	derivation/paper/main/sections/02_cut_relative_complement_elimination_and_effective_response/01_general_cuts_complement_elimination_and_naturality/048_C021__general_directed_schur_dtn_response/050_P009__general_schur_dtn_response_well_definedness/SECTION.tex	PLANNED	derivation/supplement/sections/02_cut_relative_complement_elimination_and_effective_response/01_general_cuts_complement_elimination_and_naturality/048_C021__general_directed_schur_dtn_response/050_P009__general_schur_dtn_response_well_definedness	derivation/supplement/sections/02_cut_relative_complement_elimination_and_effective_response/01_general_cuts_complement_elimination_and_naturality/048_C021__general_directed_schur_dtn_response/050_P009__general_schur_dtn_response_well_definedness/DOCUMENTATION.md	PLANNED	PASS
051	P010	2.1.2.3	51	derivation/paper/main/sections/02_cut_relative_complement_elimination_and_effective_response/01_general_cuts_complement_elimination_and_naturality/048_C021__general_directed_schur_dtn_response/051_P010__directed_kron_structural_and_positivity_preservation	derivation/paper/main/sections/02_cut_relative_complement_elimination_and_effective_response/01_general_cuts_complement_elimination_and_naturality/048_C021__general_directed_schur_dtn_response/051_P010__directed_kron_structural_and_positivity_preservation/SECTION.tex	PLANNED	derivation/supplement/sections/02_cut_relative_complement_elimination_and_effective_response/01_general_cuts_complement_elimination_and_naturality/048_C021__general_directed_schur_dtn_response/051_P010__directed_kron_structural_and_positivity_preservation	derivation/supplement/sections/02_cut_relative_complement_elimination_and_effective_response/01_general_cuts_complement_elimination_and_naturality/048_C021__general_directed_schur_dtn_response/051_P010__directed_kron_structural_and_positivity_preservation/DOCUMENTATION.md	PLANNED	PASS
052	C022	2.1.3	52	derivation/paper/main/sections/02_cut_relative_complement_elimination_and_effective_response/01_general_cuts_complement_elimination_and_naturality/052_C022__schur_nesting_common_ambient_naturality	derivation/paper/main/sections/02_cut_relative_complement_elimination_and_effective_response/01_general_cuts_complement_elimination_and_naturality/052_C022__schur_nesting_common_ambient_naturality/SECTION.tex	PLANNED	derivation/supplement/sections/02_cut_relative_complement_elimination_and_effective_response/01_general_cuts_complement_elimination_and_naturality/052_C022__schur_nesting_common_ambient_naturality	derivation/supplement/sections/02_cut_relative_complement_elimination_and_effective_response/01_general_cuts_complement_elimination_and_naturality/052_C022__schur_nesting_common_ambient_naturality/DOCUMENTATION.md	PLANNED	PASS
053	C023	2.2.1	53	derivation/paper/main/sections/02_cut_relative_complement_elimination_and_effective_response/02_record_live_response_split_and_backreaction/053_C023__symmetric_skew_response_split_s_a	derivation/paper/main/sections/02_cut_relative_complement_elimination_and_effective_response/02_record_live_response_split_and_backreaction/053_C023__symmetric_skew_response_split_s_a/SECTION.tex	PLANNED	derivation/supplement/sections/02_cut_relative_complement_elimination_and_effective_response/02_record_live_response_split_and_backreaction/053_C023__symmetric_skew_response_split_s_a	derivation/supplement/sections/02_cut_relative_complement_elimination_and_effective_response/02_record_live_response_split_and_backreaction/053_C023__symmetric_skew_response_split_s_a/DOCUMENTATION.md	PLANNED	PASS
054	C024	2.2.2	54	derivation/paper/main/sections/02_cut_relative_complement_elimination_and_effective_response/02_record_live_response_split_and_backreaction/054_C024__backreaction_current_b_a_live_a_record	derivation/paper/main/sections/02_cut_relative_complement_elimination_and_effective_response/02_record_live_response_split_and_backreaction/054_C024__backreaction_current_b_a_live_a_record/SECTION.tex	PLANNED	derivation/supplement/sections/02_cut_relative_complement_elimination_and_effective_response/02_record_live_response_split_and_backreaction/054_C024__backreaction_current_b_a_live_a_record	derivation/supplement/sections/02_cut_relative_complement_elimination_and_effective_response/02_record_live_response_split_and_backreaction/054_C024__backreaction_current_b_a_live_a_record/DOCUMENTATION.md	PLANNED	PASS
055	C025	2.3.1	55	derivation/paper/main/sections/02_cut_relative_complement_elimination_and_effective_response/03_regional_effective_response_carrier/055_C025__canonical_regional_response_carrier	derivation/paper/main/sections/02_cut_relative_complement_elimination_and_effective_response/03_regional_effective_response_carrier/055_C025__canonical_regional_response_carrier/SECTION.tex	PLANNED	derivation/supplement/sections/02_cut_relative_complement_elimination_and_effective_response/03_regional_effective_response_carrier/055_C025__canonical_regional_response_carrier	derivation/supplement/sections/02_cut_relative_complement_elimination_and_effective_response/03_regional_effective_response_carrier/055_C025__canonical_regional_response_carrier/DOCUMENTATION.md	PLANNED	PASS
056	P011	2.3.1.1	56	derivation/paper/main/sections/02_cut_relative_complement_elimination_and_effective_response/03_regional_effective_response_carrier/055_C025__canonical_regional_response_carrier/056_P011__regional_response_restriction_canonicity_and_functoriality	derivation/paper/main/sections/02_cut_relative_complement_elimination_and_effective_response/03_regional_effective_response_carrier/055_C025__canonical_regional_response_carrier/056_P011__regional_response_restriction_canonicity_and_functoriality/SECTION.tex	PLANNED	derivation/supplement/sections/02_cut_relative_complement_elimination_and_effective_response/03_regional_effective_response_carrier/055_C025__canonical_regional_response_carrier/056_P011__regional_response_restriction_canonicity_and_functoriality	derivation/supplement/sections/02_cut_relative_complement_elimination_and_effective_response/03_regional_effective_response_carrier/055_C025__canonical_regional_response_carrier/056_P011__regional_response_restriction_canonicity_and_functoriality/DOCUMENTATION.md	PLANNED	PASS
057	M030	3.1.1	57	derivation/paper/main/sections/03_directed_effective_response_algebra/01_canonical_effective_role_plane/057_M030__canonical_effective_f1_f2_role_functor	derivation/paper/main/sections/03_directed_effective_response_algebra/01_canonical_effective_role_plane/057_M030__canonical_effective_f1_f2_role_functor/SECTION.tex	PLANNED	derivation/supplement/sections/03_directed_effective_response_algebra/01_canonical_effective_role_plane/057_M030__canonical_effective_f1_f2_role_functor	derivation/supplement/sections/03_directed_effective_response_algebra/01_canonical_effective_role_plane/057_M030__canonical_effective_f1_f2_role_functor/DOCUMENTATION.md	PLANNED	PASS
058	P012	3.1.1.1	58	derivation/paper/main/sections/03_directed_effective_response_algebra/01_canonical_effective_role_plane/057_M030__canonical_effective_f1_f2_role_functor/058_P012__effective_role_plane_rank_and_nondegeneracy	derivation/paper/main/sections/03_directed_effective_response_algebra/01_canonical_effective_role_plane/057_M030__canonical_effective_f1_f2_role_functor/058_P012__effective_role_plane_rank_and_nondegeneracy/SECTION.tex	PLANNED	derivation/supplement/sections/03_directed_effective_response_algebra/01_canonical_effective_role_plane/057_M030__canonical_effective_f1_f2_role_functor/058_P012__effective_role_plane_rank_and_nondegeneracy	derivation/supplement/sections/03_directed_effective_response_algebra/01_canonical_effective_role_plane/057_M030__canonical_effective_f1_f2_role_functor/058_P012__effective_role_plane_rank_and_nondegeneracy/DOCUMENTATION.md	PLANNED	PASS
059	P013	3.1.1.2	59	derivation/paper/main/sections/03_directed_effective_response_algebra/01_canonical_effective_role_plane/057_M030__canonical_effective_f1_f2_role_functor/059_P013__role_functor_naturality_equivariance_and_uniqueness	derivation/paper/main/sections/03_directed_effective_response_algebra/01_canonical_effective_role_plane/057_M030__canonical_effective_f1_f2_role_functor/059_P013__role_functor_naturality_equivariance_and_uniqueness/SECTION.tex	PLANNED	derivation/supplement/sections/03_directed_effective_response_algebra/01_canonical_effective_role_plane/057_M030__canonical_effective_f1_f2_role_functor/059_P013__role_functor_naturality_equivariance_and_uniqueness	derivation/supplement/sections/03_directed_effective_response_algebra/01_canonical_effective_role_plane/057_M030__canonical_effective_f1_f2_role_functor/059_P013__role_functor_naturality_equivariance_and_uniqueness/DOCUMENTATION.md	PLANNED	PASS
060	C032	3.2.1	60	derivation/paper/main/sections/03_directed_effective_response_algebra/02_local_operator_and_effect_support_carrier/060_C032__canonical_local_operator_support_carrier	derivation/paper/main/sections/03_directed_effective_response_algebra/02_local_operator_and_effect_support_carrier/060_C032__canonical_local_operator_support_carrier/SECTION.tex	PLANNED	derivation/supplement/sections/03_directed_effective_response_algebra/02_local_operator_and_effect_support_carrier/060_C032__canonical_local_operator_support_carrier	derivation/supplement/sections/03_directed_effective_response_algebra/02_local_operator_and_effect_support_carrier/060_C032__canonical_local_operator_support_carrier/DOCUMENTATION.md	PLANNED	PASS
061	P014	3.2.1.1	61	derivation/paper/main/sections/03_directed_effective_response_algebra/02_local_operator_and_effect_support_carrier/060_C032__canonical_local_operator_support_carrier/061_P014__local_support_carrier_and_projector_coherence	derivation/paper/main/sections/03_directed_effective_response_algebra/02_local_operator_and_effect_support_carrier/060_C032__canonical_local_operator_support_carrier/061_P014__local_support_carrier_and_projector_coherence/SECTION.tex	PLANNED	derivation/supplement/sections/03_directed_effective_response_algebra/02_local_operator_and_effect_support_carrier/060_C032__canonical_local_operator_support_carrier/061_P014__local_support_carrier_and_projector_coherence	derivation/supplement/sections/03_directed_effective_response_algebra/02_local_operator_and_effect_support_carrier/060_C032__canonical_local_operator_support_carrier/061_P014__local_support_carrier_and_projector_coherence/DOCUMENTATION.md	PLANNED	PASS
062	C033	3.3.1	62	derivation/paper/main/sections/03_directed_effective_response_algebra/03_response_generated_algebraic_closure/062_C033__response_generated_finite_algebraic_closure	derivation/paper/main/sections/03_directed_effective_response_algebra/03_response_generated_algebraic_closure/062_C033__response_generated_finite_algebraic_closure/SECTION.tex	PLANNED	derivation/supplement/sections/03_directed_effective_response_algebra/03_response_generated_algebraic_closure/062_C033__response_generated_finite_algebraic_closure	derivation/supplement/sections/03_directed_effective_response_algebra/03_response_generated_algebraic_closure/062_C033__response_generated_finite_algebraic_closure/DOCUMENTATION.md	PLANNED	PASS
063	P015	3.3.1.1	63	derivation/paper/main/sections/03_directed_effective_response_algebra/03_response_generated_algebraic_closure/062_C033__response_generated_finite_algebraic_closure/063_P015__finite_response_algebra_closure_and_exact_stabilization	derivation/paper/main/sections/03_directed_effective_response_algebra/03_response_generated_algebraic_closure/062_C033__response_generated_finite_algebraic_closure/063_P015__finite_response_algebra_closure_and_exact_stabilization/SECTION.tex	PLANNED	derivation/supplement/sections/03_directed_effective_response_algebra/03_response_generated_algebraic_closure/062_C033__response_generated_finite_algebraic_closure/063_P015__finite_response_algebra_closure_and_exact_stabilization	derivation/supplement/sections/03_directed_effective_response_algebra/03_response_generated_algebraic_closure/062_C033__response_generated_finite_algebraic_closure/063_P015__finite_response_algebra_closure_and_exact_stabilization/DOCUMENTATION.md	PLANNED	PASS
064	M031	3.4.1	64	derivation/paper/main/sections/03_directed_effective_response_algebra/04_intrinsic_directed_response_algebra/064_M031__intrinsic_directed_response_algebra	derivation/paper/main/sections/03_directed_effective_response_algebra/04_intrinsic_directed_response_algebra/064_M031__intrinsic_directed_response_algebra/SECTION.tex	PLANNED	derivation/supplement/sections/03_directed_effective_response_algebra/04_intrinsic_directed_response_algebra/064_M031__intrinsic_directed_response_algebra	derivation/supplement/sections/03_directed_effective_response_algebra/04_intrinsic_directed_response_algebra/064_M031__intrinsic_directed_response_algebra/DOCUMENTATION.md	PLANNED	PASS
065	P016	3.4.1.1	65	derivation/paper/main/sections/03_directed_effective_response_algebra/04_intrinsic_directed_response_algebra/064_M031__intrinsic_directed_response_algebra/065_P016__intrinsic_generator_independence_and_canonical_algebra_equivalence	derivation/paper/main/sections/03_directed_effective_response_algebra/04_intrinsic_directed_response_algebra/064_M031__intrinsic_directed_response_algebra/065_P016__intrinsic_generator_independence_and_canonical_algebra_equivalence/SECTION.tex	PLANNED	derivation/supplement/sections/03_directed_effective_response_algebra/04_intrinsic_directed_response_algebra/064_M031__intrinsic_directed_response_algebra/065_P016__intrinsic_generator_independence_and_canonical_algebra_equivalence	derivation/supplement/sections/03_directed_effective_response_algebra/04_intrinsic_directed_response_algebra/064_M031__intrinsic_directed_response_algebra/065_P016__intrinsic_generator_independence_and_canonical_algebra_equivalence/DOCUMENTATION.md	PLANNED	PASS
066	O048	3.5.1	66	derivation/paper/main/sections/03_directed_effective_response_algebra/05_finite_algebraic_obstruction_boundary/066_O048__finite_cyclicity_dimension_rank_obstruction	derivation/paper/main/sections/03_directed_effective_response_algebra/05_finite_algebraic_obstruction_boundary/066_O048__finite_cyclicity_dimension_rank_obstruction/SECTION.tex	PLANNED	derivation/supplement/sections/03_directed_effective_response_algebra/05_finite_algebraic_obstruction_boundary/066_O048__finite_cyclicity_dimension_rank_obstruction	derivation/supplement/sections/03_directed_effective_response_algebra/05_finite_algebraic_obstruction_boundary/066_O048__finite_cyclicity_dimension_rank_obstruction/DOCUMENTATION.md	PLANNED	PASS
067	C040	4.1.1	67	derivation/paper/main/sections/04_projective_refinement_and_nested_open_channels/01_exact_cauchy_carrier_and_factorization/067_C040__inverse_depth_cauchy_hilbert_ancestor_carrier_h	derivation/paper/main/sections/04_projective_refinement_and_nested_open_channels/01_exact_cauchy_carrier_and_factorization/067_C040__inverse_depth_cauchy_hilbert_ancestor_carrier_h/SECTION.tex	PLANNED	derivation/supplement/sections/04_projective_refinement_and_nested_open_channels/01_exact_cauchy_carrier_and_factorization/067_C040__inverse_depth_cauchy_hilbert_ancestor_carrier_h	derivation/supplement/sections/04_projective_refinement_and_nested_open_channels/01_exact_cauchy_carrier_and_factorization/067_C040__inverse_depth_cauchy_hilbert_ancestor_carrier_h/DOCUMENTATION.md	PLANNED	PASS
068	P017	4.1.1.1	68	derivation/paper/main/sections/04_projective_refinement_and_nested_open_channels/01_exact_cauchy_carrier_and_factorization/067_C040__inverse_depth_cauchy_hilbert_ancestor_carrier_h/068_P017__exact_inverse_depth_cauchy_hilbert_identification	derivation/paper/main/sections/04_projective_refinement_and_nested_open_channels/01_exact_cauchy_carrier_and_factorization/067_C040__inverse_depth_cauchy_hilbert_ancestor_carrier_h/068_P017__exact_inverse_depth_cauchy_hilbert_identification/SECTION.tex	PLANNED	derivation/supplement/sections/04_projective_refinement_and_nested_open_channels/01_exact_cauchy_carrier_and_factorization/067_C040__inverse_depth_cauchy_hilbert_ancestor_carrier_h/068_P017__exact_inverse_depth_cauchy_hilbert_identification	derivation/supplement/sections/04_projective_refinement_and_nested_open_channels/01_exact_cauchy_carrier_and_factorization/067_C040__inverse_depth_cauchy_hilbert_ancestor_carrier_h/068_P017__exact_inverse_depth_cauchy_hilbert_identification/DOCUMENTATION.md	PLANNED	PASS
069	P018	4.1.1.2	69	derivation/paper/main/sections/04_projective_refinement_and_nested_open_channels/01_exact_cauchy_carrier_and_factorization/067_C040__inverse_depth_cauchy_hilbert_ancestor_carrier_h/069_P018__cauchy_determinant_nondegeneracy_and_rank	derivation/paper/main/sections/04_projective_refinement_and_nested_open_channels/01_exact_cauchy_carrier_and_factorization/067_C040__inverse_depth_cauchy_hilbert_ancestor_carrier_h/069_P018__cauchy_determinant_nondegeneracy_and_rank/SECTION.tex	PLANNED	derivation/supplement/sections/04_projective_refinement_and_nested_open_channels/01_exact_cauchy_carrier_and_factorization/067_C040__inverse_depth_cauchy_hilbert_ancestor_carrier_h/069_P018__cauchy_determinant_nondegeneracy_and_rank	derivation/supplement/sections/04_projective_refinement_and_nested_open_channels/01_exact_cauchy_carrier_and_factorization/067_C040__inverse_depth_cauchy_hilbert_ancestor_carrier_h/069_P018__cauchy_determinant_nondegeneracy_and_rank/DOCUMENTATION.md	PLANNED	PASS
070	C041	4.1.2	70	derivation/paper/main/sections/04_projective_refinement_and_nested_open_channels/01_exact_cauchy_carrier_and_factorization/070_C041__exact_pre_post_schur_factorization_m_a_eff_h	derivation/paper/main/sections/04_projective_refinement_and_nested_open_channels/01_exact_cauchy_carrier_and_factorization/070_C041__exact_pre_post_schur_factorization_m_a_eff_h/SECTION.tex	PLANNED	derivation/supplement/sections/04_projective_refinement_and_nested_open_channels/01_exact_cauchy_carrier_and_factorization/070_C041__exact_pre_post_schur_factorization_m_a_eff_h	derivation/supplement/sections/04_projective_refinement_and_nested_open_channels/01_exact_cauchy_carrier_and_factorization/070_C041__exact_pre_post_schur_factorization_m_a_eff_h/DOCUMENTATION.md	PLANNED	PASS
071	C042	4.2.1	71	derivation/paper/main/sections/04_projective_refinement_and_nested_open_channels/02_canonical_schedule_rank_closure/071_C042__canonical_schedule_ancestor_return_rank_closure	derivation/paper/main/sections/04_projective_refinement_and_nested_open_channels/02_canonical_schedule_rank_closure/071_C042__canonical_schedule_ancestor_return_rank_closure/SECTION.tex	PLANNED	derivation/supplement/sections/04_projective_refinement_and_nested_open_channels/02_canonical_schedule_rank_closure/071_C042__canonical_schedule_ancestor_return_rank_closure	derivation/supplement/sections/04_projective_refinement_and_nested_open_channels/02_canonical_schedule_rank_closure/071_C042__canonical_schedule_ancestor_return_rank_closure/DOCUMENTATION.md	PLANNED	PASS
072	CTRL005	4.2.2	72	derivation/paper/main/sections/04_projective_refinement_and_nested_open_channels/02_canonical_schedule_rank_closure/072_CTRL005__layer_batch_schedule_robustness_control	derivation/paper/main/sections/04_projective_refinement_and_nested_open_channels/02_canonical_schedule_rank_closure/072_CTRL005__layer_batch_schedule_robustness_control/SECTION.tex	PLANNED	derivation/supplement/sections/04_projective_refinement_and_nested_open_channels/02_canonical_schedule_rank_closure/072_CTRL005__layer_batch_schedule_robustness_control	derivation/supplement/sections/04_projective_refinement_and_nested_open_channels/02_canonical_schedule_rank_closure/072_CTRL005__layer_batch_schedule_robustness_control/DOCUMENTATION.md	PLANNED	PASS
073	C044	4.3.1	73	derivation/paper/main/sections/04_projective_refinement_and_nested_open_channels/03_projective_carriers_and_nested_open_channels/073_C044__canonical_finite_prefix_projective_carrier_maps	derivation/paper/main/sections/04_projective_refinement_and_nested_open_channels/03_projective_carriers_and_nested_open_channels/073_C044__canonical_finite_prefix_projective_carrier_maps/SECTION.tex	PLANNED	derivation/supplement/sections/04_projective_refinement_and_nested_open_channels/03_projective_carriers_and_nested_open_channels/073_C044__canonical_finite_prefix_projective_carrier_maps	derivation/supplement/sections/04_projective_refinement_and_nested_open_channels/03_projective_carriers_and_nested_open_channels/073_C044__canonical_finite_prefix_projective_carrier_maps/DOCUMENTATION.md	PLANNED	PASS
074	P019	4.3.1.1	74	derivation/paper/main/sections/04_projective_refinement_and_nested_open_channels/03_projective_carriers_and_nested_open_channels/073_C044__canonical_finite_prefix_projective_carrier_maps/074_P019__finite_prefix_map_typing_composition_and_projective_coherence	derivation/paper/main/sections/04_projective_refinement_and_nested_open_channels/03_projective_carriers_and_nested_open_channels/073_C044__canonical_finite_prefix_projective_carrier_maps/074_P019__finite_prefix_map_typing_composition_and_projective_coherence/SECTION.tex	PLANNED	derivation/supplement/sections/04_projective_refinement_and_nested_open_channels/03_projective_carriers_and_nested_open_channels/073_C044__canonical_finite_prefix_projective_carrier_maps/074_P019__finite_prefix_map_typing_composition_and_projective_coherence	derivation/supplement/sections/04_projective_refinement_and_nested_open_channels/03_projective_carriers_and_nested_open_channels/073_C044__canonical_finite_prefix_projective_carrier_maps/074_P019__finite_prefix_map_typing_composition_and_projective_coherence/DOCUMENTATION.md	PLANNED	PASS
075	C045	4.3.2	75	derivation/paper/main/sections/04_projective_refinement_and_nested_open_channels/03_projective_carriers_and_nested_open_channels/075_C045__nested_common_ambient_multiscale_transport	derivation/paper/main/sections/04_projective_refinement_and_nested_open_channels/03_projective_carriers_and_nested_open_channels/075_C045__nested_common_ambient_multiscale_transport/SECTION.tex	PLANNED	derivation/supplement/sections/04_projective_refinement_and_nested_open_channels/03_projective_carriers_and_nested_open_channels/075_C045__nested_common_ambient_multiscale_transport	derivation/supplement/sections/04_projective_refinement_and_nested_open_channels/03_projective_carriers_and_nested_open_channels/075_C045__nested_common_ambient_multiscale_transport/DOCUMENTATION.md	PLANNED	PASS
076	P020	4.3.2.1	76	derivation/paper/main/sections/04_projective_refinement_and_nested_open_channels/03_projective_carriers_and_nested_open_channels/075_C045__nested_common_ambient_multiscale_transport/076_P020__common_ambient_embedding_and_transport_identities	derivation/paper/main/sections/04_projective_refinement_and_nested_open_channels/03_projective_carriers_and_nested_open_channels/075_C045__nested_common_ambient_multiscale_transport/076_P020__common_ambient_embedding_and_transport_identities/SECTION.tex	PLANNED	derivation/supplement/sections/04_projective_refinement_and_nested_open_channels/03_projective_carriers_and_nested_open_channels/075_C045__nested_common_ambient_multiscale_transport/076_P020__common_ambient_embedding_and_transport_identities	derivation/supplement/sections/04_projective_refinement_and_nested_open_channels/03_projective_carriers_and_nested_open_channels/075_C045__nested_common_ambient_multiscale_transport/076_P020__common_ambient_embedding_and_transport_identities/DOCUMENTATION.md	PLANNED	PASS
077	C047	4.3.3	77	derivation/paper/main/sections/04_projective_refinement_and_nested_open_channels/03_projective_carriers_and_nested_open_channels/077_C047__nested_channel_refinement	derivation/paper/main/sections/04_projective_refinement_and_nested_open_channels/03_projective_carriers_and_nested_open_channels/077_C047__nested_channel_refinement/SECTION.tex	PLANNED	derivation/supplement/sections/04_projective_refinement_and_nested_open_channels/03_projective_carriers_and_nested_open_channels/077_C047__nested_channel_refinement	derivation/supplement/sections/04_projective_refinement_and_nested_open_channels/03_projective_carriers_and_nested_open_channels/077_C047__nested_channel_refinement/DOCUMENTATION.md	PLANNED	PASS
078	P021	4.3.3.1	78	derivation/paper/main/sections/04_projective_refinement_and_nested_open_channels/03_projective_carriers_and_nested_open_channels/077_C047__nested_channel_refinement/078_P021__nested_refinement_map_well_definedness_and_compatibility	derivation/paper/main/sections/04_projective_refinement_and_nested_open_channels/03_projective_carriers_and_nested_open_channels/077_C047__nested_channel_refinement/078_P021__nested_refinement_map_well_definedness_and_compatibility/SECTION.tex	PLANNED	derivation/supplement/sections/04_projective_refinement_and_nested_open_channels/03_projective_carriers_and_nested_open_channels/077_C047__nested_channel_refinement/078_P021__nested_refinement_map_well_definedness_and_compatibility	derivation/supplement/sections/04_projective_refinement_and_nested_open_channels/03_projective_carriers_and_nested_open_channels/077_C047__nested_channel_refinement/078_P021__nested_refinement_map_well_definedness_and_compatibility/DOCUMENTATION.md	PLANNED	PASS
079	C046	4.3.4	79	derivation/paper/main/sections/04_projective_refinement_and_nested_open_channels/03_projective_carriers_and_nested_open_channels/079_C046__forward_channel_structure	derivation/paper/main/sections/04_projective_refinement_and_nested_open_channels/03_projective_carriers_and_nested_open_channels/079_C046__forward_channel_structure/SECTION.tex	PLANNED	derivation/supplement/sections/04_projective_refinement_and_nested_open_channels/03_projective_carriers_and_nested_open_channels/079_C046__forward_channel_structure	derivation/supplement/sections/04_projective_refinement_and_nested_open_channels/03_projective_carriers_and_nested_open_channels/079_C046__forward_channel_structure/DOCUMENTATION.md	PLANNED	PASS
080	P022	4.3.4.1	80	derivation/paper/main/sections/04_projective_refinement_and_nested_open_channels/03_projective_carriers_and_nested_open_channels/079_C046__forward_channel_structure/080_P022__forward_channel_well_definedness_and_structural_identities	derivation/paper/main/sections/04_projective_refinement_and_nested_open_channels/03_projective_carriers_and_nested_open_channels/079_C046__forward_channel_structure/080_P022__forward_channel_well_definedness_and_structural_identities/SECTION.tex	PLANNED	derivation/supplement/sections/04_projective_refinement_and_nested_open_channels/03_projective_carriers_and_nested_open_channels/079_C046__forward_channel_structure/080_P022__forward_channel_well_definedness_and_structural_identities	derivation/supplement/sections/04_projective_refinement_and_nested_open_channels/03_projective_carriers_and_nested_open_channels/079_C046__forward_channel_structure/080_P022__forward_channel_well_definedness_and_structural_identities/DOCUMENTATION.md	PLANNED	PASS
081	C043	4.4.1	81	derivation/paper/main/sections/04_projective_refinement_and_nested_open_channels/04_refinement_cocycle_and_live_reconstruction/081_C043__refinement_cocycle_live_reconstruction	derivation/paper/main/sections/04_projective_refinement_and_nested_open_channels/04_refinement_cocycle_and_live_reconstruction/081_C043__refinement_cocycle_live_reconstruction/SECTION.tex	PLANNED	derivation/supplement/sections/04_projective_refinement_and_nested_open_channels/04_refinement_cocycle_and_live_reconstruction/081_C043__refinement_cocycle_live_reconstruction	derivation/supplement/sections/04_projective_refinement_and_nested_open_channels/04_refinement_cocycle_and_live_reconstruction/081_C043__refinement_cocycle_live_reconstruction/DOCUMENTATION.md	PLANNED	PASS
082	P023	4.4.1.1	82	derivation/paper/main/sections/04_projective_refinement_and_nested_open_channels/04_refinement_cocycle_and_live_reconstruction/081_C043__refinement_cocycle_live_reconstruction/082_P023__refinement_cocycle_law	derivation/paper/main/sections/04_projective_refinement_and_nested_open_channels/04_refinement_cocycle_and_live_reconstruction/081_C043__refinement_cocycle_live_reconstruction/082_P023__refinement_cocycle_law/SECTION.tex	PLANNED	derivation/supplement/sections/04_projective_refinement_and_nested_open_channels/04_refinement_cocycle_and_live_reconstruction/081_C043__refinement_cocycle_live_reconstruction/082_P023__refinement_cocycle_law	derivation/supplement/sections/04_projective_refinement_and_nested_open_channels/04_refinement_cocycle_and_live_reconstruction/081_C043__refinement_cocycle_live_reconstruction/082_P023__refinement_cocycle_law/DOCUMENTATION.md	PLANNED	PASS
083	P024	4.4.1.2	83	derivation/paper/main/sections/04_projective_refinement_and_nested_open_channels/04_refinement_cocycle_and_live_reconstruction/081_C043__refinement_cocycle_live_reconstruction/083_P024__future_invariance_of_retained_finite_blocks	derivation/paper/main/sections/04_projective_refinement_and_nested_open_channels/04_refinement_cocycle_and_live_reconstruction/081_C043__refinement_cocycle_live_reconstruction/083_P024__future_invariance_of_retained_finite_blocks/SECTION.tex	PLANNED	derivation/supplement/sections/04_projective_refinement_and_nested_open_channels/04_refinement_cocycle_and_live_reconstruction/081_C043__refinement_cocycle_live_reconstruction/083_P024__future_invariance_of_retained_finite_blocks	derivation/supplement/sections/04_projective_refinement_and_nested_open_channels/04_refinement_cocycle_and_live_reconstruction/081_C043__refinement_cocycle_live_reconstruction/083_P024__future_invariance_of_retained_finite_blocks/DOCUMENTATION.md	PLANNED	PASS
084	P025	4.4.1.3	84	derivation/paper/main/sections/04_projective_refinement_and_nested_open_channels/04_refinement_cocycle_and_live_reconstruction/081_C043__refinement_cocycle_live_reconstruction/084_P025__live_directed_reconstruction_from_record_and_cocycle_data	derivation/paper/main/sections/04_projective_refinement_and_nested_open_channels/04_refinement_cocycle_and_live_reconstruction/081_C043__refinement_cocycle_live_reconstruction/084_P025__live_directed_reconstruction_from_record_and_cocycle_data/SECTION.tex	PLANNED	derivation/supplement/sections/04_projective_refinement_and_nested_open_channels/04_refinement_cocycle_and_live_reconstruction/081_C043__refinement_cocycle_live_reconstruction/084_P025__live_directed_reconstruction_from_record_and_cocycle_data	derivation/supplement/sections/04_projective_refinement_and_nested_open_channels/04_refinement_cocycle_and_live_reconstruction/081_C043__refinement_cocycle_live_reconstruction/084_P025__live_directed_reconstruction_from_record_and_cocycle_data/DOCUMENTATION.md	PLANNED	PASS
085	O049	4.5.1	85	derivation/paper/main/sections/04_projective_refinement_and_nested_open_channels/05_projection_completion_obstruction_boundary/085_O049__projection_completion_naturality_obstruction	derivation/paper/main/sections/04_projective_refinement_and_nested_open_channels/05_projection_completion_obstruction_boundary/085_O049__projection_completion_naturality_obstruction/SECTION.tex	PLANNED	derivation/supplement/sections/04_projective_refinement_and_nested_open_channels/05_projection_completion_obstruction_boundary/085_O049__projection_completion_naturality_obstruction	derivation/supplement/sections/04_projective_refinement_and_nested_open_channels/05_projection_completion_obstruction_boundary/085_O049__projection_completion_naturality_obstruction/DOCUMENTATION.md	PLANNED	PASS
086	C050	5.1.1	86	derivation/paper/main/sections/05_presymplectic_completion_weyl_system_and_quasifree_state/01_raw_presymplectic_carrier_and_weyl_system/086_C050__finite_support_raw_presymplectic_carrier_v_fin_raw	derivation/paper/main/sections/05_presymplectic_completion_weyl_system_and_quasifree_state/01_raw_presymplectic_carrier_and_weyl_system/086_C050__finite_support_raw_presymplectic_carrier_v_fin_raw/SECTION.tex	PLANNED	derivation/supplement/sections/05_presymplectic_completion_weyl_system_and_quasifree_state/01_raw_presymplectic_carrier_and_weyl_system/086_C050__finite_support_raw_presymplectic_carrier_v_fin_raw	derivation/supplement/sections/05_presymplectic_completion_weyl_system_and_quasifree_state/01_raw_presymplectic_carrier_and_weyl_system/086_C050__finite_support_raw_presymplectic_carrier_v_fin_raw/DOCUMENTATION.md	PLANNED	PASS
087	P026	5.1.1.1	87	derivation/paper/main/sections/05_presymplectic_completion_weyl_system_and_quasifree_state/01_raw_presymplectic_carrier_and_weyl_system/086_C050__finite_support_raw_presymplectic_carrier_v_fin_raw/087_P026__raw_presymplectic_well_definedness_and_future_invariance	derivation/paper/main/sections/05_presymplectic_completion_weyl_system_and_quasifree_state/01_raw_presymplectic_carrier_and_weyl_system/086_C050__finite_support_raw_presymplectic_carrier_v_fin_raw/087_P026__raw_presymplectic_well_definedness_and_future_invariance/SECTION.tex	PLANNED	derivation/supplement/sections/05_presymplectic_completion_weyl_system_and_quasifree_state/01_raw_presymplectic_carrier_and_weyl_system/086_C050__finite_support_raw_presymplectic_carrier_v_fin_raw/087_P026__raw_presymplectic_well_definedness_and_future_invariance	derivation/supplement/sections/05_presymplectic_completion_weyl_system_and_quasifree_state/01_raw_presymplectic_carrier_and_weyl_system/086_C050__finite_support_raw_presymplectic_carrier_v_fin_raw/087_P026__raw_presymplectic_well_definedness_and_future_invariance/DOCUMENTATION.md	PLANNED	PASS
088	C051	5.1.2	88	derivation/paper/main/sections/05_presymplectic_completion_weyl_system_and_quasifree_state/01_raw_presymplectic_carrier_and_weyl_system/088_C051__algebraic_weyl_direct_system	derivation/paper/main/sections/05_presymplectic_completion_weyl_system_and_quasifree_state/01_raw_presymplectic_carrier_and_weyl_system/088_C051__algebraic_weyl_direct_system/SECTION.tex	PLANNED	derivation/supplement/sections/05_presymplectic_completion_weyl_system_and_quasifree_state/01_raw_presymplectic_carrier_and_weyl_system/088_C051__algebraic_weyl_direct_system	derivation/supplement/sections/05_presymplectic_completion_weyl_system_and_quasifree_state/01_raw_presymplectic_carrier_and_weyl_system/088_C051__algebraic_weyl_direct_system/DOCUMENTATION.md	PLANNED	PASS
089	P027	5.1.2.1	89	derivation/paper/main/sections/05_presymplectic_completion_weyl_system_and_quasifree_state/01_raw_presymplectic_carrier_and_weyl_system/088_C051__algebraic_weyl_direct_system/089_P027__algebraic_weyl_direct_system_coherence	derivation/paper/main/sections/05_presymplectic_completion_weyl_system_and_quasifree_state/01_raw_presymplectic_carrier_and_weyl_system/088_C051__algebraic_weyl_direct_system/089_P027__algebraic_weyl_direct_system_coherence/SECTION.tex	PLANNED	derivation/supplement/sections/05_presymplectic_completion_weyl_system_and_quasifree_state/01_raw_presymplectic_carrier_and_weyl_system/088_C051__algebraic_weyl_direct_system/089_P027__algebraic_weyl_direct_system_coherence	derivation/supplement/sections/05_presymplectic_completion_weyl_system_and_quasifree_state/01_raw_presymplectic_carrier_and_weyl_system/088_C051__algebraic_weyl_direct_system/089_P027__algebraic_weyl_direct_system_coherence/DOCUMENTATION.md	PLANNED	PASS
090	M050	5.2.1	90	derivation/paper/main/sections/05_presymplectic_completion_weyl_system_and_quasifree_state/02_provenance_hilbert_metric_and_normalized_skew/090_M050__derived_provenance_hilbert_metric_g	derivation/paper/main/sections/05_presymplectic_completion_weyl_system_and_quasifree_state/02_provenance_hilbert_metric_and_normalized_skew/090_M050__derived_provenance_hilbert_metric_g/SECTION.tex	PLANNED	derivation/supplement/sections/05_presymplectic_completion_weyl_system_and_quasifree_state/02_provenance_hilbert_metric_and_normalized_skew/090_M050__derived_provenance_hilbert_metric_g	derivation/supplement/sections/05_presymplectic_completion_weyl_system_and_quasifree_state/02_provenance_hilbert_metric_and_normalized_skew/090_M050__derived_provenance_hilbert_metric_g/DOCUMENTATION.md	PLANNED	PASS
091	P028	5.2.1.1	91	derivation/paper/main/sections/05_presymplectic_completion_weyl_system_and_quasifree_state/02_provenance_hilbert_metric_and_normalized_skew/090_M050__derived_provenance_hilbert_metric_g/091_P028__provenance_metric_existence_and_cylinder_consistency	derivation/paper/main/sections/05_presymplectic_completion_weyl_system_and_quasifree_state/02_provenance_hilbert_metric_and_normalized_skew/090_M050__derived_provenance_hilbert_metric_g/091_P028__provenance_metric_existence_and_cylinder_consistency/SECTION.tex	PLANNED	derivation/supplement/sections/05_presymplectic_completion_weyl_system_and_quasifree_state/02_provenance_hilbert_metric_and_normalized_skew/090_M050__derived_provenance_hilbert_metric_g/091_P028__provenance_metric_existence_and_cylinder_consistency	derivation/supplement/sections/05_presymplectic_completion_weyl_system_and_quasifree_state/02_provenance_hilbert_metric_and_normalized_skew/090_M050__derived_provenance_hilbert_metric_g/091_P028__provenance_metric_existence_and_cylinder_consistency/DOCUMENTATION.md	PLANNED	PASS
092	P029	5.2.1.2	92	derivation/paper/main/sections/05_presymplectic_completion_weyl_system_and_quasifree_state/02_provenance_hilbert_metric_and_normalized_skew/090_M050__derived_provenance_hilbert_metric_g/092_P029__provenance_metric_positivity_and_uniqueness_up_to_normalization	derivation/paper/main/sections/05_presymplectic_completion_weyl_system_and_quasifree_state/02_provenance_hilbert_metric_and_normalized_skew/090_M050__derived_provenance_hilbert_metric_g/092_P029__provenance_metric_positivity_and_uniqueness_up_to_normalization/SECTION.tex	PLANNED	derivation/supplement/sections/05_presymplectic_completion_weyl_system_and_quasifree_state/02_provenance_hilbert_metric_and_normalized_skew/090_M050__derived_provenance_hilbert_metric_g/092_P029__provenance_metric_positivity_and_uniqueness_up_to_normalization	derivation/supplement/sections/05_presymplectic_completion_weyl_system_and_quasifree_state/02_provenance_hilbert_metric_and_normalized_skew/090_M050__derived_provenance_hilbert_metric_g/092_P029__provenance_metric_positivity_and_uniqueness_up_to_normalization/DOCUMENTATION.md	PLANNED	PASS
093	C052	5.2.2	93	derivation/paper/main/sections/05_presymplectic_completion_weyl_system_and_quasifree_state/02_provenance_hilbert_metric_and_normalized_skew/093_C052__hilbert_schmidt_normalized_skew_operator_k	derivation/paper/main/sections/05_presymplectic_completion_weyl_system_and_quasifree_state/02_provenance_hilbert_metric_and_normalized_skew/093_C052__hilbert_schmidt_normalized_skew_operator_k/SECTION.tex	PLANNED	derivation/supplement/sections/05_presymplectic_completion_weyl_system_and_quasifree_state/02_provenance_hilbert_metric_and_normalized_skew/093_C052__hilbert_schmidt_normalized_skew_operator_k	derivation/supplement/sections/05_presymplectic_completion_weyl_system_and_quasifree_state/02_provenance_hilbert_metric_and_normalized_skew/093_C052__hilbert_schmidt_normalized_skew_operator_k/DOCUMENTATION.md	PLANNED	PASS
094	P030	5.2.2.1	94	derivation/paper/main/sections/05_presymplectic_completion_weyl_system_and_quasifree_state/02_provenance_hilbert_metric_and_normalized_skew/093_C052__hilbert_schmidt_normalized_skew_operator_k/094_P030__normalized_skew_operator_boundedness_and_skew_adjointness	derivation/paper/main/sections/05_presymplectic_completion_weyl_system_and_quasifree_state/02_provenance_hilbert_metric_and_normalized_skew/093_C052__hilbert_schmidt_normalized_skew_operator_k/094_P030__normalized_skew_operator_boundedness_and_skew_adjointness/SECTION.tex	PLANNED	derivation/supplement/sections/05_presymplectic_completion_weyl_system_and_quasifree_state/02_provenance_hilbert_metric_and_normalized_skew/093_C052__hilbert_schmidt_normalized_skew_operator_k/094_P030__normalized_skew_operator_boundedness_and_skew_adjointness	derivation/supplement/sections/05_presymplectic_completion_weyl_system_and_quasifree_state/02_provenance_hilbert_metric_and_normalized_skew/093_C052__hilbert_schmidt_normalized_skew_operator_k/094_P030__normalized_skew_operator_boundedness_and_skew_adjointness/DOCUMENTATION.md	PLANNED	PASS
095	P031	5.2.2.2	95	derivation/paper/main/sections/05_presymplectic_completion_weyl_system_and_quasifree_state/02_provenance_hilbert_metric_and_normalized_skew/093_C052__hilbert_schmidt_normalized_skew_operator_k/095_P031__hilbert_schmidt_edge_majorant_and_tail	derivation/paper/main/sections/05_presymplectic_completion_weyl_system_and_quasifree_state/02_provenance_hilbert_metric_and_normalized_skew/093_C052__hilbert_schmidt_normalized_skew_operator_k/095_P031__hilbert_schmidt_edge_majorant_and_tail/SECTION.tex	PLANNED	derivation/supplement/sections/05_presymplectic_completion_weyl_system_and_quasifree_state/02_provenance_hilbert_metric_and_normalized_skew/093_C052__hilbert_schmidt_normalized_skew_operator_k/095_P031__hilbert_schmidt_edge_majorant_and_tail	derivation/supplement/sections/05_presymplectic_completion_weyl_system_and_quasifree_state/02_provenance_hilbert_metric_and_normalized_skew/093_C052__hilbert_schmidt_normalized_skew_operator_k/095_P031__hilbert_schmidt_edge_majorant_and_tail/DOCUMENTATION.md	PLANNED	PASS
096	C054	5.2.3	96	derivation/paper/main/sections/05_presymplectic_completion_weyl_system_and_quasifree_state/02_provenance_hilbert_metric_and_normalized_skew/096_C054__algebraic_radical_triviality_and_infinite_rank	derivation/paper/main/sections/05_presymplectic_completion_weyl_system_and_quasifree_state/02_provenance_hilbert_metric_and_normalized_skew/096_C054__algebraic_radical_triviality_and_infinite_rank/SECTION.tex	PLANNED	derivation/supplement/sections/05_presymplectic_completion_weyl_system_and_quasifree_state/02_provenance_hilbert_metric_and_normalized_skew/096_C054__algebraic_radical_triviality_and_infinite_rank	derivation/supplement/sections/05_presymplectic_completion_weyl_system_and_quasifree_state/02_provenance_hilbert_metric_and_normalized_skew/096_C054__algebraic_radical_triviality_and_infinite_rank/DOCUMENTATION.md	PLANNED	PASS
097	P032	5.2.3.1	97	derivation/paper/main/sections/05_presymplectic_completion_weyl_system_and_quasifree_state/02_provenance_hilbert_metric_and_normalized_skew/096_C054__algebraic_radical_triviality_and_infinite_rank/097_P032__algebraic_radical_triviality	derivation/paper/main/sections/05_presymplectic_completion_weyl_system_and_quasifree_state/02_provenance_hilbert_metric_and_normalized_skew/096_C054__algebraic_radical_triviality_and_infinite_rank/097_P032__algebraic_radical_triviality/SECTION.tex	PLANNED	derivation/supplement/sections/05_presymplectic_completion_weyl_system_and_quasifree_state/02_provenance_hilbert_metric_and_normalized_skew/096_C054__algebraic_radical_triviality_and_infinite_rank/097_P032__algebraic_radical_triviality	derivation/supplement/sections/05_presymplectic_completion_weyl_system_and_quasifree_state/02_provenance_hilbert_metric_and_normalized_skew/096_C054__algebraic_radical_triviality_and_infinite_rank/097_P032__algebraic_radical_triviality/DOCUMENTATION.md	PLANNED	PASS
098	P033	5.2.3.2	98	derivation/paper/main/sections/05_presymplectic_completion_weyl_system_and_quasifree_state/02_provenance_hilbert_metric_and_normalized_skew/096_C054__algebraic_radical_triviality_and_infinite_rank/098_P033__infinite_rank_of_the_raw_skew_operator	derivation/paper/main/sections/05_presymplectic_completion_weyl_system_and_quasifree_state/02_provenance_hilbert_metric_and_normalized_skew/096_C054__algebraic_radical_triviality_and_infinite_rank/098_P033__infinite_rank_of_the_raw_skew_operator/SECTION.tex	PLANNED	derivation/supplement/sections/05_presymplectic_completion_weyl_system_and_quasifree_state/02_provenance_hilbert_metric_and_normalized_skew/096_C054__algebraic_radical_triviality_and_infinite_rank/098_P033__infinite_rank_of_the_raw_skew_operator	derivation/supplement/sections/05_presymplectic_completion_weyl_system_and_quasifree_state/02_provenance_hilbert_metric_and_normalized_skew/096_C054__algebraic_radical_triviality_and_infinite_rank/098_P033__infinite_rank_of_the_raw_skew_operator/DOCUMENTATION.md	PLANNED	PASS
099	C053	5.3.1	99	derivation/paper/main/sections/05_presymplectic_completion_weyl_system_and_quasifree_state/03_quasifree_state_specialization/099_C053__regular_quasifree_provenance_state_prov	derivation/paper/main/sections/05_presymplectic_completion_weyl_system_and_quasifree_state/03_quasifree_state_specialization/099_C053__regular_quasifree_provenance_state_prov/SECTION.tex	PLANNED	derivation/supplement/sections/05_presymplectic_completion_weyl_system_and_quasifree_state/03_quasifree_state_specialization/099_C053__regular_quasifree_provenance_state_prov	derivation/supplement/sections/05_presymplectic_completion_weyl_system_and_quasifree_state/03_quasifree_state_specialization/099_C053__regular_quasifree_provenance_state_prov/DOCUMENTATION.md	PLANNED	PASS
100	P034	5.3.1.1	100	derivation/paper/main/sections/05_presymplectic_completion_weyl_system_and_quasifree_state/03_quasifree_state_specialization/099_C053__regular_quasifree_provenance_state_prov/100_P034__quasifree_positivity_regularity_and_cylinder_consistency	derivation/paper/main/sections/05_presymplectic_completion_weyl_system_and_quasifree_state/03_quasifree_state_specialization/099_C053__regular_quasifree_provenance_state_prov/100_P034__quasifree_positivity_regularity_and_cylinder_consistency/SECTION.tex	PLANNED	derivation/supplement/sections/05_presymplectic_completion_weyl_system_and_quasifree_state/03_quasifree_state_specialization/099_C053__regular_quasifree_provenance_state_prov/100_P034__quasifree_positivity_regularity_and_cylinder_consistency	derivation/supplement/sections/05_presymplectic_completion_weyl_system_and_quasifree_state/03_quasifree_state_specialization/099_C053__regular_quasifree_provenance_state_prov/100_P034__quasifree_positivity_regularity_and_cylinder_consistency/DOCUMENTATION.md	PLANNED	PASS
101	C055	5.4.1	101	derivation/paper/main/sections/05_presymplectic_completion_weyl_system_and_quasifree_state/04_local_cone_completion_and_injectivity/101_C055__local_descendant_cone_hilbert_completion	derivation/paper/main/sections/05_presymplectic_completion_weyl_system_and_quasifree_state/04_local_cone_completion_and_injectivity/101_C055__local_descendant_cone_hilbert_completion/SECTION.tex	PLANNED	derivation/supplement/sections/05_presymplectic_completion_weyl_system_and_quasifree_state/04_local_cone_completion_and_injectivity/101_C055__local_descendant_cone_hilbert_completion	derivation/supplement/sections/05_presymplectic_completion_weyl_system_and_quasifree_state/04_local_cone_completion_and_injectivity/101_C055__local_descendant_cone_hilbert_completion/DOCUMENTATION.md	PLANNED	PASS
102	P035	5.4.1.1	102	derivation/paper/main/sections/05_presymplectic_completion_weyl_system_and_quasifree_state/04_local_cone_completion_and_injectivity/101_C055__local_descendant_cone_hilbert_completion/102_P035__local_cone_restriction_and_hilbert_completion_canonicity	derivation/paper/main/sections/05_presymplectic_completion_weyl_system_and_quasifree_state/04_local_cone_completion_and_injectivity/101_C055__local_descendant_cone_hilbert_completion/102_P035__local_cone_restriction_and_hilbert_completion_canonicity/SECTION.tex	PLANNED	derivation/supplement/sections/05_presymplectic_completion_weyl_system_and_quasifree_state/04_local_cone_completion_and_injectivity/101_C055__local_descendant_cone_hilbert_completion/102_P035__local_cone_restriction_and_hilbert_completion_canonicity	derivation/supplement/sections/05_presymplectic_completion_weyl_system_and_quasifree_state/04_local_cone_completion_and_injectivity/101_C055__local_descendant_cone_hilbert_completion/102_P035__local_cone_restriction_and_hilbert_completion_canonicity/DOCUMENTATION.md	PLANNED	PASS
103	C056	5.4.2	103	derivation/paper/main/sections/05_presymplectic_completion_weyl_system_and_quasifree_state/04_local_cone_completion_and_injectivity/103_C056__completed_local_injectivity_ker_k_p_0	derivation/paper/main/sections/05_presymplectic_completion_weyl_system_and_quasifree_state/04_local_cone_completion_and_injectivity/103_C056__completed_local_injectivity_ker_k_p_0/SECTION.tex	PLANNED	derivation/supplement/sections/05_presymplectic_completion_weyl_system_and_quasifree_state/04_local_cone_completion_and_injectivity/103_C056__completed_local_injectivity_ker_k_p_0	derivation/supplement/sections/05_presymplectic_completion_weyl_system_and_quasifree_state/04_local_cone_completion_and_injectivity/103_C056__completed_local_injectivity_ker_k_p_0/DOCUMENTATION.md	PLANNED	PASS
104	P036	5.4.2.1	104	derivation/paper/main/sections/05_presymplectic_completion_weyl_system_and_quasifree_state/04_local_cone_completion_and_injectivity/103_C056__completed_local_injectivity_ker_k_p_0/104_P036__ray_generating_function_injectivity_argument	derivation/paper/main/sections/05_presymplectic_completion_weyl_system_and_quasifree_state/04_local_cone_completion_and_injectivity/103_C056__completed_local_injectivity_ker_k_p_0/104_P036__ray_generating_function_injectivity_argument/SECTION.tex	PLANNED	derivation/supplement/sections/05_presymplectic_completion_weyl_system_and_quasifree_state/04_local_cone_completion_and_injectivity/103_C056__completed_local_injectivity_ker_k_p_0/104_P036__ray_generating_function_injectivity_argument	derivation/supplement/sections/05_presymplectic_completion_weyl_system_and_quasifree_state/04_local_cone_completion_and_injectivity/103_C056__completed_local_injectivity_ker_k_p_0/104_P036__ray_generating_function_injectivity_argument/DOCUMENTATION.md	PLANNED	PASS
105	P037	5.4.2.2	105	derivation/paper/main/sections/05_presymplectic_completion_weyl_system_and_quasifree_state/04_local_cone_completion_and_injectivity/103_C056__completed_local_injectivity_ker_k_p_0/105_P037__complete_remainder_estimate_and_completion_transfer	derivation/paper/main/sections/05_presymplectic_completion_weyl_system_and_quasifree_state/04_local_cone_completion_and_injectivity/103_C056__completed_local_injectivity_ker_k_p_0/105_P037__complete_remainder_estimate_and_completion_transfer/SECTION.tex	PLANNED	derivation/supplement/sections/05_presymplectic_completion_weyl_system_and_quasifree_state/04_local_cone_completion_and_injectivity/103_C056__completed_local_injectivity_ker_k_p_0/105_P037__complete_remainder_estimate_and_completion_transfer	derivation/supplement/sections/05_presymplectic_completion_weyl_system_and_quasifree_state/04_local_cone_completion_and_injectivity/103_C056__completed_local_injectivity_ker_k_p_0/105_P037__complete_remainder_estimate_and_completion_transfer/DOCUMENTATION.md	PLANNED	PASS
106	C057	6.1.1	106	derivation/paper/main/sections/06_local_operator_algebraic_specialization/01_gns_araki_woods_representation_and_type_classification/106_C057__gns_araki_woods_spectral_handoff	derivation/paper/main/sections/06_local_operator_algebraic_specialization/01_gns_araki_woods_representation_and_type_classification/106_C057__gns_araki_woods_spectral_handoff/SECTION.tex	PLANNED	derivation/supplement/sections/06_local_operator_algebraic_specialization/01_gns_araki_woods_representation_and_type_classification/106_C057__gns_araki_woods_spectral_handoff	derivation/supplement/sections/06_local_operator_algebraic_specialization/01_gns_araki_woods_representation_and_type_classification/106_C057__gns_araki_woods_spectral_handoff/DOCUMENTATION.md	PLANNED	PASS
107	P038	6.1.1.1	107	derivation/paper/main/sections/06_local_operator_algebraic_specialization/01_gns_araki_woods_representation_and_type_classification/106_C057__gns_araki_woods_spectral_handoff/107_P038__gns_existence_and_representation_handoff	derivation/paper/main/sections/06_local_operator_algebraic_specialization/01_gns_araki_woods_representation_and_type_classification/106_C057__gns_araki_woods_spectral_handoff/107_P038__gns_existence_and_representation_handoff/SECTION.tex	PLANNED	derivation/supplement/sections/06_local_operator_algebraic_specialization/01_gns_araki_woods_representation_and_type_classification/106_C057__gns_araki_woods_spectral_handoff/107_P038__gns_existence_and_representation_handoff	derivation/supplement/sections/06_local_operator_algebraic_specialization/01_gns_araki_woods_representation_and_type_classification/106_C057__gns_araki_woods_spectral_handoff/107_P038__gns_existence_and_representation_handoff/DOCUMENTATION.md	PLANNED	PASS
108	P039	6.1.1.2	108	derivation/paper/main/sections/06_local_operator_algebraic_specialization/01_gns_araki_woods_representation_and_type_classification/106_C057__gns_araki_woods_spectral_handoff/108_P039__araki_woods_realization_and_spectral_identification	derivation/paper/main/sections/06_local_operator_algebraic_specialization/01_gns_araki_woods_representation_and_type_classification/106_C057__gns_araki_woods_spectral_handoff/108_P039__araki_woods_realization_and_spectral_identification/SECTION.tex	PLANNED	derivation/supplement/sections/06_local_operator_algebraic_specialization/01_gns_araki_woods_representation_and_type_classification/106_C057__gns_araki_woods_spectral_handoff/108_P039__araki_woods_realization_and_spectral_identification	derivation/supplement/sections/06_local_operator_algebraic_specialization/01_gns_araki_woods_representation_and_type_classification/106_C057__gns_araki_woods_spectral_handoff/108_P039__araki_woods_realization_and_spectral_identification/DOCUMENTATION.md	PLANNED	PASS
109	C058	6.1.2	109	derivation/paper/main/sections/06_local_operator_algebraic_specialization/01_gns_araki_woods_representation_and_type_classification/109_C058__local_hyperfinite_type_iii_factor	derivation/paper/main/sections/06_local_operator_algebraic_specialization/01_gns_araki_woods_representation_and_type_classification/109_C058__local_hyperfinite_type_iii_factor/SECTION.tex	PLANNED	derivation/supplement/sections/06_local_operator_algebraic_specialization/01_gns_araki_woods_representation_and_type_classification/109_C058__local_hyperfinite_type_iii_factor	derivation/supplement/sections/06_local_operator_algebraic_specialization/01_gns_araki_woods_representation_and_type_classification/109_C058__local_hyperfinite_type_iii_factor/DOCUMENTATION.md	PLANNED	PASS
110	P040	6.1.2.1	110	derivation/paper/main/sections/06_local_operator_algebraic_specialization/01_gns_araki_woods_representation_and_type_classification/109_C058__local_hyperfinite_type_iii_factor/110_P040__local_factoriality_and_center_triviality	derivation/paper/main/sections/06_local_operator_algebraic_specialization/01_gns_araki_woods_representation_and_type_classification/109_C058__local_hyperfinite_type_iii_factor/110_P040__local_factoriality_and_center_triviality/SECTION.tex	PLANNED	derivation/supplement/sections/06_local_operator_algebraic_specialization/01_gns_araki_woods_representation_and_type_classification/109_C058__local_hyperfinite_type_iii_factor/110_P040__local_factoriality_and_center_triviality	derivation/supplement/sections/06_local_operator_algebraic_specialization/01_gns_araki_woods_representation_and_type_classification/109_C058__local_hyperfinite_type_iii_factor/110_P040__local_factoriality_and_center_triviality/DOCUMENTATION.md	PLANNED	PASS
111	P041	6.1.2.2	111	derivation/paper/main/sections/06_local_operator_algebraic_specialization/01_gns_araki_woods_representation_and_type_classification/109_C058__local_hyperfinite_type_iii_factor/111_P041__local_hyperfiniteness	derivation/paper/main/sections/06_local_operator_algebraic_specialization/01_gns_araki_woods_representation_and_type_classification/109_C058__local_hyperfinite_type_iii_factor/111_P041__local_hyperfiniteness/SECTION.tex	PLANNED	derivation/supplement/sections/06_local_operator_algebraic_specialization/01_gns_araki_woods_representation_and_type_classification/109_C058__local_hyperfinite_type_iii_factor/111_P041__local_hyperfiniteness	derivation/supplement/sections/06_local_operator_algebraic_specialization/01_gns_araki_woods_representation_and_type_classification/109_C058__local_hyperfinite_type_iii_factor/111_P041__local_hyperfiniteness/DOCUMENTATION.md	PLANNED	PASS
112	P042	6.1.2.3	112	derivation/paper/main/sections/06_local_operator_algebraic_specialization/01_gns_araki_woods_representation_and_type_classification/109_C058__local_hyperfinite_type_iii_factor/112_P042__type_iii1_ratio_set_classification	derivation/paper/main/sections/06_local_operator_algebraic_specialization/01_gns_araki_woods_representation_and_type_classification/109_C058__local_hyperfinite_type_iii_factor/112_P042__type_iii1_ratio_set_classification/SECTION.tex	PLANNED	derivation/supplement/sections/06_local_operator_algebraic_specialization/01_gns_araki_woods_representation_and_type_classification/109_C058__local_hyperfinite_type_iii_factor/112_P042__type_iii1_ratio_set_classification	derivation/supplement/sections/06_local_operator_algebraic_specialization/01_gns_araki_woods_representation_and_type_classification/109_C058__local_hyperfinite_type_iii_factor/112_P042__type_iii1_ratio_set_classification/DOCUMENTATION.md	PLANNED	PASS
113	C059	6.2.1	113	derivation/paper/main/sections/06_local_operator_algebraic_specialization/02_complement_factorization_finite_interface_and_split_structure/113_C059__finite_active_interface_taxonomy_for_descendant_cones	derivation/paper/main/sections/06_local_operator_algebraic_specialization/02_complement_factorization_finite_interface_and_split_structure/113_C059__finite_active_interface_taxonomy_for_descendant_cones/SECTION.tex	PLANNED	derivation/supplement/sections/06_local_operator_algebraic_specialization/02_complement_factorization_finite_interface_and_split_structure/113_C059__finite_active_interface_taxonomy_for_descendant_cones	derivation/supplement/sections/06_local_operator_algebraic_specialization/02_complement_factorization_finite_interface_and_split_structure/113_C059__finite_active_interface_taxonomy_for_descendant_cones/DOCUMENTATION.md	PLANNED	PASS
114	P043	6.2.1.1	114	derivation/paper/main/sections/06_local_operator_algebraic_specialization/02_complement_factorization_finite_interface_and_split_structure/113_C059__finite_active_interface_taxonomy_for_descendant_cones/114_P043__finite_interface_taxonomy_exhaustivity_and_disjointness	derivation/paper/main/sections/06_local_operator_algebraic_specialization/02_complement_factorization_finite_interface_and_split_structure/113_C059__finite_active_interface_taxonomy_for_descendant_cones/114_P043__finite_interface_taxonomy_exhaustivity_and_disjointness/SECTION.tex	PLANNED	derivation/supplement/sections/06_local_operator_algebraic_specialization/02_complement_factorization_finite_interface_and_split_structure/113_C059__finite_active_interface_taxonomy_for_descendant_cones/114_P043__finite_interface_taxonomy_exhaustivity_and_disjointness	derivation/supplement/sections/06_local_operator_algebraic_specialization/02_complement_factorization_finite_interface_and_split_structure/113_C059__finite_active_interface_taxonomy_for_descendant_cones/114_P043__finite_interface_taxonomy_exhaustivity_and_disjointness/DOCUMENTATION.md	PLANNED	PASS
115	C060	6.2.2	115	derivation/paper/main/sections/06_local_operator_algebraic_specialization/02_complement_factorization_finite_interface_and_split_structure/115_C060__exact_complement_split_chain	derivation/paper/main/sections/06_local_operator_algebraic_specialization/02_complement_factorization_finite_interface_and_split_structure/115_C060__exact_complement_split_chain/SECTION.tex	PLANNED	derivation/supplement/sections/06_local_operator_algebraic_specialization/02_complement_factorization_finite_interface_and_split_structure/115_C060__exact_complement_split_chain	derivation/supplement/sections/06_local_operator_algebraic_specialization/02_complement_factorization_finite_interface_and_split_structure/115_C060__exact_complement_split_chain/DOCUMENTATION.md	PLANNED	PASS
116	P044	6.2.2.1	116	derivation/paper/main/sections/06_local_operator_algebraic_specialization/02_complement_factorization_finite_interface_and_split_structure/115_C060__exact_complement_split_chain/116_P044__one_particle_complement_tensor_factorization	derivation/paper/main/sections/06_local_operator_algebraic_specialization/02_complement_factorization_finite_interface_and_split_structure/115_C060__exact_complement_split_chain/116_P044__one_particle_complement_tensor_factorization/SECTION.tex	PLANNED	derivation/supplement/sections/06_local_operator_algebraic_specialization/02_complement_factorization_finite_interface_and_split_structure/115_C060__exact_complement_split_chain/116_P044__one_particle_complement_tensor_factorization	derivation/supplement/sections/06_local_operator_algebraic_specialization/02_complement_factorization_finite_interface_and_split_structure/115_C060__exact_complement_split_chain/116_P044__one_particle_complement_tensor_factorization/DOCUMENTATION.md	PLANNED	PASS
117	P045	6.2.2.2	117	derivation/paper/main/sections/06_local_operator_algebraic_specialization/02_complement_factorization_finite_interface_and_split_structure/115_C060__exact_complement_split_chain/117_P045__type_i_interpolant_and_exact_iii1_i_iii1_inclusion	derivation/paper/main/sections/06_local_operator_algebraic_specialization/02_complement_factorization_finite_interface_and_split_structure/115_C060__exact_complement_split_chain/117_P045__type_i_interpolant_and_exact_iii1_i_iii1_inclusion/SECTION.tex	PLANNED	derivation/supplement/sections/06_local_operator_algebraic_specialization/02_complement_factorization_finite_interface_and_split_structure/115_C060__exact_complement_split_chain/117_P045__type_i_interpolant_and_exact_iii1_i_iii1_inclusion	derivation/supplement/sections/06_local_operator_algebraic_specialization/02_complement_factorization_finite_interface_and_split_structure/115_C060__exact_complement_split_chain/117_P045__type_i_interpolant_and_exact_iii1_i_iii1_inclusion/DOCUMENTATION.md	PLANNED	PASS
118	C061	6.2.3	118	derivation/paper/main/sections/06_local_operator_algebraic_specialization/02_complement_factorization_finite_interface_and_split_structure/118_C061__dual_complement_envelope_isotony	derivation/paper/main/sections/06_local_operator_algebraic_specialization/02_complement_factorization_finite_interface_and_split_structure/118_C061__dual_complement_envelope_isotony/SECTION.tex	PLANNED	derivation/supplement/sections/06_local_operator_algebraic_specialization/02_complement_factorization_finite_interface_and_split_structure/118_C061__dual_complement_envelope_isotony	derivation/supplement/sections/06_local_operator_algebraic_specialization/02_complement_factorization_finite_interface_and_split_structure/118_C061__dual_complement_envelope_isotony/DOCUMENTATION.md	PLANNED	PASS
119	P046	6.2.3.1	119	derivation/paper/main/sections/06_local_operator_algebraic_specialization/02_complement_factorization_finite_interface_and_split_structure/118_C061__dual_complement_envelope_isotony/119_P046__exterior_antitony_and_commutant_reversal_isotony	derivation/paper/main/sections/06_local_operator_algebraic_specialization/02_complement_factorization_finite_interface_and_split_structure/118_C061__dual_complement_envelope_isotony/119_P046__exterior_antitony_and_commutant_reversal_isotony/SECTION.tex	PLANNED	derivation/supplement/sections/06_local_operator_algebraic_specialization/02_complement_factorization_finite_interface_and_split_structure/118_C061__dual_complement_envelope_isotony/119_P046__exterior_antitony_and_commutant_reversal_isotony	derivation/supplement/sections/06_local_operator_algebraic_specialization/02_complement_factorization_finite_interface_and_split_structure/118_C061__dual_complement_envelope_isotony/119_P046__exterior_antitony_and_commutant_reversal_isotony/DOCUMENTATION.md	PLANNED	PASS
120	O090	6.3.1	120	derivation/paper/main/sections/06_local_operator_algebraic_specialization/03_rejected_completion_identifications/120_O090__counting_terminal_fock_identification_obstruction	derivation/paper/main/sections/06_local_operator_algebraic_specialization/03_rejected_completion_identifications/120_O090__counting_terminal_fock_identification_obstruction/SECTION.tex	PLANNED	derivation/supplement/sections/06_local_operator_algebraic_specialization/03_rejected_completion_identifications/120_O090__counting_terminal_fock_identification_obstruction	derivation/supplement/sections/06_local_operator_algebraic_specialization/03_rejected_completion_identifications/120_O090__counting_terminal_fock_identification_obstruction/DOCUMENTATION.md	PLANNED	PASS
121	O091	6.3.2	121	derivation/paper/main/sections/06_local_operator_algebraic_specialization/03_rejected_completion_identifications/121_O091__ontic_corner_schur_inductive_limit_obstruction	derivation/paper/main/sections/06_local_operator_algebraic_specialization/03_rejected_completion_identifications/121_O091__ontic_corner_schur_inductive_limit_obstruction/SECTION.tex	PLANNED	derivation/supplement/sections/06_local_operator_algebraic_specialization/03_rejected_completion_identifications/121_O091__ontic_corner_schur_inductive_limit_obstruction	derivation/supplement/sections/06_local_operator_algebraic_specialization/03_rejected_completion_identifications/121_O091__ontic_corner_schur_inductive_limit_obstruction/DOCUMENTATION.md	PLANNED	PASS
122	O071	7.1.1	122	derivation/paper/main/sections/07_emergent_geometry_and_hodge_hk_branch/01_geometry_selector_obstruction_and_canonical_selector/122_O071__geometry_interface_canonicity_obstruction	derivation/paper/main/sections/07_emergent_geometry_and_hodge_hk_branch/01_geometry_selector_obstruction_and_canonical_selector/122_O071__geometry_interface_canonicity_obstruction/SECTION.tex	PLANNED	derivation/supplement/sections/07_emergent_geometry_and_hodge_hk_branch/01_geometry_selector_obstruction_and_canonical_selector/122_O071__geometry_interface_canonicity_obstruction	derivation/supplement/sections/07_emergent_geometry_and_hodge_hk_branch/01_geometry_selector_obstruction_and_canonical_selector/122_O071__geometry_interface_canonicity_obstruction/DOCUMENTATION.md	PLANNED	PASS
123	M070	7.1.2	123	derivation/paper/main/sections/07_emergent_geometry_and_hodge_hk_branch/01_geometry_selector_obstruction_and_canonical_selector/123_M070__canonical_emergent_interface_geometry_selector	derivation/paper/main/sections/07_emergent_geometry_and_hodge_hk_branch/01_geometry_selector_obstruction_and_canonical_selector/123_M070__canonical_emergent_interface_geometry_selector/SECTION.tex	PLANNED	derivation/supplement/sections/07_emergent_geometry_and_hodge_hk_branch/01_geometry_selector_obstruction_and_canonical_selector/123_M070__canonical_emergent_interface_geometry_selector	derivation/supplement/sections/07_emergent_geometry_and_hodge_hk_branch/01_geometry_selector_obstruction_and_canonical_selector/123_M070__canonical_emergent_interface_geometry_selector/DOCUMENTATION.md	PLANNED	PASS
124	P047	7.1.2.1	124	derivation/paper/main/sections/07_emergent_geometry_and_hodge_hk_branch/01_geometry_selector_obstruction_and_canonical_selector/123_M070__canonical_emergent_interface_geometry_selector/124_P047__canonical_geometry_interface_selector_existence	derivation/paper/main/sections/07_emergent_geometry_and_hodge_hk_branch/01_geometry_selector_obstruction_and_canonical_selector/123_M070__canonical_emergent_interface_geometry_selector/124_P047__canonical_geometry_interface_selector_existence/SECTION.tex	PLANNED	derivation/supplement/sections/07_emergent_geometry_and_hodge_hk_branch/01_geometry_selector_obstruction_and_canonical_selector/123_M070__canonical_emergent_interface_geometry_selector/124_P047__canonical_geometry_interface_selector_existence	derivation/supplement/sections/07_emergent_geometry_and_hodge_hk_branch/01_geometry_selector_obstruction_and_canonical_selector/123_M070__canonical_emergent_interface_geometry_selector/124_P047__canonical_geometry_interface_selector_existence/DOCUMENTATION.md	PLANNED	PASS
125	P048	7.1.2.2	125	derivation/paper/main/sections/07_emergent_geometry_and_hodge_hk_branch/01_geometry_selector_obstruction_and_canonical_selector/123_M070__canonical_emergent_interface_geometry_selector/125_P048__geometry_selector_uniqueness_equivariance_and_naturality	derivation/paper/main/sections/07_emergent_geometry_and_hodge_hk_branch/01_geometry_selector_obstruction_and_canonical_selector/123_M070__canonical_emergent_interface_geometry_selector/125_P048__geometry_selector_uniqueness_equivariance_and_naturality/SECTION.tex	PLANNED	derivation/supplement/sections/07_emergent_geometry_and_hodge_hk_branch/01_geometry_selector_obstruction_and_canonical_selector/123_M070__canonical_emergent_interface_geometry_selector/125_P048__geometry_selector_uniqueness_equivariance_and_naturality	derivation/supplement/sections/07_emergent_geometry_and_hodge_hk_branch/01_geometry_selector_obstruction_and_canonical_selector/123_M070__canonical_emergent_interface_geometry_selector/125_P048__geometry_selector_uniqueness_equivariance_and_naturality/DOCUMENTATION.md	PLANNED	PASS
126	B071	7.2.1	126	derivation/paper/main/sections/07_emergent_geometry_and_hodge_hk_branch/02_hodge_hk_specialization_branch/126_B071__hodge_geometric_locality_hk_geometry_branch	derivation/paper/main/sections/07_emergent_geometry_and_hodge_hk_branch/02_hodge_hk_specialization_branch/126_B071__hodge_geometric_locality_hk_geometry_branch/SECTION.tex	PLANNED	derivation/supplement/sections/07_emergent_geometry_and_hodge_hk_branch/02_hodge_hk_specialization_branch/126_B071__hodge_geometric_locality_hk_geometry_branch	derivation/supplement/sections/07_emergent_geometry_and_hodge_hk_branch/02_hodge_hk_specialization_branch/126_B071__hodge_geometric_locality_hk_geometry_branch/DOCUMENTATION.md	PLANNED	PASS
127	M080	8.1.1	127	derivation/paper/main/sections/08_modular_aqft_specialization_and_purity_gates/01_standardness_modular_flow_and_native_provenance_action/127_M080__local_standardness_of_m_o	derivation/paper/main/sections/08_modular_aqft_specialization_and_purity_gates/01_standardness_modular_flow_and_native_provenance_action/127_M080__local_standardness_of_m_o/SECTION.tex	PLANNED	derivation/supplement/sections/08_modular_aqft_specialization_and_purity_gates/01_standardness_modular_flow_and_native_provenance_action/127_M080__local_standardness_of_m_o	derivation/supplement/sections/08_modular_aqft_specialization_and_purity_gates/01_standardness_modular_flow_and_native_provenance_action/127_M080__local_standardness_of_m_o/DOCUMENTATION.md	PLANNED	PASS
128	P049	8.1.1.1	128	derivation/paper/main/sections/08_modular_aqft_specialization_and_purity_gates/01_standardness_modular_flow_and_native_provenance_action/127_M080__local_standardness_of_m_o/128_P049__local_cyclicity_of_the_gns_vector	derivation/paper/main/sections/08_modular_aqft_specialization_and_purity_gates/01_standardness_modular_flow_and_native_provenance_action/127_M080__local_standardness_of_m_o/128_P049__local_cyclicity_of_the_gns_vector/SECTION.tex	PLANNED	derivation/supplement/sections/08_modular_aqft_specialization_and_purity_gates/01_standardness_modular_flow_and_native_provenance_action/127_M080__local_standardness_of_m_o/128_P049__local_cyclicity_of_the_gns_vector	derivation/supplement/sections/08_modular_aqft_specialization_and_purity_gates/01_standardness_modular_flow_and_native_provenance_action/127_M080__local_standardness_of_m_o/128_P049__local_cyclicity_of_the_gns_vector/DOCUMENTATION.md	PLANNED	PASS
129	P050	8.1.1.2	129	derivation/paper/main/sections/08_modular_aqft_specialization_and_purity_gates/01_standardness_modular_flow_and_native_provenance_action/127_M080__local_standardness_of_m_o/129_P050__local_separatingness_of_the_gns_vector	derivation/paper/main/sections/08_modular_aqft_specialization_and_purity_gates/01_standardness_modular_flow_and_native_provenance_action/127_M080__local_standardness_of_m_o/129_P050__local_separatingness_of_the_gns_vector/SECTION.tex	PLANNED	derivation/supplement/sections/08_modular_aqft_specialization_and_purity_gates/01_standardness_modular_flow_and_native_provenance_action/127_M080__local_standardness_of_m_o/129_P050__local_separatingness_of_the_gns_vector	derivation/supplement/sections/08_modular_aqft_specialization_and_purity_gates/01_standardness_modular_flow_and_native_provenance_action/127_M080__local_standardness_of_m_o/129_P050__local_separatingness_of_the_gns_vector/DOCUMENTATION.md	PLANNED	PASS
130	M082	8.1.2	130	derivation/paper/main/sections/08_modular_aqft_specialization_and_purity_gates/01_standardness_modular_flow_and_native_provenance_action/130_M082__derived_local_modular_flow	derivation/paper/main/sections/08_modular_aqft_specialization_and_purity_gates/01_standardness_modular_flow_and_native_provenance_action/130_M082__derived_local_modular_flow/SECTION.tex	PLANNED	derivation/supplement/sections/08_modular_aqft_specialization_and_purity_gates/01_standardness_modular_flow_and_native_provenance_action/130_M082__derived_local_modular_flow	derivation/supplement/sections/08_modular_aqft_specialization_and_purity_gates/01_standardness_modular_flow_and_native_provenance_action/130_M082__derived_local_modular_flow/DOCUMENTATION.md	PLANNED	PASS
131	P051	8.1.2.1	131	derivation/paper/main/sections/08_modular_aqft_specialization_and_purity_gates/01_standardness_modular_flow_and_native_provenance_action/130_M082__derived_local_modular_flow/131_P051__tomita_operator_closure_and_polar_decomposition	derivation/paper/main/sections/08_modular_aqft_specialization_and_purity_gates/01_standardness_modular_flow_and_native_provenance_action/130_M082__derived_local_modular_flow/131_P051__tomita_operator_closure_and_polar_decomposition/SECTION.tex	PLANNED	derivation/supplement/sections/08_modular_aqft_specialization_and_purity_gates/01_standardness_modular_flow_and_native_provenance_action/130_M082__derived_local_modular_flow/131_P051__tomita_operator_closure_and_polar_decomposition	derivation/supplement/sections/08_modular_aqft_specialization_and_purity_gates/01_standardness_modular_flow_and_native_provenance_action/130_M082__derived_local_modular_flow/131_P051__tomita_operator_closure_and_polar_decomposition/DOCUMENTATION.md	PLANNED	PASS
132	P052	8.1.2.2	132	derivation/paper/main/sections/08_modular_aqft_specialization_and_purity_gates/01_standardness_modular_flow_and_native_provenance_action/130_M082__derived_local_modular_flow/132_P052__local_modular_automorphism_group_and_net_compatibility	derivation/paper/main/sections/08_modular_aqft_specialization_and_purity_gates/01_standardness_modular_flow_and_native_provenance_action/130_M082__derived_local_modular_flow/132_P052__local_modular_automorphism_group_and_net_compatibility/SECTION.tex	PLANNED	derivation/supplement/sections/08_modular_aqft_specialization_and_purity_gates/01_standardness_modular_flow_and_native_provenance_action/130_M082__derived_local_modular_flow/132_P052__local_modular_automorphism_group_and_net_compatibility	derivation/supplement/sections/08_modular_aqft_specialization_and_purity_gates/01_standardness_modular_flow_and_native_provenance_action/130_M082__derived_local_modular_flow/132_P052__local_modular_automorphism_group_and_net_compatibility/DOCUMENTATION.md	PLANNED	PASS
133	O081	8.1.3	133	derivation/paper/main/sections/08_modular_aqft_specialization_and_purity_gates/01_standardness_modular_flow_and_native_provenance_action/133_O081__global_native_modular_conjugation_lift_obstruction	derivation/paper/main/sections/08_modular_aqft_specialization_and_purity_gates/01_standardness_modular_flow_and_native_provenance_action/133_O081__global_native_modular_conjugation_lift_obstruction/SECTION.tex	PLANNED	derivation/supplement/sections/08_modular_aqft_specialization_and_purity_gates/01_standardness_modular_flow_and_native_provenance_action/133_O081__global_native_modular_conjugation_lift_obstruction	derivation/supplement/sections/08_modular_aqft_specialization_and_purity_gates/01_standardness_modular_flow_and_native_provenance_action/133_O081__global_native_modular_conjugation_lift_obstruction/DOCUMENTATION.md	PLANNED	PASS
134	O092	8.1.4	134	derivation/paper/main/sections/08_modular_aqft_specialization_and_purity_gates/01_standardness_modular_flow_and_native_provenance_action/134_O092__k_selected_polarization_uniqueness_compatibility_obstruction	derivation/paper/main/sections/08_modular_aqft_specialization_and_purity_gates/01_standardness_modular_flow_and_native_provenance_action/134_O092__k_selected_polarization_uniqueness_compatibility_obstruction/SECTION.tex	PLANNED	derivation/supplement/sections/08_modular_aqft_specialization_and_purity_gates/01_standardness_modular_flow_and_native_provenance_action/134_O092__k_selected_polarization_uniqueness_compatibility_obstruction	derivation/supplement/sections/08_modular_aqft_specialization_and_purity_gates/01_standardness_modular_flow_and_native_provenance_action/134_O092__k_selected_polarization_uniqueness_compatibility_obstruction/DOCUMENTATION.md	PLANNED	PASS
135	M086	8.1.5	135	derivation/paper/main/sections/08_modular_aqft_specialization_and_purity_gates/01_standardness_modular_flow_and_native_provenance_action/135_M086__native_provenance_realization_of_the_local_modular_action	derivation/paper/main/sections/08_modular_aqft_specialization_and_purity_gates/01_standardness_modular_flow_and_native_provenance_action/135_M086__native_provenance_realization_of_the_local_modular_action/SECTION.tex	PLANNED	derivation/supplement/sections/08_modular_aqft_specialization_and_purity_gates/01_standardness_modular_flow_and_native_provenance_action/135_M086__native_provenance_realization_of_the_local_modular_action	derivation/supplement/sections/08_modular_aqft_specialization_and_purity_gates/01_standardness_modular_flow_and_native_provenance_action/135_M086__native_provenance_realization_of_the_local_modular_action/DOCUMENTATION.md	PLANNED	PASS
136	P053	8.1.5.1	136	derivation/paper/main/sections/08_modular_aqft_specialization_and_purity_gates/01_standardness_modular_flow_and_native_provenance_action/135_M086__native_provenance_realization_of_the_local_modular_action/136_P053__native_provenance_action_realization_and_intertwining	derivation/paper/main/sections/08_modular_aqft_specialization_and_purity_gates/01_standardness_modular_flow_and_native_provenance_action/135_M086__native_provenance_realization_of_the_local_modular_action/136_P053__native_provenance_action_realization_and_intertwining/SECTION.tex	PLANNED	derivation/supplement/sections/08_modular_aqft_specialization_and_purity_gates/01_standardness_modular_flow_and_native_provenance_action/135_M086__native_provenance_realization_of_the_local_modular_action/136_P053__native_provenance_action_realization_and_intertwining	derivation/supplement/sections/08_modular_aqft_specialization_and_purity_gates/01_standardness_modular_flow_and_native_provenance_action/135_M086__native_provenance_realization_of_the_local_modular_action/136_P053__native_provenance_action_realization_and_intertwining/DOCUMENTATION.md	PLANNED	PASS
137	P054	8.1.5.2	137	derivation/paper/main/sections/08_modular_aqft_specialization_and_purity_gates/01_standardness_modular_flow_and_native_provenance_action/135_M086__native_provenance_realization_of_the_local_modular_action/137_P054__native_modular_action_canonicity_and_choice_independence	derivation/paper/main/sections/08_modular_aqft_specialization_and_purity_gates/01_standardness_modular_flow_and_native_provenance_action/135_M086__native_provenance_realization_of_the_local_modular_action/137_P054__native_modular_action_canonicity_and_choice_independence/SECTION.tex	PLANNED	derivation/supplement/sections/08_modular_aqft_specialization_and_purity_gates/01_standardness_modular_flow_and_native_provenance_action/135_M086__native_provenance_realization_of_the_local_modular_action/137_P054__native_modular_action_canonicity_and_choice_independence	derivation/supplement/sections/08_modular_aqft_specialization_and_purity_gates/01_standardness_modular_flow_and_native_provenance_action/135_M086__native_provenance_realization_of_the_local_modular_action/137_P054__native_modular_action_canonicity_and_choice_independence/DOCUMENTATION.md	PLANNED	PASS
138	M083	8.2.1	138	derivation/paper/main/sections/08_modular_aqft_specialization_and_purity_gates/02_aqft_covariance_and_spectrum/138_M083__covariance_group_and_spectrum_condition	derivation/paper/main/sections/08_modular_aqft_specialization_and_purity_gates/02_aqft_covariance_and_spectrum/138_M083__covariance_group_and_spectrum_condition/SECTION.tex	PLANNED	derivation/supplement/sections/08_modular_aqft_specialization_and_purity_gates/02_aqft_covariance_and_spectrum/138_M083__covariance_group_and_spectrum_condition	derivation/supplement/sections/08_modular_aqft_specialization_and_purity_gates/02_aqft_covariance_and_spectrum/138_M083__covariance_group_and_spectrum_condition/DOCUMENTATION.md	PLANNED	PASS
139	P055	8.2.1.1	139	derivation/paper/main/sections/08_modular_aqft_specialization_and_purity_gates/02_aqft_covariance_and_spectrum/138_M083__covariance_group_and_spectrum_condition/139_P055__covariance_automorphism_group	derivation/paper/main/sections/08_modular_aqft_specialization_and_purity_gates/02_aqft_covariance_and_spectrum/138_M083__covariance_group_and_spectrum_condition/139_P055__covariance_automorphism_group/SECTION.tex	PLANNED	derivation/supplement/sections/08_modular_aqft_specialization_and_purity_gates/02_aqft_covariance_and_spectrum/138_M083__covariance_group_and_spectrum_condition/139_P055__covariance_automorphism_group	derivation/supplement/sections/08_modular_aqft_specialization_and_purity_gates/02_aqft_covariance_and_spectrum/138_M083__covariance_group_and_spectrum_condition/139_P055__covariance_automorphism_group/DOCUMENTATION.md	PLANNED	PASS
140	P056	8.2.1.2	140	derivation/paper/main/sections/08_modular_aqft_specialization_and_purity_gates/02_aqft_covariance_and_spectrum/138_M083__covariance_group_and_spectrum_condition/140_P056__positive_generator_of_the_covariance_group	derivation/paper/main/sections/08_modular_aqft_specialization_and_purity_gates/02_aqft_covariance_and_spectrum/138_M083__covariance_group_and_spectrum_condition/140_P056__positive_generator_of_the_covariance_group/SECTION.tex	PLANNED	derivation/supplement/sections/08_modular_aqft_specialization_and_purity_gates/02_aqft_covariance_and_spectrum/138_M083__covariance_group_and_spectrum_condition/140_P056__positive_generator_of_the_covariance_group	derivation/supplement/sections/08_modular_aqft_specialization_and_purity_gates/02_aqft_covariance_and_spectrum/138_M083__covariance_group_and_spectrum_condition/140_P056__positive_generator_of_the_covariance_group/DOCUMENTATION.md	PLANNED	PASS
141	P057	8.2.1.3	141	derivation/paper/main/sections/08_modular_aqft_specialization_and_purity_gates/02_aqft_covariance_and_spectrum/138_M083__covariance_group_and_spectrum_condition/141_P057__spectrum_condition	derivation/paper/main/sections/08_modular_aqft_specialization_and_purity_gates/02_aqft_covariance_and_spectrum/138_M083__covariance_group_and_spectrum_condition/141_P057__spectrum_condition/SECTION.tex	PLANNED	derivation/supplement/sections/08_modular_aqft_specialization_and_purity_gates/02_aqft_covariance_and_spectrum/138_M083__covariance_group_and_spectrum_condition/141_P057__spectrum_condition	derivation/supplement/sections/08_modular_aqft_specialization_and_purity_gates/02_aqft_covariance_and_spectrum/138_M083__covariance_group_and_spectrum_condition/141_P057__spectrum_condition/DOCUMENTATION.md	PLANNED	PASS
142	O084	8.3.1	142	derivation/paper/main/sections/08_modular_aqft_specialization_and_purity_gates/03_purity_gate/142_O084__prov_purity_obstruction	derivation/paper/main/sections/08_modular_aqft_specialization_and_purity_gates/03_purity_gate/142_O084__prov_purity_obstruction/SECTION.tex	PLANNED	derivation/supplement/sections/08_modular_aqft_specialization_and_purity_gates/03_purity_gate/142_O084__prov_purity_obstruction	derivation/supplement/sections/08_modular_aqft_specialization_and_purity_gates/03_purity_gate/142_O084__prov_purity_obstruction/DOCUMENTATION.md	PLANNED	PASS
143	M085	8.3.2	143	derivation/paper/main/sections/08_modular_aqft_specialization_and_purity_gates/03_purity_gate/143_M085__canonical_purification_pure_global_state_branch	derivation/paper/main/sections/08_modular_aqft_specialization_and_purity_gates/03_purity_gate/143_M085__canonical_purification_pure_global_state_branch/SECTION.tex	PLANNED	derivation/supplement/sections/08_modular_aqft_specialization_and_purity_gates/03_purity_gate/143_M085__canonical_purification_pure_global_state_branch	derivation/supplement/sections/08_modular_aqft_specialization_and_purity_gates/03_purity_gate/143_M085__canonical_purification_pure_global_state_branch/DOCUMENTATION.md	PLANNED	PASS
144	P058	8.3.2.1	144	derivation/paper/main/sections/08_modular_aqft_specialization_and_purity_gates/03_purity_gate/143_M085__canonical_purification_pure_global_state_branch/144_P058__purification_or_pure_global_state_existence	derivation/paper/main/sections/08_modular_aqft_specialization_and_purity_gates/03_purity_gate/143_M085__canonical_purification_pure_global_state_branch/144_P058__purification_or_pure_global_state_existence/SECTION.tex	PLANNED	derivation/supplement/sections/08_modular_aqft_specialization_and_purity_gates/03_purity_gate/143_M085__canonical_purification_pure_global_state_branch/144_P058__purification_or_pure_global_state_existence	derivation/supplement/sections/08_modular_aqft_specialization_and_purity_gates/03_purity_gate/143_M085__canonical_purification_pure_global_state_branch/144_P058__purification_or_pure_global_state_existence/DOCUMENTATION.md	PLANNED	PASS
145	P059	8.3.2.2	145	derivation/paper/main/sections/08_modular_aqft_specialization_and_purity_gates/03_purity_gate/143_M085__canonical_purification_pure_global_state_branch/145_P059__purification_canonicity_and_no_free_choice_theorem	derivation/paper/main/sections/08_modular_aqft_specialization_and_purity_gates/03_purity_gate/143_M085__canonical_purification_pure_global_state_branch/145_P059__purification_canonicity_and_no_free_choice_theorem/SECTION.tex	PLANNED	derivation/supplement/sections/08_modular_aqft_specialization_and_purity_gates/03_purity_gate/143_M085__canonical_purification_pure_global_state_branch/145_P059__purification_canonicity_and_no_free_choice_theorem	derivation/supplement/sections/08_modular_aqft_specialization_and_purity_gates/03_purity_gate/143_M085__canonical_purification_pure_global_state_branch/145_P059__purification_canonicity_and_no_free_choice_theorem/DOCUMENTATION.md	PLANNED	PASS
