node_number	id	documentation_tier	anchor_number	layer	role	path	symbol	declaration_kind	start_line	end_line	source_sha256	resolution
001	I001	D0	1	python	SOURCE	derivation/code/python/src/cnna/derivation/s01_primitive_response_coupled_finite_provenance/s01_primitive_inputs_grammar_and_event_order/s01_i001__branching_parameter_b.py	BranchingParameter	CLASS	20	46	504e678397db5f6f969a5c69a6da9a2a36f34308201b0629b558331b453c1f69	RESOLVED
001	I001	D0	2	python_test	TEST	derivation/code/python/tests/derivation/s01_primitive_response_coupled_finite_provenance/s01_primitive_inputs_grammar_and_event_order/test_s01_i001__branching_parameter_b.py	TestBranchingParameter	CLASS	12	33	189ec3b317faa474ece1d2105eaeb347fee053f210fe0bd24c5e8d10106c7d9c	RESOLVED
001	I001	D0	3	lean_core	SOURCE	derivation/code/lean/core/src/CNNA/Derivation/S01_PrimitiveResponseCoupledFiniteProvenance/S01_PrimitiveInputsGrammarAndEventOrder/S01_I001_BranchingParameterB.lean	BranchingParameter	STRUCTURE	17	23	b826f2eca8aa535447d1c5c0090989d838ea30fac381e4c3c925b98c2bd96c96	RESOLVED
001	I001	D0	4	lean_core	SOURCE	derivation/code/lean/core/src/CNNA/Derivation/S01_PrimitiveResponseCoupledFiniteProvenance/S01_PrimitiveInputsGrammarAndEventOrder/S01_I001_BranchingParameterB.lean	lowerBound	THEOREM	24	27	b826f2eca8aa535447d1c5c0090989d838ea30fac381e4c3c925b98c2bd96c96	RESOLVED
001	I001	D0	5	lean_core	SOURCE	derivation/code/lean/core/src/CNNA/Derivation/S01_PrimitiveResponseCoupledFiniteProvenance/S01_PrimitiveInputsGrammarAndEventOrder/S01_I001_BranchingParameterB.lean	mk_value	THEOREM	28	34	b826f2eca8aa535447d1c5c0090989d838ea30fac381e4c3c925b98c2bd96c96	RESOLVED
002	I002	D0	1	python	SOURCE	derivation/code/python/src/cnna/derivation/s01_primitive_response_coupled_finite_provenance/s01_primitive_inputs_grammar_and_event_order/s02_i002__finite_approximant_depth_l.py	FiniteApproximantDepth	CLASS	20	46	f0f5fefe55d90835e8deead733579848d547b6b6df7e40b6491a1f578b64b326	RESOLVED
002	I002	D0	2	python_test	TEST	derivation/code/python/tests/derivation/s01_primitive_response_coupled_finite_provenance/s01_primitive_inputs_grammar_and_event_order/test_s02_i002__finite_approximant_depth_l.py	TestFiniteApproximantDepth	CLASS	12	33	8836bb6a9740dc29d66c65ea121d3e3dc2445764b6f28f61e8928b5b6f70772b	RESOLVED
002	I002	D0	3	lean_core	SOURCE	derivation/code/lean/core/src/CNNA/Derivation/S01_PrimitiveResponseCoupledFiniteProvenance/S01_PrimitiveInputsGrammarAndEventOrder/S02_I002_FiniteApproximantDepthL.lean	FiniteApproximantDepth	STRUCTURE	18	23	ae23109e12622fc6494aad18bc056bf59206d18199288c101520d9c58f5b99e8	RESOLVED
002	I002	D0	4	lean_core	SOURCE	derivation/code/lean/core/src/CNNA/Derivation/S01_PrimitiveResponseCoupledFiniteProvenance/S01_PrimitiveInputsGrammarAndEventOrder/S02_I002_FiniteApproximantDepthL.lean	mk_value	THEOREM	24	28	ae23109e12622fc6494aad18bc056bf59206d18199288c101520d9c58f5b99e8	RESOLVED
002	I002	D0	5	lean_core	SOURCE	derivation/code/lean/core/src/CNNA/Derivation/S01_PrimitiveResponseCoupledFiniteProvenance/S01_PrimitiveInputsGrammarAndEventOrder/S02_I002_FiniteApproximantDepthL.lean	zeroAdmissible	THEOREM	29	34	ae23109e12622fc6494aad18bc056bf59206d18199288c101520d9c58f5b99e8	RESOLVED
003	C001	D0	1	python	SOURCE	derivation/code/python/src/cnna/derivation/s01_primitive_response_coupled_finite_provenance/s01_primitive_inputs_grammar_and_event_order/s03_c001__empty_carrier_empty.py	EmptyCarrier	CLASS	23	52	ff6f7d36a4d2290b4007d27c384d2756bb8b6e61ed5618428f5faa30383d5ccc	RESOLVED
003	C001	D0	2	python_test	TEST	derivation/code/python/tests/derivation/s01_primitive_response_coupled_finite_provenance/s01_primitive_inputs_grammar_and_event_order/test_s03_c001__empty_carrier_empty.py	TestEmptyCarrier	CLASS	14	38	873b6eef6f8400448e914409f38c16ec657f021ade4b5b70761d2c7a9349aa93	RESOLVED
003	C001	D0	3	lean_core	SOURCE	derivation/code/lean/core/src/CNNA/Derivation/S01_PrimitiveResponseCoupledFiniteProvenance/S01_PrimitiveInputsGrammarAndEventOrder/S03_C001_EmptyCarrierEmpty.lean	EmptyCarrier	INDUCTIVE	21	26	d5e5daf9a0b04bb596666443a8c873a7a554bd35cf7f33229aab86e930595253	RESOLVED
003	C001	D0	4	lean_core	SOURCE	derivation/code/lean/core/src/CNNA/Derivation/S01_PrimitiveResponseCoupledFiniteProvenance/S01_PrimitiveInputsGrammarAndEventOrder/S03_C001_EmptyCarrierEmpty.lean	canonical	DEF	27	30	d5e5daf9a0b04bb596666443a8c873a7a554bd35cf7f33229aab86e930595253	RESOLVED
003	C001	D0	5	lean_core	SOURCE	derivation/code/lean/core/src/CNNA/Derivation/S01_PrimitiveResponseCoupledFiniteProvenance/S01_PrimitiveInputsGrammarAndEventOrder/S03_C001_EmptyCarrierEmpty.lean	ContainsNode	DEF	31	34	d5e5daf9a0b04bb596666443a8c873a7a554bd35cf7f33229aab86e930595253	RESOLVED
003	C001	D0	6	lean_core	SOURCE	derivation/code/lean/core/src/CNNA/Derivation/S01_PrimitiveResponseCoupledFiniteProvenance/S01_PrimitiveInputsGrammarAndEventOrder/S03_C001_EmptyCarrierEmpty.lean	ContainsRelation	DEF	35	39	d5e5daf9a0b04bb596666443a8c873a7a554bd35cf7f33229aab86e930595253	RESOLVED
003	C001	D0	7	lean_core	SOURCE	derivation/code/lean/core/src/CNNA/Derivation/S01_PrimitiveResponseCoupledFiniteProvenance/S01_PrimitiveInputsGrammarAndEventOrder/S03_C001_EmptyCarrierEmpty.lean	noNode	THEOREM	40	44	d5e5daf9a0b04bb596666443a8c873a7a554bd35cf7f33229aab86e930595253	RESOLVED
003	C001	D0	8	lean_core	SOURCE	derivation/code/lean/core/src/CNNA/Derivation/S01_PrimitiveResponseCoupledFiniteProvenance/S01_PrimitiveInputsGrammarAndEventOrder/S03_C001_EmptyCarrierEmpty.lean	noRelation	THEOREM	45	49	d5e5daf9a0b04bb596666443a8c873a7a554bd35cf7f33229aab86e930595253	RESOLVED
003	C001	D0	9	lean_core	SOURCE	derivation/code/lean/core/src/CNNA/Derivation/S01_PrimitiveResponseCoupledFiniteProvenance/S01_PrimitiveInputsGrammarAndEventOrder/S03_C001_EmptyCarrierEmpty.lean	eqCanonical	THEOREM	50	56	d5e5daf9a0b04bb596666443a8c873a7a554bd35cf7f33229aab86e930595253	RESOLVED
004	C002	D1	1	python	SOURCE	derivation/code/python/src/cnna/derivation/s01_primitive_response_coupled_finite_provenance/s01_primitive_inputs_grammar_and_event_order/s04_c002__root_genesis_r.py	Root	CLASS	22	23	889514d52db406e4a2ea975ecf9439e19fe52000431fce888ee98ced0b3482ef	RESOLVED
004	C002	D1	2	python	SOURCE	derivation/code/python/src/cnna/derivation/s01_primitive_response_coupled_finite_provenance/s01_primitive_inputs_grammar_and_event_order/s04_c002__root_genesis_r.py	RootedCarrier	CLASS	30	50	889514d52db406e4a2ea975ecf9439e19fe52000431fce888ee98ced0b3482ef	RESOLVED
004	C002	D1	3	python	SOURCE	derivation/code/python/src/cnna/derivation/s01_primitive_response_coupled_finite_provenance/s01_primitive_inputs_grammar_and_event_order/s04_c002__root_genesis_r.py	root_genesis	FUNCTION	56	65	889514d52db406e4a2ea975ecf9439e19fe52000431fce888ee98ced0b3482ef	RESOLVED
004	C002	D1	4	python_test	TEST	derivation/code/python/tests/derivation/s01_primitive_response_coupled_finite_provenance/s01_primitive_inputs_grammar_and_event_order/test_s04_c002__root_genesis_r.py	TestRootGenesis	CLASS	21	67	cbc246c9536122c79f031c7e79ea3f94bd39360c0566f1b58a3adf99ca5cf488	RESOLVED
004	C002	D1	5	lean_core	SOURCE	derivation/code/lean/core/src/CNNA/Derivation/S01_PrimitiveResponseCoupledFiniteProvenance/S01_PrimitiveInputsGrammarAndEventOrder/S04_C002_RootGenesisR.lean	Root	INDUCTIVE	22	27	f8e3f0a55eea3b91203686cfeb1950abddd39f5d66fb7c8e0b218a26863146a5	RESOLVED
004	C002	D1	6	lean_core	SOURCE	derivation/code/lean/core/src/CNNA/Derivation/S01_PrimitiveResponseCoupledFiniteProvenance/S01_PrimitiveInputsGrammarAndEventOrder/S04_C002_RootGenesisR.lean	canonical	DEF	28	31	f8e3f0a55eea3b91203686cfeb1950abddd39f5d66fb7c8e0b218a26863146a5	RESOLVED
004	C002	D1	7	lean_core	SOURCE	derivation/code/lean/core/src/CNNA/Derivation/S01_PrimitiveResponseCoupledFiniteProvenance/S01_PrimitiveInputsGrammarAndEventOrder/S04_C002_RootGenesisR.lean	eqCanonical	THEOREM	32	38	f8e3f0a55eea3b91203686cfeb1950abddd39f5d66fb7c8e0b218a26863146a5	RESOLVED
004	C002	D1	8	lean_core	SOURCE	derivation/code/lean/core/src/CNNA/Derivation/S01_PrimitiveResponseCoupledFiniteProvenance/S01_PrimitiveInputsGrammarAndEventOrder/S04_C002_RootGenesisR.lean	RootedCarrier	INDUCTIVE	39	44	f8e3f0a55eea3b91203686cfeb1950abddd39f5d66fb7c8e0b218a26863146a5	RESOLVED
004	C002	D1	9	lean_core	SOURCE	derivation/code/lean/core/src/CNNA/Derivation/S01_PrimitiveResponseCoupledFiniteProvenance/S01_PrimitiveInputsGrammarAndEventOrder/S04_C002_RootGenesisR.lean	canonical	DEF	45	48	f8e3f0a55eea3b91203686cfeb1950abddd39f5d66fb7c8e0b218a26863146a5	RESOLVED
004	C002	D1	10	lean_core	SOURCE	derivation/code/lean/core/src/CNNA/Derivation/S01_PrimitiveResponseCoupledFiniteProvenance/S01_PrimitiveInputsGrammarAndEventOrder/S04_C002_RootGenesisR.lean	ContainsNode	DEF	49	52	f8e3f0a55eea3b91203686cfeb1950abddd39f5d66fb7c8e0b218a26863146a5	RESOLVED
004	C002	D1	11	lean_core	SOURCE	derivation/code/lean/core/src/CNNA/Derivation/S01_PrimitiveResponseCoupledFiniteProvenance/S01_PrimitiveInputsGrammarAndEventOrder/S04_C002_RootGenesisR.lean	ContainsRelation	DEF	53	57	f8e3f0a55eea3b91203686cfeb1950abddd39f5d66fb7c8e0b218a26863146a5	RESOLVED
004	C002	D1	12	lean_core	SOURCE	derivation/code/lean/core/src/CNNA/Derivation/S01_PrimitiveResponseCoupledFiniteProvenance/S01_PrimitiveInputsGrammarAndEventOrder/S04_C002_RootGenesisR.lean	HasParent	DEF	58	62	f8e3f0a55eea3b91203686cfeb1950abddd39f5d66fb7c8e0b218a26863146a5	RESOLVED
004	C002	D1	13	lean_core	SOURCE	derivation/code/lean/core/src/CNNA/Derivation/S01_PrimitiveResponseCoupledFiniteProvenance/S01_PrimitiveInputsGrammarAndEventOrder/S04_C002_RootGenesisR.lean	HasGeometricPosition	DEF	63	67	f8e3f0a55eea3b91203686cfeb1950abddd39f5d66fb7c8e0b218a26863146a5	RESOLVED
004	C002	D1	14	lean_core	SOURCE	derivation/code/lean/core/src/CNNA/Derivation/S01_PrimitiveResponseCoupledFiniteProvenance/S01_PrimitiveInputsGrammarAndEventOrder/S04_C002_RootGenesisR.lean	rootPresent	THEOREM	68	72	f8e3f0a55eea3b91203686cfeb1950abddd39f5d66fb7c8e0b218a26863146a5	RESOLVED
004	C002	D1	15	lean_core	SOURCE	derivation/code/lean/core/src/CNNA/Derivation/S01_PrimitiveResponseCoupledFiniteProvenance/S01_PrimitiveInputsGrammarAndEventOrder/S04_C002_RootGenesisR.lean	nodeUnique	THEOREM	73	77	f8e3f0a55eea3b91203686cfeb1950abddd39f5d66fb7c8e0b218a26863146a5	RESOLVED
004	C002	D1	16	lean_core	SOURCE	derivation/code/lean/core/src/CNNA/Derivation/S01_PrimitiveResponseCoupledFiniteProvenance/S01_PrimitiveInputsGrammarAndEventOrder/S04_C002_RootGenesisR.lean	noRelation	THEOREM	78	82	f8e3f0a55eea3b91203686cfeb1950abddd39f5d66fb7c8e0b218a26863146a5	RESOLVED
004	C002	D1	17	lean_core	SOURCE	derivation/code/lean/core/src/CNNA/Derivation/S01_PrimitiveResponseCoupledFiniteProvenance/S01_PrimitiveInputsGrammarAndEventOrder/S04_C002_RootGenesisR.lean	rootHasNoParent	THEOREM	83	88	f8e3f0a55eea3b91203686cfeb1950abddd39f5d66fb7c8e0b218a26863146a5	RESOLVED
004	C002	D1	18	lean_core	SOURCE	derivation/code/lean/core/src/CNNA/Derivation/S01_PrimitiveResponseCoupledFiniteProvenance/S01_PrimitiveInputsGrammarAndEventOrder/S04_C002_RootGenesisR.lean	rootHasNoGeometricPosition	THEOREM	89	94	f8e3f0a55eea3b91203686cfeb1950abddd39f5d66fb7c8e0b218a26863146a5	RESOLVED
004	C002	D1	19	lean_core	SOURCE	derivation/code/lean/core/src/CNNA/Derivation/S01_PrimitiveResponseCoupledFiniteProvenance/S01_PrimitiveInputsGrammarAndEventOrder/S04_C002_RootGenesisR.lean	eqCanonical	THEOREM	95	101	f8e3f0a55eea3b91203686cfeb1950abddd39f5d66fb7c8e0b218a26863146a5	RESOLVED
004	C002	D1	20	lean_core	SOURCE	derivation/code/lean/core/src/CNNA/Derivation/S01_PrimitiveResponseCoupledFiniteProvenance/S01_PrimitiveInputsGrammarAndEventOrder/S04_C002_RootGenesisR.lean	rootGenesis	DEF	102	105	f8e3f0a55eea3b91203686cfeb1950abddd39f5d66fb7c8e0b218a26863146a5	RESOLVED
004	C002	D1	21	lean_core	SOURCE	derivation/code/lean/core/src/CNNA/Derivation/S01_PrimitiveResponseCoupledFiniteProvenance/S01_PrimitiveInputsGrammarAndEventOrder/S04_C002_RootGenesisR.lean	rootGenesis_canonical	THEOREM	106	110	f8e3f0a55eea3b91203686cfeb1950abddd39f5d66fb7c8e0b218a26863146a5	RESOLVED
004	C002	D1	22	lean_core	SOURCE	derivation/code/lean/core/src/CNNA/Derivation/S01_PrimitiveResponseCoupledFiniteProvenance/S01_PrimitiveInputsGrammarAndEventOrder/S04_C002_RootGenesisR.lean	rootGenesis_eqCanonical	THEOREM	111	115	f8e3f0a55eea3b91203686cfeb1950abddd39f5d66fb7c8e0b218a26863146a5	RESOLVED
005	C003	D1	1	python	SOURCE	derivation/code/python/src/cnna/derivation/s01_primitive_response_coupled_finite_provenance/s01_primitive_inputs_grammar_and_event_order/s05_c003__finite_b_ary_provenance_grammar.py	slot_alphabet	FUNCTION	35	39	fa2ad5221cd2131508b98d54673a4cb8324e673d50b339a8aab857b69fe435cb	RESOLVED
005	C003	D1	2	python	SOURCE	derivation/code/python/src/cnna/derivation/s01_primitive_response_coupled_finite_provenance/s01_primitive_inputs_grammar_and_event_order/s05_c003__finite_b_ary_provenance_grammar.py	validate_unbounded_address	FUNCTION	42	53	fa2ad5221cd2131508b98d54673a4cb8324e673d50b339a8aab857b69fe435cb	RESOLVED
005	C003	D1	3	python	SOURCE	derivation/code/python/src/cnna/derivation/s01_primitive_response_coupled_finite_provenance/s01_primitive_inputs_grammar_and_event_order/s05_c003__finite_b_ary_provenance_grammar.py	root_address	FUNCTION	56	58	fa2ad5221cd2131508b98d54673a4cb8324e673d50b339a8aab857b69fe435cb	RESOLVED
005	C003	D1	4	python	SOURCE	derivation/code/python/src/cnna/derivation/s01_primitive_response_coupled_finite_provenance/s01_primitive_inputs_grammar_and_event_order/s05_c003__finite_b_ary_provenance_grammar.py	child_address	FUNCTION	61	68	fa2ad5221cd2131508b98d54673a4cb8324e673d50b339a8aab857b69fe435cb	RESOLVED
005	C003	D1	5	python	SOURCE	derivation/code/python/src/cnna/derivation/s01_primitive_response_coupled_finite_provenance/s01_primitive_inputs_grammar_and_event_order/s05_c003__finite_b_ary_provenance_grammar.py	address_parent	FUNCTION	71	76	fa2ad5221cd2131508b98d54673a4cb8324e673d50b339a8aab857b69fe435cb	RESOLVED
005	C003	D1	6	python	SOURCE	derivation/code/python/src/cnna/derivation/s01_primitive_response_coupled_finite_provenance/s01_primitive_inputs_grammar_and_event_order/s05_c003__finite_b_ary_provenance_grammar.py	final_slot	FUNCTION	79	84	fa2ad5221cd2131508b98d54673a4cb8324e673d50b339a8aab857b69fe435cb	RESOLVED
005	C003	D1	7	python	SOURCE	derivation/code/python/src/cnna/derivation/s01_primitive_response_coupled_finite_provenance/s01_primitive_inputs_grammar_and_event_order/s05_c003__finite_b_ary_provenance_grammar.py	address_depth	FUNCTION	87	89	fa2ad5221cd2131508b98d54673a4cb8324e673d50b339a8aab857b69fe435cb	RESOLVED
005	C003	D1	8	python	SOURCE	derivation/code/python/src/cnna/derivation/s01_primitive_response_coupled_finite_provenance/s01_primitive_inputs_grammar_and_event_order/s05_c003__finite_b_ary_provenance_grammar.py	is_parent_of	FUNCTION	92	96	fa2ad5221cd2131508b98d54673a4cb8324e673d50b339a8aab857b69fe435cb	RESOLVED
005	C003	D1	9	python	SOURCE	derivation/code/python/src/cnna/derivation/s01_primitive_response_coupled_finite_provenance/s01_primitive_inputs_grammar_and_event_order/s05_c003__finite_b_ary_provenance_grammar.py	FiniteBAryProvenanceGrammar	CLASS	100	164	fa2ad5221cd2131508b98d54673a4cb8324e673d50b339a8aab857b69fe435cb	RESOLVED
005	C003	D1	10	python	SOURCE	derivation/code/python/src/cnna/derivation/s01_primitive_response_coupled_finite_provenance/s01_primitive_inputs_grammar_and_event_order/s05_c003__finite_b_ary_provenance_grammar.py	build_finite_b_ary_provenance_grammar	FUNCTION	167	173	fa2ad5221cd2131508b98d54673a4cb8324e673d50b339a8aab857b69fe435cb	RESOLVED
005	C003	D1	11	python_test	TEST	derivation/code/python/tests/derivation/s01_primitive_response_coupled_finite_provenance/s01_primitive_inputs_grammar_and_event_order/test_s05_c003__finite_b_ary_provenance_grammar.py	TestFiniteBAryProvenanceGrammar	CLASS	25	122	1d6630ef73e34981eacecbb02cd8100d8ae12f6aa5f28905ede76084fd02b581	RESOLVED
005	C003	D1	12	lean_core	SOURCE	derivation/code/lean/core/src/CNNA/Derivation/S01_PrimitiveResponseCoupledFiniteProvenance/S01_PrimitiveInputsGrammarAndEventOrder/S05_C003_FiniteBAryProvenanceGrammar.lean	ProvenanceSlot	ABBREV	26	28	81563345b44177915f32a03d6c42df7adfa1ca4176ab27d6569584105ad25866	RESOLVED
005	C003	D1	13	lean_core	SOURCE	derivation/code/lean/core/src/CNNA/Derivation/S01_PrimitiveResponseCoupledFiniteProvenance/S01_PrimitiveInputsGrammarAndEventOrder/S05_C003_FiniteBAryProvenanceGrammar.lean	ProvenanceAddress	ABBREV	29	33	81563345b44177915f32a03d6c42df7adfa1ca4176ab27d6569584105ad25866	RESOLVED
005	C003	D1	14	lean_core	SOURCE	derivation/code/lean/core/src/CNNA/Derivation/S01_PrimitiveResponseCoupledFiniteProvenance/S01_PrimitiveInputsGrammarAndEventOrder/S05_C003_FiniteBAryProvenanceGrammar.lean	root	DEF	34	37	81563345b44177915f32a03d6c42df7adfa1ca4176ab27d6569584105ad25866	RESOLVED
005	C003	D1	15	lean_core	SOURCE	derivation/code/lean/core/src/CNNA/Derivation/S01_PrimitiveResponseCoupledFiniteProvenance/S01_PrimitiveInputsGrammarAndEventOrder/S05_C003_FiniteBAryProvenanceGrammar.lean	snoc	DEF	38	42	81563345b44177915f32a03d6c42df7adfa1ca4176ab27d6569584105ad25866	RESOLVED
005	C003	D1	16	lean_core	SOURCE	derivation/code/lean/core/src/CNNA/Derivation/S01_PrimitiveResponseCoupledFiniteProvenance/S01_PrimitiveInputsGrammarAndEventOrder/S05_C003_FiniteBAryProvenanceGrammar.lean	depth	DEF	43	46	81563345b44177915f32a03d6c42df7adfa1ca4176ab27d6569584105ad25866	RESOLVED
005	C003	D1	17	lean_core	SOURCE	derivation/code/lean/core/src/CNNA/Derivation/S01_PrimitiveResponseCoupledFiniteProvenance/S01_PrimitiveInputsGrammarAndEventOrder/S05_C003_FiniteBAryProvenanceGrammar.lean	depth_root	THEOREM	47	50	81563345b44177915f32a03d6c42df7adfa1ca4176ab27d6569584105ad25866	RESOLVED
005	C003	D1	18	lean_core	SOURCE	derivation/code/lean/core/src/CNNA/Derivation/S01_PrimitiveResponseCoupledFiniteProvenance/S01_PrimitiveInputsGrammarAndEventOrder/S05_C003_FiniteBAryProvenanceGrammar.lean	depth_snoc	THEOREM	51	60	81563345b44177915f32a03d6c42df7adfa1ca4176ab27d6569584105ad25866	RESOLVED
005	C003	D1	19	lean_core	SOURCE	derivation/code/lean/core/src/CNNA/Derivation/S01_PrimitiveResponseCoupledFiniteProvenance/S01_PrimitiveInputsGrammarAndEventOrder/S05_C003_FiniteBAryProvenanceGrammar.lean	unsnoc	DEF	61	69	81563345b44177915f32a03d6c42df7adfa1ca4176ab27d6569584105ad25866	RESOLVED
005	C003	D1	20	lean_core	SOURCE	derivation/code/lean/core/src/CNNA/Derivation/S01_PrimitiveResponseCoupledFiniteProvenance/S01_PrimitiveInputsGrammarAndEventOrder/S05_C003_FiniteBAryProvenanceGrammar.lean	unsnoc	THEOREM	70	82	81563345b44177915f32a03d6c42df7adfa1ca4176ab27d6569584105ad25866	RESOLVED
005	C003	D1	21	lean_core	SOURCE	derivation/code/lean/core/src/CNNA/Derivation/S01_PrimitiveResponseCoupledFiniteProvenance/S01_PrimitiveInputsGrammarAndEventOrder/S05_C003_FiniteBAryProvenanceGrammar.lean	parent	DEF	83	88	81563345b44177915f32a03d6c42df7adfa1ca4176ab27d6569584105ad25866	RESOLVED
005	C003	D1	22	lean_core	SOURCE	derivation/code/lean/core/src/CNNA/Derivation/S01_PrimitiveResponseCoupledFiniteProvenance/S01_PrimitiveInputsGrammarAndEventOrder/S05_C003_FiniteBAryProvenanceGrammar.lean	finalSlot	DEF	89	94	81563345b44177915f32a03d6c42df7adfa1ca4176ab27d6569584105ad25866	RESOLVED
005	C003	D1	23	lean_core	SOURCE	derivation/code/lean/core/src/CNNA/Derivation/S01_PrimitiveResponseCoupledFiniteProvenance/S01_PrimitiveInputsGrammarAndEventOrder/S05_C003_FiniteBAryProvenanceGrammar.lean	Parent	DEF	95	98	81563345b44177915f32a03d6c42df7adfa1ca4176ab27d6569584105ad25866	RESOLVED
005	C003	D1	24	lean_core	SOURCE	derivation/code/lean/core/src/CNNA/Derivation/S01_PrimitiveResponseCoupledFiniteProvenance/S01_PrimitiveInputsGrammarAndEventOrder/S05_C003_FiniteBAryProvenanceGrammar.lean	parent	THEOREM	99	102	81563345b44177915f32a03d6c42df7adfa1ca4176ab27d6569584105ad25866	RESOLVED
005	C003	D1	25	lean_core	SOURCE	derivation/code/lean/core/src/CNNA/Derivation/S01_PrimitiveResponseCoupledFiniteProvenance/S01_PrimitiveInputsGrammarAndEventOrder/S05_C003_FiniteBAryProvenanceGrammar.lean	finalSlot	THEOREM	103	106	81563345b44177915f32a03d6c42df7adfa1ca4176ab27d6569584105ad25866	RESOLVED
005	C003	D1	26	lean_core	SOURCE	derivation/code/lean/core/src/CNNA/Derivation/S01_PrimitiveResponseCoupledFiniteProvenance/S01_PrimitiveInputsGrammarAndEventOrder/S05_C003_FiniteBAryProvenanceGrammar.lean	parent	THEOREM	107	112	81563345b44177915f32a03d6c42df7adfa1ca4176ab27d6569584105ad25866	RESOLVED
005	C003	D1	27	lean_core	SOURCE	derivation/code/lean/core/src/CNNA/Derivation/S01_PrimitiveResponseCoupledFiniteProvenance/S01_PrimitiveInputsGrammarAndEventOrder/S05_C003_FiniteBAryProvenanceGrammar.lean	finalSlot	THEOREM	113	118	81563345b44177915f32a03d6c42df7adfa1ca4176ab27d6569584105ad25866	RESOLVED
005	C003	D1	28	lean_core	SOURCE	derivation/code/lean/core/src/CNNA/Derivation/S01_PrimitiveResponseCoupledFiniteProvenance/S01_PrimitiveInputsGrammarAndEventOrder/S05_C003_FiniteBAryProvenanceGrammar.lean	parent_snoc	THEOREM	119	123	81563345b44177915f32a03d6c42df7adfa1ca4176ab27d6569584105ad25866	RESOLVED
005	C003	D1	29	lean_core	SOURCE	derivation/code/lean/core/src/CNNA/Derivation/S01_PrimitiveResponseCoupledFiniteProvenance/S01_PrimitiveInputsGrammarAndEventOrder/S05_C003_FiniteBAryProvenanceGrammar.lean	snoc_parent_unique	THEOREM	124	132	81563345b44177915f32a03d6c42df7adfa1ca4176ab27d6569584105ad25866	RESOLVED
005	C003	D1	30	lean_core	SOURCE	derivation/code/lean/core/src/CNNA/Derivation/S01_PrimitiveResponseCoupledFiniteProvenance/S01_PrimitiveInputsGrammarAndEventOrder/S05_C003_FiniteBAryProvenanceGrammar.lean	snoc_slot_unique	THEOREM	133	143	81563345b44177915f32a03d6c42df7adfa1ca4176ab27d6569584105ad25866	RESOLVED
005	C003	D1	31	lean_core	SOURCE	derivation/code/lean/core/src/CNNA/Derivation/S01_PrimitiveResponseCoupledFiniteProvenance/S01_PrimitiveInputsGrammarAndEventOrder/S05_C003_FiniteBAryProvenanceGrammar.lean	BoundedProvenanceAddress	STRUCTURE	144	151	81563345b44177915f32a03d6c42df7adfa1ca4176ab27d6569584105ad25866	RESOLVED
005	C003	D1	32	lean_core	SOURCE	derivation/code/lean/core/src/CNNA/Derivation/S01_PrimitiveResponseCoupledFiniteProvenance/S01_PrimitiveInputsGrammarAndEventOrder/S05_C003_FiniteBAryProvenanceGrammar.lean	root	DEF	152	157	81563345b44177915f32a03d6c42df7adfa1ca4176ab27d6569584105ad25866	RESOLVED
005	C003	D1	33	lean_core	SOURCE	derivation/code/lean/core/src/CNNA/Derivation/S01_PrimitiveResponseCoupledFiniteProvenance/S01_PrimitiveInputsGrammarAndEventOrder/S05_C003_FiniteBAryProvenanceGrammar.lean	child	DEF	158	168	81563345b44177915f32a03d6c42df7adfa1ca4176ab27d6569584105ad25866	RESOLVED
005	C003	D1	34	lean_core	SOURCE	derivation/code/lean/core/src/CNNA/Derivation/S01_PrimitiveResponseCoupledFiniteProvenance/S01_PrimitiveInputsGrammarAndEventOrder/S05_C003_FiniteBAryProvenanceGrammar.lean	root_address	THEOREM	169	173	81563345b44177915f32a03d6c42df7adfa1ca4176ab27d6569584105ad25866	RESOLVED
005	C003	D1	35	lean_core	SOURCE	derivation/code/lean/core/src/CNNA/Derivation/S01_PrimitiveResponseCoupledFiniteProvenance/S01_PrimitiveInputsGrammarAndEventOrder/S05_C003_FiniteBAryProvenanceGrammar.lean	child_address	THEOREM	174	181	81563345b44177915f32a03d6c42df7adfa1ca4176ab27d6569584105ad25866	RESOLVED
005	C003	D1	36	lean_core	SOURCE	derivation/code/lean/core/src/CNNA/Derivation/S01_PrimitiveResponseCoupledFiniteProvenance/S01_PrimitiveInputsGrammarAndEventOrder/S05_C003_FiniteBAryProvenanceGrammar.lean	child_depth	THEOREM	182	192	81563345b44177915f32a03d6c42df7adfa1ca4176ab27d6569584105ad25866	RESOLVED
005	C003	D1	37	lean_core	SOURCE	derivation/code/lean/core/src/CNNA/Derivation/S01_PrimitiveResponseCoupledFiniteProvenance/S01_PrimitiveInputsGrammarAndEventOrder/S05_C003_FiniteBAryProvenanceGrammar.lean	FiniteBAryProvenanceGrammar	STRUCTURE	193	200	81563345b44177915f32a03d6c42df7adfa1ca4176ab27d6569584105ad25866	RESOLVED
005	C003	D1	38	lean_core	SOURCE	derivation/code/lean/core/src/CNNA/Derivation/S01_PrimitiveResponseCoupledFiniteProvenance/S01_PrimitiveInputsGrammarAndEventOrder/S05_C003_FiniteBAryProvenanceGrammar.lean	build	DEF	201	207	81563345b44177915f32a03d6c42df7adfa1ca4176ab27d6569584105ad25866	RESOLVED
005	C003	D1	39	lean_core	SOURCE	derivation/code/lean/core/src/CNNA/Derivation/S01_PrimitiveResponseCoupledFiniteProvenance/S01_PrimitiveInputsGrammarAndEventOrder/S05_C003_FiniteBAryProvenanceGrammar.lean	rootPresent	THEOREM	208	212	81563345b44177915f32a03d6c42df7adfa1ca4176ab27d6569584105ad25866	RESOLVED
005	C003	D1	40	lean_core	SOURCE	derivation/code/lean/core/src/CNNA/Derivation/S01_PrimitiveResponseCoupledFiniteProvenance/S01_PrimitiveInputsGrammarAndEventOrder/S05_C003_FiniteBAryProvenanceGrammar.lean	rootAddress	DEF	213	217	81563345b44177915f32a03d6c42df7adfa1ca4176ab27d6569584105ad25866	RESOLVED
005	C003	D1	41	lean_core	SOURCE	derivation/code/lean/core/src/CNNA/Derivation/S01_PrimitiveResponseCoupledFiniteProvenance/S01_PrimitiveInputsGrammarAndEventOrder/S05_C003_FiniteBAryProvenanceGrammar.lean	rootAddress_canonical	THEOREM	218	222	81563345b44177915f32a03d6c42df7adfa1ca4176ab27d6569584105ad25866	RESOLVED
005	C003	D1	42	lean_core	SOURCE	derivation/code/lean/core/src/CNNA/Derivation/S01_PrimitiveResponseCoupledFiniteProvenance/S01_PrimitiveInputsGrammarAndEventOrder/S05_C003_FiniteBAryProvenanceGrammar.lean	rootAddress_unique	THEOREM	223	227	81563345b44177915f32a03d6c42df7adfa1ca4176ab27d6569584105ad25866	RESOLVED
005	C003	D1	43	lean_core	SOURCE	derivation/code/lean/core/src/CNNA/Derivation/S01_PrimitiveResponseCoupledFiniteProvenance/S01_PrimitiveInputsGrammarAndEventOrder/S05_C003_FiniteBAryProvenanceGrammar.lean	build_rootedCarrier	THEOREM	228	232	81563345b44177915f32a03d6c42df7adfa1ca4176ab27d6569584105ad25866	RESOLVED
005	C003	D1	44	lean_core	SOURCE	derivation/code/lean/core/src/CNNA/Derivation/S01_PrimitiveResponseCoupledFiniteProvenance/S01_PrimitiveInputsGrammarAndEventOrder/S05_C003_FiniteBAryProvenanceGrammar.lean	build_branching	THEOREM	233	237	81563345b44177915f32a03d6c42df7adfa1ca4176ab27d6569584105ad25866	RESOLVED
005	C003	D1	45	lean_core	SOURCE	derivation/code/lean/core/src/CNNA/Derivation/S01_PrimitiveResponseCoupledFiniteProvenance/S01_PrimitiveInputsGrammarAndEventOrder/S05_C003_FiniteBAryProvenanceGrammar.lean	build_cutoff	THEOREM	238	244	81563345b44177915f32a03d6c42df7adfa1ca4176ab27d6569584105ad25866	RESOLVED
006	C018	D2	1	python	SOURCE	derivation/code/python/src/cnna/derivation/s01_primitive_response_coupled_finite_provenance/s01_primitive_inputs_grammar_and_event_order/s06_c018__canonical_bfs_lexicographic_provenance_birth_schedule.py	OpenBirthSlot	CLASS	32	37	c99afaef142d6f3d4d74b26de21db6c1450ff1af1098f449746da5e5f6c4dae7	RESOLVED
006	C018	D2	2	python	SOURCE	derivation/code/python/src/cnna/derivation/s01_primitive_response_coupled_finite_provenance/s01_primitive_inputs_grammar_and_event_order/s06_c018__canonical_bfs_lexicographic_provenance_birth_schedule.py	_require_grammar	FUNCTION	40	43	c99afaef142d6f3d4d74b26de21db6c1450ff1af1098f449746da5e5f6c4dae7	RESOLVED
006	C018	D2	3	python	SOURCE	derivation/code/python/src/cnna/derivation/s01_primitive_response_coupled_finite_provenance/s01_primitive_inputs_grammar_and_event_order/s06_c018__canonical_bfs_lexicographic_provenance_birth_schedule.py	open_slot_key	FUNCTION	46	53	c99afaef142d6f3d4d74b26de21db6c1450ff1af1098f449746da5e5f6c4dae7	RESOLVED
006	C018	D2	4	python	SOURCE	derivation/code/python/src/cnna/derivation/s01_primitive_response_coupled_finite_provenance/s01_primitive_inputs_grammar_and_event_order/s06_c018__canonical_bfs_lexicographic_provenance_birth_schedule.py	slot_precedes	FUNCTION	56	58	c99afaef142d6f3d4d74b26de21db6c1450ff1af1098f449746da5e5f6c4dae7	RESOLVED
006	C018	D2	5	python	SOURCE	derivation/code/python/src/cnna/derivation/s01_primitive_response_coupled_finite_provenance/s01_primitive_inputs_grammar_and_event_order/s06_c018__canonical_bfs_lexicographic_provenance_birth_schedule.py	canonical_birth_slots	FUNCTION	61	88	c99afaef142d6f3d4d74b26de21db6c1450ff1af1098f449746da5e5f6c4dae7	RESOLVED
006	C018	D2	6	python	SOURCE	derivation/code/python/src/cnna/derivation/s01_primitive_response_coupled_finite_provenance/s01_primitive_inputs_grammar_and_event_order/s06_c018__canonical_bfs_lexicographic_provenance_birth_schedule.py	canonical_birth_addresses	FUNCTION	91	93	c99afaef142d6f3d4d74b26de21db6c1450ff1af1098f449746da5e5f6c4dae7	RESOLVED
006	C018	D2	7	python	SOURCE	derivation/code/python/src/cnna/derivation/s01_primitive_response_coupled_finite_provenance/s01_primitive_inputs_grammar_and_event_order/s06_c018__canonical_bfs_lexicographic_provenance_birth_schedule.py	CanonicalBirthSchedule	CLASS	97	114	c99afaef142d6f3d4d74b26de21db6c1450ff1af1098f449746da5e5f6c4dae7	RESOLVED
006	C018	D2	8	python	SOURCE	derivation/code/python/src/cnna/derivation/s01_primitive_response_coupled_finite_provenance/s01_primitive_inputs_grammar_and_event_order/s06_c018__canonical_bfs_lexicographic_provenance_birth_schedule.py	build_canonical_birth_schedule	FUNCTION	117	121	c99afaef142d6f3d4d74b26de21db6c1450ff1af1098f449746da5e5f6c4dae7	RESOLVED
006	C018	D2	9	python_test	TEST	derivation/code/python/tests/derivation/s01_primitive_response_coupled_finite_provenance/s01_primitive_inputs_grammar_and_event_order/test_s06_c018__canonical_bfs_lexicographic_provenance_birth_schedule.py	TestCanonicalBfsLexicographicSchedule	CLASS	22	123	12fcb32879313f7cd3e4bd9b5b004437767bd1876920aef7bf365fa5ae154653	RESOLVED
006	C018	D2	10	lean_core	SOURCE	derivation/code/lean/core/src/CNNA/Derivation/S01_PrimitiveResponseCoupledFiniteProvenance/S01_PrimitiveInputsGrammarAndEventOrder/S06_C018_CanonicalBfsLexicographicProvenanceBirthSchedule.lean	SlotBefore	DEF	24	27	d332704d80a9aaa1eca72b7961d868aabceeead7320bbbd5766b1d2ba2bb53a1	RESOLVED
006	C018	D2	11	lean_core	SOURCE	derivation/code/lean/core/src/CNNA/Derivation/S01_PrimitiveResponseCoupledFiniteProvenance/S01_PrimitiveInputsGrammarAndEventOrder/S06_C018_CanonicalBfsLexicographicProvenanceBirthSchedule.lean	AddressLexBefore	DEF	28	32	d332704d80a9aaa1eca72b7961d868aabceeead7320bbbd5766b1d2ba2bb53a1	RESOLVED
006	C018	D2	12	lean_core	SOURCE	derivation/code/lean/core/src/CNNA/Derivation/S01_PrimitiveResponseCoupledFiniteProvenance/S01_PrimitiveInputsGrammarAndEventOrder/S06_C018_CanonicalBfsLexicographicProvenanceBirthSchedule.lean	BirthBefore	DEF	33	39	d332704d80a9aaa1eca72b7961d868aabceeead7320bbbd5766b1d2ba2bb53a1	RESOLVED
006	C018	D2	13	lean_core	SOURCE	derivation/code/lean/core/src/CNNA/Derivation/S01_PrimitiveResponseCoupledFiniteProvenance/S01_PrimitiveInputsGrammarAndEventOrder/S06_C018_CanonicalBfsLexicographicProvenanceBirthSchedule.lean	shallower_before	THEOREM	40	46	d332704d80a9aaa1eca72b7961d868aabceeead7320bbbd5766b1d2ba2bb53a1	RESOLVED
006	C018	D2	14	lean_core	SOURCE	derivation/code/lean/core/src/CNNA/Derivation/S01_PrimitiveResponseCoupledFiniteProvenance/S01_PrimitiveInputsGrammarAndEventOrder/S06_C018_CanonicalBfsLexicographicProvenanceBirthSchedule.lean	sameDepthLex_before	THEOREM	47	53	d332704d80a9aaa1eca72b7961d868aabceeead7320bbbd5766b1d2ba2bb53a1	RESOLVED
006	C018	D2	15	lean_core	SOURCE	derivation/code/lean/core/src/CNNA/Derivation/S01_PrimitiveResponseCoupledFiniteProvenance/S01_PrimitiveInputsGrammarAndEventOrder/S06_C018_CanonicalBfsLexicographicProvenanceBirthSchedule.lean	lex_snoc_same_parent	THEOREM	54	64	d332704d80a9aaa1eca72b7961d868aabceeead7320bbbd5766b1d2ba2bb53a1	RESOLVED
006	C018	D2	16	lean_core	SOURCE	derivation/code/lean/core/src/CNNA/Derivation/S01_PrimitiveResponseCoupledFiniteProvenance/S01_PrimitiveInputsGrammarAndEventOrder/S06_C018_CanonicalBfsLexicographicProvenanceBirthSchedule.lean	sameParentIncreasingRank	THEOREM	65	73	d332704d80a9aaa1eca72b7961d868aabceeead7320bbbd5766b1d2ba2bb53a1	RESOLVED
006	C018	D2	17	lean_core	SOURCE	derivation/code/lean/core/src/CNNA/Derivation/S01_PrimitiveResponseCoupledFiniteProvenance/S01_PrimitiveInputsGrammarAndEventOrder/S06_C018_CanonicalBfsLexicographicProvenanceBirthSchedule.lean	parent_before_child	THEOREM	74	81	d332704d80a9aaa1eca72b7961d868aabceeead7320bbbd5766b1d2ba2bb53a1	RESOLVED
006	C018	D2	18	lean_core	SOURCE	derivation/code/lean/core/src/CNNA/Derivation/S01_PrimitiveResponseCoupledFiniteProvenance/S01_PrimitiveInputsGrammarAndEventOrder/S06_C018_CanonicalBfsLexicographicProvenanceBirthSchedule.lean	slotBefore_irrefl	THEOREM	82	86	d332704d80a9aaa1eca72b7961d868aabceeead7320bbbd5766b1d2ba2bb53a1	RESOLVED
006	C018	D2	19	lean_core	SOURCE	derivation/code/lean/core/src/CNNA/Derivation/S01_PrimitiveResponseCoupledFiniteProvenance/S01_PrimitiveInputsGrammarAndEventOrder/S06_C018_CanonicalBfsLexicographicProvenanceBirthSchedule.lean	addressLexBefore_irrefl	THEOREM	87	100	d332704d80a9aaa1eca72b7961d868aabceeead7320bbbd5766b1d2ba2bb53a1	RESOLVED
006	C018	D2	20	lean_core	SOURCE	derivation/code/lean/core/src/CNNA/Derivation/S01_PrimitiveResponseCoupledFiniteProvenance/S01_PrimitiveInputsGrammarAndEventOrder/S06_C018_CanonicalBfsLexicographicProvenanceBirthSchedule.lean	addressLexBefore_trans	THEOREM	101	141	d332704d80a9aaa1eca72b7961d868aabceeead7320bbbd5766b1d2ba2bb53a1	RESOLVED
006	C018	D2	21	lean_core	SOURCE	derivation/code/lean/core/src/CNNA/Derivation/S01_PrimitiveResponseCoupledFiniteProvenance/S01_PrimitiveInputsGrammarAndEventOrder/S06_C018_CanonicalBfsLexicographicProvenanceBirthSchedule.lean	addressLexBefore_trichotomy	THEOREM	142	172	d332704d80a9aaa1eca72b7961d868aabceeead7320bbbd5766b1d2ba2bb53a1	RESOLVED
006	C018	D2	22	lean_core	SOURCE	derivation/code/lean/core/src/CNNA/Derivation/S01_PrimitiveResponseCoupledFiniteProvenance/S01_PrimitiveInputsGrammarAndEventOrder/S06_C018_CanonicalBfsLexicographicProvenanceBirthSchedule.lean	birthBefore_irrefl	THEOREM	173	182	d332704d80a9aaa1eca72b7961d868aabceeead7320bbbd5766b1d2ba2bb53a1	RESOLVED
006	C018	D2	23	lean_core	SOURCE	derivation/code/lean/core/src/CNNA/Derivation/S01_PrimitiveResponseCoupledFiniteProvenance/S01_PrimitiveInputsGrammarAndEventOrder/S06_C018_CanonicalBfsLexicographicProvenanceBirthSchedule.lean	birthBefore_trans	THEOREM	183	199	d332704d80a9aaa1eca72b7961d868aabceeead7320bbbd5766b1d2ba2bb53a1	RESOLVED
006	C018	D2	24	lean_core	SOURCE	derivation/code/lean/core/src/CNNA/Derivation/S01_PrimitiveResponseCoupledFiniteProvenance/S01_PrimitiveInputsGrammarAndEventOrder/S06_C018_CanonicalBfsLexicographicProvenanceBirthSchedule.lean	birthBefore_asymm	THEOREM	200	204	d332704d80a9aaa1eca72b7961d868aabceeead7320bbbd5766b1d2ba2bb53a1	RESOLVED
006	C018	D2	25	lean_core	SOURCE	derivation/code/lean/core/src/CNNA/Derivation/S01_PrimitiveResponseCoupledFiniteProvenance/S01_PrimitiveInputsGrammarAndEventOrder/S06_C018_CanonicalBfsLexicographicProvenanceBirthSchedule.lean	birthBefore_trichotomy	THEOREM	205	225	d332704d80a9aaa1eca72b7961d868aabceeead7320bbbd5766b1d2ba2bb53a1	RESOLVED
006	C018	D2	26	lean_core	SOURCE	derivation/code/lean/core/src/CNNA/Derivation/S01_PrimitiveResponseCoupledFiniteProvenance/S01_PrimitiveInputsGrammarAndEventOrder/S06_C018_CanonicalBfsLexicographicProvenanceBirthSchedule.lean	birthBefore_total_of_ne	THEOREM	226	240	d332704d80a9aaa1eca72b7961d868aabceeead7320bbbd5766b1d2ba2bb53a1	RESOLVED
006	C018	D2	27	lean_core	SOURCE	derivation/code/lean/core/src/CNNA/Derivation/S01_PrimitiveResponseCoupledFiniteProvenance/S01_PrimitiveInputsGrammarAndEventOrder/S06_C018_CanonicalBfsLexicographicProvenanceBirthSchedule.lean	CanonicalBirthSchedule	STRUCTURE	241	246	d332704d80a9aaa1eca72b7961d868aabceeead7320bbbd5766b1d2ba2bb53a1	RESOLVED
006	C018	D2	28	lean_core	SOURCE	derivation/code/lean/core/src/CNNA/Derivation/S01_PrimitiveResponseCoupledFiniteProvenance/S01_PrimitiveInputsGrammarAndEventOrder/S06_C018_CanonicalBfsLexicographicProvenanceBirthSchedule.lean	build	DEF	247	250	d332704d80a9aaa1eca72b7961d868aabceeead7320bbbd5766b1d2ba2bb53a1	RESOLVED
006	C018	D2	29	lean_core	SOURCE	derivation/code/lean/core/src/CNNA/Derivation/S01_PrimitiveResponseCoupledFiniteProvenance/S01_PrimitiveInputsGrammarAndEventOrder/S06_C018_CanonicalBfsLexicographicProvenanceBirthSchedule.lean	build_grammar	THEOREM	251	256	d332704d80a9aaa1eca72b7961d868aabceeead7320bbbd5766b1d2ba2bb53a1	RESOLVED
006	C018	D2	30	lean_core	SOURCE	derivation/code/lean/core/src/CNNA/Derivation/S01_PrimitiveResponseCoupledFiniteProvenance/S01_PrimitiveInputsGrammarAndEventOrder/S06_C018_CanonicalBfsLexicographicProvenanceBirthSchedule.lean	OpenBirthSlot	STRUCTURE	257	265	d332704d80a9aaa1eca72b7961d868aabceeead7320bbbd5766b1d2ba2bb53a1	RESOLVED
006	C018	D2	31	lean_core	SOURCE	derivation/code/lean/core/src/CNNA/Derivation/S01_PrimitiveResponseCoupledFiniteProvenance/S01_PrimitiveInputsGrammarAndEventOrder/S06_C018_CanonicalBfsLexicographicProvenanceBirthSchedule.lean	childAddress	DEF	266	271	d332704d80a9aaa1eca72b7961d868aabceeead7320bbbd5766b1d2ba2bb53a1	RESOLVED
006	C018	D2	32	lean_core	SOURCE	derivation/code/lean/core/src/CNNA/Derivation/S01_PrimitiveResponseCoupledFiniteProvenance/S01_PrimitiveInputsGrammarAndEventOrder/S06_C018_CanonicalBfsLexicographicProvenanceBirthSchedule.lean	childAddress_address	THEOREM	272	279	d332704d80a9aaa1eca72b7961d868aabceeead7320bbbd5766b1d2ba2bb53a1	RESOLVED
006	C018	D2	33	lean_core	SOURCE	derivation/code/lean/core/src/CNNA/Derivation/S01_PrimitiveResponseCoupledFiniteProvenance/S01_PrimitiveInputsGrammarAndEventOrder/S06_C018_CanonicalBfsLexicographicProvenanceBirthSchedule.lean	OpenSlotBefore	DEF	280	286	d332704d80a9aaa1eca72b7961d868aabceeead7320bbbd5766b1d2ba2bb53a1	RESOLVED
006	C018	D2	34	lean_core	SOURCE	derivation/code/lean/core/src/CNNA/Derivation/S01_PrimitiveResponseCoupledFiniteProvenance/S01_PrimitiveInputsGrammarAndEventOrder/S06_C018_CanonicalBfsLexicographicProvenanceBirthSchedule.lean	sameParentOpenSlotIncreasingRank	THEOREM	287	301	d332704d80a9aaa1eca72b7961d868aabceeead7320bbbd5766b1d2ba2bb53a1	RESOLVED
006	C018	D2	35	lean_core	SOURCE	derivation/code/lean/core/src/CNNA/Derivation/S01_PrimitiveResponseCoupledFiniteProvenance/S01_PrimitiveInputsGrammarAndEventOrder/S06_C018_CanonicalBfsLexicographicProvenanceBirthSchedule.lean	openSlotBefore_irrefl	THEOREM	302	306	d332704d80a9aaa1eca72b7961d868aabceeead7320bbbd5766b1d2ba2bb53a1	RESOLVED
006	C018	D2	36	lean_core	SOURCE	derivation/code/lean/core/src/CNNA/Derivation/S01_PrimitiveResponseCoupledFiniteProvenance/S01_PrimitiveInputsGrammarAndEventOrder/S06_C018_CanonicalBfsLexicographicProvenanceBirthSchedule.lean	openSlotBefore_trans	THEOREM	307	313	d332704d80a9aaa1eca72b7961d868aabceeead7320bbbd5766b1d2ba2bb53a1	RESOLVED
006	C018	D2	37	lean_core	SOURCE	derivation/code/lean/core/src/CNNA/Derivation/S01_PrimitiveResponseCoupledFiniteProvenance/S01_PrimitiveInputsGrammarAndEventOrder/S06_C018_CanonicalBfsLexicographicProvenanceBirthSchedule.lean	openSlotBefore_asymm	THEOREM	314	319	d332704d80a9aaa1eca72b7961d868aabceeead7320bbbd5766b1d2ba2bb53a1	RESOLVED
006	C018	D2	38	lean_core	SOURCE	derivation/code/lean/core/src/CNNA/Derivation/S01_PrimitiveResponseCoupledFiniteProvenance/S01_PrimitiveInputsGrammarAndEventOrder/S06_C018_CanonicalBfsLexicographicProvenanceBirthSchedule.lean	openSlotBefore_total_of_distinct_children	THEOREM	320	329	d332704d80a9aaa1eca72b7961d868aabceeead7320bbbd5766b1d2ba2bb53a1	RESOLVED
007	P002	D2	1	lean_proof	OWNED_PROOF_SOURCE	derivation/code/lean/proofs/src/CNNAProofs/Derivation/S01_PrimitiveResponseCoupledFiniteProvenance/S01_PrimitiveInputsGrammarAndEventOrder/S06_C018_CanonicalBfsLexicographicProvenanceBirthSchedule/Proofs/S01_P002_CanonicalScheduleStrictTotalOrderClosure.lean	CanonicalScheduleStrictTotalOrderClosure	STRUCTURE	19	65	3775ef08dceb432273a7e72f5839990e0ac40909ab68a42b8ed4d4c7bbaefef7	RESOLVED_KERNEL_VERIFIED
007	P002	D2	2	lean_proof	OWNED_PROOF_SOURCE	derivation/code/lean/proofs/src/CNNAProofs/Derivation/S01_PrimitiveResponseCoupledFiniteProvenance/S01_PrimitiveInputsGrammarAndEventOrder/S06_C018_CanonicalBfsLexicographicProvenanceBirthSchedule/Proofs/S01_P002_CanonicalScheduleStrictTotalOrderClosure.lean	canonicalScheduleStrictTotalOrderClosure	THEOREM	69	99	3775ef08dceb432273a7e72f5839990e0ac40909ab68a42b8ed4d4c7bbaefef7	RESOLVED_KERNEL_VERIFIED
007	P002	D2	3	lean_proof	OWNED_PROOF_SOURCE	derivation/code/lean/proofs/src/CNNAProofs/Derivation/S01_PrimitiveResponseCoupledFiniteProvenance/S01_PrimitiveInputsGrammarAndEventOrder/S06_C018_CanonicalBfsLexicographicProvenanceBirthSchedule/Proofs/S01_P002_CanonicalScheduleStrictTotalOrderClosure.lean	IsMinimalSelectedChild	DEF	104	109	3775ef08dceb432273a7e72f5839990e0ac40909ab68a42b8ed4d4c7bbaefef7	RESOLVED_KERNEL_VERIFIED
007	P002	D2	4	lean_proof	OWNED_PROOF_SOURCE	derivation/code/lean/proofs/src/CNNAProofs/Derivation/S01_PrimitiveResponseCoupledFiniteProvenance/S01_PrimitiveInputsGrammarAndEventOrder/S06_C018_CanonicalBfsLexicographicProvenanceBirthSchedule/Proofs/S01_P002_CanonicalScheduleStrictTotalOrderClosure.lean	minimalSelectedChild_unique	THEOREM	115	131	3775ef08dceb432273a7e72f5839990e0ac40909ab68a42b8ed4d4c7bbaefef7	RESOLVED_KERNEL_VERIFIED
007	P002	D2	5	lean_proof	OWNED_PROOF_SOURCE	derivation/code/lean/proofs/src/CNNAProofs/Derivation/S01_PrimitiveResponseCoupledFiniteProvenance/S01_PrimitiveInputsGrammarAndEventOrder/S06_C018_CanonicalBfsLexicographicProvenanceBirthSchedule/Proofs/S01_P002_CanonicalScheduleStrictTotalOrderClosure.lean	CanonicalScheduleStrictTotalOrderContract	DEF	134	135	3775ef08dceb432273a7e72f5839990e0ac40909ab68a42b8ed4d4c7bbaefef7	RESOLVED_KERNEL_VERIFIED
007	P002	D2	6	lean_proof	OWNED_PROOF_SOURCE	derivation/code/lean/proofs/src/CNNAProofs/Derivation/S01_PrimitiveResponseCoupledFiniteProvenance/S01_PrimitiveInputsGrammarAndEventOrder/S06_C018_CanonicalBfsLexicographicProvenanceBirthSchedule/Proofs/S01_P002_CanonicalScheduleStrictTotalOrderClosure.lean	canonicalScheduleStrictTotalOrderContract	THEOREM	138	140	3775ef08dceb432273a7e72f5839990e0ac40909ab68a42b8ed4d4c7bbaefef7	RESOLVED_KERNEL_VERIFIED
008	C004A	D1	1	python	SOURCE	derivation/code/python/src/cnna/derivation/s01_primitive_response_coupled_finite_provenance/s02_bootstrap_of_the_first_relation/s01_c004a__first_provenance_slot_s1.py	FirstProvenanceSlot	CLASS	36	82	b25b3e8a8c9f22c2611efe064c002af3690874c16a1a8ab51e68f6238dc70de8	RESOLVED
008	C004A	D1	2	python	SOURCE	derivation/code/python/src/cnna/derivation/s01_primitive_response_coupled_finite_provenance/s02_bootstrap_of_the_first_relation/s01_c004a__first_provenance_slot_s1.py	build_first_provenance_slot	FUNCTION	85	90	b25b3e8a8c9f22c2611efe064c002af3690874c16a1a8ab51e68f6238dc70de8	RESOLVED
008	C004A	D1	3	python	SOURCE	derivation/code/python/src/cnna/derivation/s01_primitive_response_coupled_finite_provenance/s02_bootstrap_of_the_first_relation/s01_c004a__first_provenance_slot_s1.py	build_canonical_first_provenance_slot	FUNCTION	93	99	b25b3e8a8c9f22c2611efe064c002af3690874c16a1a8ab51e68f6238dc70de8	RESOLVED
008	C004A	D1	4	python_test	TEST	derivation/code/python/tests/derivation/s01_primitive_response_coupled_finite_provenance/s02_bootstrap_of_the_first_relation/test_s01_c004a__first_provenance_slot_s1.py	TestFirstProvenanceSlot	CLASS	19	100	2958ae8e902dea945ed5032ffff08806f43005c64b04f642e341c44a37db2c11	RESOLVED
008	C004A	D1	5	lean_core	SOURCE	derivation/code/lean/core/src/CNNA/Derivation/S01_PrimitiveResponseCoupledFiniteProvenance/S02_BootstrapOfTheFirstRelation/S01_C004A_FirstProvenanceSlotS1.lean	FirstProvenanceSlot	STRUCTURE	23	30	5e3fffc01b8d380d477130872955ba9348ae8c0af813e18d07801438ca8b9947	RESOLVED
008	C004A	D1	6	lean_core	SOURCE	derivation/code/lean/core/src/CNNA/Derivation/S01_PrimitiveResponseCoupledFiniteProvenance/S02_BootstrapOfTheFirstRelation/S01_C004A_FirstProvenanceSlotS1.lean	fromPredecessors	DEF	31	39	5e3fffc01b8d380d477130872955ba9348ae8c0af813e18d07801438ca8b9947	RESOLVED
008	C004A	D1	7	lean_core	SOURCE	derivation/code/lean/core/src/CNNA/Derivation/S01_PrimitiveResponseCoupledFiniteProvenance/S02_BootstrapOfTheFirstRelation/S01_C004A_FirstProvenanceSlotS1.lean	build	DEF	40	45	5e3fffc01b8d380d477130872955ba9348ae8c0af813e18d07801438ca8b9947	RESOLVED
008	C004A	D1	8	lean_core	SOURCE	derivation/code/lean/core/src/CNNA/Derivation/S01_PrimitiveResponseCoupledFiniteProvenance/S02_BootstrapOfTheFirstRelation/S01_C004A_FirstProvenanceSlotS1.lean	firstRank	DEF	46	49	5e3fffc01b8d380d477130872955ba9348ae8c0af813e18d07801438ca8b9947	RESOLVED
008	C004A	D1	9	lean_core	SOURCE	derivation/code/lean/core/src/CNNA/Derivation/S01_PrimitiveResponseCoupledFiniteProvenance/S02_BootstrapOfTheFirstRelation/S01_C004A_FirstProvenanceSlotS1.lean	parentAddress	DEF	50	53	5e3fffc01b8d380d477130872955ba9348ae8c0af813e18d07801438ca8b9947	RESOLVED
008	C004A	D1	10	lean_core	SOURCE	derivation/code/lean/core/src/CNNA/Derivation/S01_PrimitiveResponseCoupledFiniteProvenance/S02_BootstrapOfTheFirstRelation/S01_C004A_FirstProvenanceSlotS1.lean	address	DEF	54	57	5e3fffc01b8d380d477130872955ba9348ae8c0af813e18d07801438ca8b9947	RESOLVED
008	C004A	D1	11	lean_core	SOURCE	derivation/code/lean/core/src/CNNA/Derivation/S01_PrimitiveResponseCoupledFiniteProvenance/S02_BootstrapOfTheFirstRelation/S01_C004A_FirstProvenanceSlotS1.lean	firstRank_val	THEOREM	58	61	5e3fffc01b8d380d477130872955ba9348ae8c0af813e18d07801438ca8b9947	RESOLVED
008	C004A	D1	12	lean_core	SOURCE	derivation/code/lean/core/src/CNNA/Derivation/S01_PrimitiveResponseCoupledFiniteProvenance/S02_BootstrapOfTheFirstRelation/S01_C004A_FirstProvenanceSlotS1.lean	parentAddress_root	THEOREM	62	66	5e3fffc01b8d380d477130872955ba9348ae8c0af813e18d07801438ca8b9947	RESOLVED
008	C004A	D1	13	lean_core	SOURCE	derivation/code/lean/core/src/CNNA/Derivation/S01_PrimitiveResponseCoupledFiniteProvenance/S02_BootstrapOfTheFirstRelation/S01_C004A_FirstProvenanceSlotS1.lean	address_eq_snoc	THEOREM	67	71	5e3fffc01b8d380d477130872955ba9348ae8c0af813e18d07801438ca8b9947	RESOLVED
008	C004A	D1	14	lean_core	SOURCE	derivation/code/lean/core/src/CNNA/Derivation/S01_PrimitiveResponseCoupledFiniteProvenance/S02_BootstrapOfTheFirstRelation/S01_C004A_FirstProvenanceSlotS1.lean	address_depth	THEOREM	72	76	5e3fffc01b8d380d477130872955ba9348ae8c0af813e18d07801438ca8b9947	RESOLVED
008	C004A	D1	15	lean_core	SOURCE	derivation/code/lean/core/src/CNNA/Derivation/S01_PrimitiveResponseCoupledFiniteProvenance/S02_BootstrapOfTheFirstRelation/S01_C004A_FirstProvenanceSlotS1.lean	address_parent	THEOREM	77	88	5e3fffc01b8d380d477130872955ba9348ae8c0af813e18d07801438ca8b9947	RESOLVED
008	C004A	D1	16	lean_core	SOURCE	derivation/code/lean/core/src/CNNA/Derivation/S01_PrimitiveResponseCoupledFiniteProvenance/S02_BootstrapOfTheFirstRelation/S01_C004A_FirstProvenanceSlotS1.lean	address_finalSlot	THEOREM	89	100	5e3fffc01b8d380d477130872955ba9348ae8c0af813e18d07801438ca8b9947	RESOLVED
008	C004A	D1	17	lean_core	SOURCE	derivation/code/lean/core/src/CNNA/Derivation/S01_PrimitiveResponseCoupledFiniteProvenance/S02_BootstrapOfTheFirstRelation/S01_C004A_FirstProvenanceSlotS1.lean	firstRank_eq_or_before	THEOREM	101	112	5e3fffc01b8d380d477130872955ba9348ae8c0af813e18d07801438ca8b9947	RESOLVED
008	C004A	D1	18	lean_core	SOURCE	derivation/code/lean/core/src/CNNA/Derivation/S01_PrimitiveResponseCoupledFiniteProvenance/S02_BootstrapOfTheFirstRelation/S01_C004A_FirstProvenanceSlotS1.lean	address_before_distinct_root_sibling	THEOREM	113	127	5e3fffc01b8d380d477130872955ba9348ae8c0af813e18d07801438ca8b9947	RESOLVED
008	C004A	D1	19	lean_core	SOURCE	derivation/code/lean/core/src/CNNA/Derivation/S01_PrimitiveResponseCoupledFiniteProvenance/S02_BootstrapOfTheFirstRelation/S01_C004A_FirstProvenanceSlotS1.lean	address_eq_or_before_nonroot	THEOREM	128	156	5e3fffc01b8d380d477130872955ba9348ae8c0af813e18d07801438ca8b9947	RESOLVED
008	C004A	D1	20	lean_core	SOURCE	derivation/code/lean/core/src/CNNA/Derivation/S01_PrimitiveResponseCoupledFiniteProvenance/S02_BootstrapOfTheFirstRelation/S01_C004A_FirstProvenanceSlotS1.lean	address_before_distinct_nonroot	THEOREM	157	168	5e3fffc01b8d380d477130872955ba9348ae8c0af813e18d07801438ca8b9947	RESOLVED
008	C004A	D1	21	lean_core	SOURCE	derivation/code/lean/core/src/CNNA/Derivation/S01_PrimitiveResponseCoupledFiniteProvenance/S02_BootstrapOfTheFirstRelation/S01_C004A_FirstProvenanceSlotS1.lean	WithinCutoff	DEF	169	172	5e3fffc01b8d380d477130872955ba9348ae8c0af813e18d07801438ca8b9947	RESOLVED
008	C004A	D1	22	lean_core	SOURCE	derivation/code/lean/core/src/CNNA/Derivation/S01_PrimitiveResponseCoupledFiniteProvenance/S02_BootstrapOfTheFirstRelation/S01_C004A_FirstProvenanceSlotS1.lean	withinCutoff_of_one_le	THEOREM	173	179	5e3fffc01b8d380d477130872955ba9348ae8c0af813e18d07801438ca8b9947	RESOLVED
008	C004A	D1	23	lean_core	SOURCE	derivation/code/lean/core/src/CNNA/Derivation/S01_PrimitiveResponseCoupledFiniteProvenance/S02_BootstrapOfTheFirstRelation/S01_C004A_FirstProvenanceSlotS1.lean	notWithinCutoff_at_zero	THEOREM	180	189	5e3fffc01b8d380d477130872955ba9348ae8c0af813e18d07801438ca8b9947	RESOLVED
009	A001	D0	1	python	SOURCE	derivation/code/python/src/cnna/derivation/s01_primitive_response_coupled_finite_provenance/s02_bootstrap_of_the_first_relation/s02_a001__genesis_seed_star.py	GenesisSeed	CLASS	14	15	3cdeb86555d9ed8468a0b1a0d27d0922fe4a6694458648312c0bd20934614f5f	RESOLVED
009	A001	D0	2	python_test	TEST	derivation/code/python/tests/derivation/s01_primitive_response_coupled_finite_provenance/s02_bootstrap_of_the_first_relation/test_s02_a001__genesis_seed_star.py	TestGenesisSeed	CLASS	13	24	7f36399821677bd576ae63796e554cdfc987b846c49dd48a496feed940eca7e9	RESOLVED
009	A001	D0	3	lean_core	SOURCE	derivation/code/lean/core/src/CNNA/Derivation/S01_PrimitiveResponseCoupledFiniteProvenance/S02_BootstrapOfTheFirstRelation/S02_A001_GenesisSeedStar.lean	GenesisSeed	INDUCTIVE	12	17	955dc9eafbdeea80ad1eabf998a0dcf576bfa632d2ae5e7a9e77ccb467cfb0d0	RESOLVED
009	A001	D0	4	lean_core	SOURCE	derivation/code/lean/core/src/CNNA/Derivation/S01_PrimitiveResponseCoupledFiniteProvenance/S02_BootstrapOfTheFirstRelation/S02_A001_GenesisSeedStar.lean	canonical	DEF	18	20	955dc9eafbdeea80ad1eabf998a0dcf576bfa632d2ae5e7a9e77ccb467cfb0d0	RESOLVED
009	A001	D0	5	lean_core	SOURCE	derivation/code/lean/core/src/CNNA/Derivation/S01_PrimitiveResponseCoupledFiniteProvenance/S02_BootstrapOfTheFirstRelation/S02_A001_GenesisSeedStar.lean	eqCanonical	THEOREM	21	27	955dc9eafbdeea80ad1eabf998a0dcf576bfa632d2ae5e7a9e77ccb467cfb0d0	RESOLVED
010	N001	D0	1	python	SOURCE	derivation/code/python/src/cnna/derivation/s01_primitive_response_coupled_finite_provenance/s02_bootstrap_of_the_first_relation/s03_n001__initial_conductance_normalization_c_star_1.py	InitialConductanceNormalization	CLASS	23	34	d41e916f59a9b6c8b6fbec95f10f171a2f95714838f3948ac7f75112c7c8eab0	RESOLVED
010	N001	D0	2	python_test	TEST	derivation/code/python/tests/derivation/s01_primitive_response_coupled_finite_provenance/s02_bootstrap_of_the_first_relation/test_s03_n001__initial_conductance_normalization_c_star_1.py	TestInitialConductanceNormalization	CLASS	14	29	fde5d880a23f305aed54815862fc8133bd7b209cc769a1d79048e9aa09a25327	RESOLVED
010	N001	D0	3	lean_core	SOURCE	derivation/code/lean/core/src/CNNA/Derivation/S01_PrimitiveResponseCoupledFiniteProvenance/S02_BootstrapOfTheFirstRelation/S03_N001_InitialConductanceNormalizationCStar1.lean	InitialConductanceNormalization	INDUCTIVE	15	20	fec821addfc248edd0352e4977b46f92693b14bcac09de7080afe6a779c22c17	RESOLVED
010	N001	D0	4	lean_core	SOURCE	derivation/code/lean/core/src/CNNA/Derivation/S01_PrimitiveResponseCoupledFiniteProvenance/S02_BootstrapOfTheFirstRelation/S03_N001_InitialConductanceNormalizationCStar1.lean	canonical	DEF	21	23	fec821addfc248edd0352e4977b46f92693b14bcac09de7080afe6a779c22c17	RESOLVED
010	N001	D0	5	lean_core	SOURCE	derivation/code/lean/core/src/CNNA/Derivation/S01_PrimitiveResponseCoupledFiniteProvenance/S02_BootstrapOfTheFirstRelation/S03_N001_InitialConductanceNormalizationCStar1.lean	value	DEF	24	26	fec821addfc248edd0352e4977b46f92693b14bcac09de7080afe6a779c22c17	RESOLVED
010	N001	D0	6	lean_core	SOURCE	derivation/code/lean/core/src/CNNA/Derivation/S01_PrimitiveResponseCoupledFiniteProvenance/S02_BootstrapOfTheFirstRelation/S03_N001_InitialConductanceNormalizationCStar1.lean	directedValues	DEF	27	30	fec821addfc248edd0352e4977b46f92693b14bcac09de7080afe6a779c22c17	RESOLVED
010	N001	D0	7	lean_core	SOURCE	derivation/code/lean/core/src/CNNA/Derivation/S01_PrimitiveResponseCoupledFiniteProvenance/S02_BootstrapOfTheFirstRelation/S03_N001_InitialConductanceNormalizationCStar1.lean	directedValues_eq_unit_pair	THEOREM	31	37	fec821addfc248edd0352e4977b46f92693b14bcac09de7080afe6a779c22c17	RESOLVED
011	C013	D1	1	python	SOURCE	derivation/code/python/src/cnna/derivation/s01_primitive_response_coupled_finite_provenance/s02_bootstrap_of_the_first_relation/s04_c013__first_non_root_provenance_birth_v1.py	FirstNonRootBirth	CLASS	23	43	02d01363b5e7746aff7358f21d65aa44c8128795f9f6e4be0ac0d4315249251f	RESOLVED
011	C013	D1	2	python	SOURCE	derivation/code/python/src/cnna/derivation/s01_primitive_response_coupled_finite_provenance/s02_bootstrap_of_the_first_relation/s04_c013__first_non_root_provenance_birth_v1.py	build_first_non_root_birth	FUNCTION	46	63	02d01363b5e7746aff7358f21d65aa44c8128795f9f6e4be0ac0d4315249251f	RESOLVED
011	C013	D1	3	python_test	TEST	derivation/code/python/tests/derivation/s01_primitive_response_coupled_finite_provenance/s02_bootstrap_of_the_first_relation/test_s04_c013__first_non_root_provenance_birth_v1.py	slot_at_depth	FUNCTION	17	19	1a22046c8bae87bc8424c4ccc0f5d2ac2cd975e658788a2e7330ec043ded4b84	RESOLVED
011	C013	D1	4	python_test	TEST	derivation/code/python/tests/derivation/s01_primitive_response_coupled_finite_provenance/s02_bootstrap_of_the_first_relation/test_s04_c013__first_non_root_provenance_birth_v1.py	TestFirstNonRootBirth	CLASS	22	33	1a22046c8bae87bc8424c4ccc0f5d2ac2cd975e658788a2e7330ec043ded4b84	RESOLVED
011	C013	D1	5	lean_core	SOURCE	derivation/code/lean/core/src/CNNA/Derivation/S01_PrimitiveResponseCoupledFiniteProvenance/S02_BootstrapOfTheFirstRelation/S04_C013_FirstNonRootProvenanceBirthV1.lean	FirstNonRootBirth	STRUCTURE	22	29	327bb483c673c175bba16bd30964f4b869a3a4d8f41d696d7f8a02fa06c9f78a	RESOLVED
011	C013	D1	6	lean_core	SOURCE	derivation/code/lean/core/src/CNNA/Derivation/S01_PrimitiveResponseCoupledFiniteProvenance/S02_BootstrapOfTheFirstRelation/S04_C013_FirstNonRootProvenanceBirthV1.lean	build	DEF	30	39	327bb483c673c175bba16bd30964f4b869a3a4d8f41d696d7f8a02fa06c9f78a	RESOLVED
011	C013	D1	7	lean_core	SOURCE	derivation/code/lean/core/src/CNNA/Derivation/S01_PrimitiveResponseCoupledFiniteProvenance/S02_BootstrapOfTheFirstRelation/S04_C013_FirstNonRootProvenanceBirthV1.lean	rootAddress	DEF	40	43	327bb483c673c175bba16bd30964f4b869a3a4d8f41d696d7f8a02fa06c9f78a	RESOLVED
011	C013	D1	8	lean_core	SOURCE	derivation/code/lean/core/src/CNNA/Derivation/S01_PrimitiveResponseCoupledFiniteProvenance/S02_BootstrapOfTheFirstRelation/S04_C013_FirstNonRootProvenanceBirthV1.lean	newbornAddress	DEF	44	47	327bb483c673c175bba16bd30964f4b869a3a4d8f41d696d7f8a02fa06c9f78a	RESOLVED
011	C013	D1	9	lean_core	SOURCE	derivation/code/lean/core/src/CNNA/Derivation/S01_PrimitiveResponseCoupledFiniteProvenance/S02_BootstrapOfTheFirstRelation/S04_C013_FirstNonRootProvenanceBirthV1.lean	directedRelations	DEF	48	53	327bb483c673c175bba16bd30964f4b869a3a4d8f41d696d7f8a02fa06c9f78a	RESOLVED
011	C013	D1	10	lean_core	SOURCE	derivation/code/lean/core/src/CNNA/Derivation/S01_PrimitiveResponseCoupledFiniteProvenance/S02_BootstrapOfTheFirstRelation/S04_C013_FirstNonRootProvenanceBirthV1.lean	directedConductances	DEF	54	57	327bb483c673c175bba16bd30964f4b869a3a4d8f41d696d7f8a02fa06c9f78a	RESOLVED
011	C013	D1	11	lean_core	SOURCE	derivation/code/lean/core/src/CNNA/Derivation/S01_PrimitiveResponseCoupledFiniteProvenance/S02_BootstrapOfTheFirstRelation/S04_C013_FirstNonRootProvenanceBirthV1.lean	newborn_eq_first_slot	THEOREM	58	62	327bb483c673c175bba16bd30964f4b869a3a4d8f41d696d7f8a02fa06c9f78a	RESOLVED
011	C013	D1	12	lean_core	SOURCE	derivation/code/lean/core/src/CNNA/Derivation/S01_PrimitiveResponseCoupledFiniteProvenance/S02_BootstrapOfTheFirstRelation/S04_C013_FirstNonRootProvenanceBirthV1.lean	newborn_parent_root	THEOREM	63	69	327bb483c673c175bba16bd30964f4b869a3a4d8f41d696d7f8a02fa06c9f78a	RESOLVED
011	C013	D1	13	lean_core	SOURCE	derivation/code/lean/core/src/CNNA/Derivation/S01_PrimitiveResponseCoupledFiniteProvenance/S02_BootstrapOfTheFirstRelation/S04_C013_FirstNonRootProvenanceBirthV1.lean	directedConductances_eq_unit_pair	THEOREM	70	77	327bb483c673c175bba16bd30964f4b869a3a4d8f41d696d7f8a02fa06c9f78a	RESOLVED
012	T001	D2	1	python	SOURCE	derivation/code/python/src/cnna/derivation/s01_primitive_response_coupled_finite_provenance/s02_bootstrap_of_the_first_relation/s05_t001__seed_neutrality_theorem_for_first_birth.py	first_weighted_state_from_seed	FUNCTION	15	21	0fd2df73db6f59d70b83d22c58fa8089b418061e7ecfe4c8d4f1c167cd3beed4	RESOLVED
012	T001	D2	2	python_test	TEST	derivation/code/python/tests/derivation/s01_primitive_response_coupled_finite_provenance/s02_bootstrap_of_the_first_relation/test_s05_t001__seed_neutrality_theorem_for_first_birth.py	TestSeedNeutralityFirstBirth	CLASS	16	27	24a74c3e5fc36b2d4cae7e8d1c517598e6d78556c9ed0e5645512254f82863da	RESOLVED
012	T001	D2	3	lean_core	SOURCE	derivation/code/lean/core/src/CNNA/Derivation/S01_PrimitiveResponseCoupledFiniteProvenance/S02_BootstrapOfTheFirstRelation/S05_T001_SeedNeutralityTheoremForFirstBirth.lean	firstWeightedStateFromSeed	DEF	15	26	e2da5d1e066d13c176bc9e05a0c3c892ee60c8169c7ddb3d050428f4e675b705	RESOLVED
012	T001	D2	4	lean_core	SOURCE	derivation/code/lean/core/src/CNNA/Derivation/S01_PrimitiveResponseCoupledFiniteProvenance/S02_BootstrapOfTheFirstRelation/S05_T001_SeedNeutralityTheoremForFirstBirth.lean	seedNeutralityFirstBirth	THEOREM	27	41	e2da5d1e066d13c176bc9e05a0c3c892ee60c8169c7ddb3d050428f4e675b705	RESOLVED
013	M005	D2	1	python	SOURCE	derivation/code/python/src/cnna/derivation/s01_primitive_response_coupled_finite_provenance/s02_bootstrap_of_the_first_relation/s06_m005__conductance_unit_normalization_independence.py	normalized_response	FUNCTION	19	24	ba2e0d83204355d034d00d155442d024a8d700a91eebe92a6d55d8761bea73ba	RESOLVED
013	M005	D2	2	python	SOURCE	derivation/code/python/src/cnna/derivation/s01_primitive_response_coupled_finite_provenance/s02_bootstrap_of_the_first_relation/s06_m005__conductance_unit_normalization_independence.py	n001_normalized_response	FUNCTION	27	32	ba2e0d83204355d034d00d155442d024a8d700a91eebe92a6d55d8761bea73ba	RESOLVED
013	M005	D2	3	python	SOURCE	derivation/code/python/src/cnna/derivation/s01_primitive_response_coupled_finite_provenance/s02_bootstrap_of_the_first_relation/s06_m005__conductance_unit_normalization_independence.py	common_positive_rescaling_preserves_normalized_response	FUNCTION	35	46	ba2e0d83204355d034d00d155442d024a8d700a91eebe92a6d55d8761bea73ba	RESOLVED
013	M005	D2	4	python_test	TEST	derivation/code/python/tests/derivation/s01_primitive_response_coupled_finite_provenance/s02_bootstrap_of_the_first_relation/test_s06_m005__conductance_unit_normalization_independence.py	TestConductanceUnitNormalizationIndependence	CLASS	14	25	b0da8ba116abef2a971d43861c476f0fa31d7e84bf7eaac238adf6202cc8d0aa	RESOLVED
013	M005	D2	5	lean_core	SOURCE	derivation/code/lean/core/src/CNNA/Derivation/S01_PrimitiveResponseCoupledFiniteProvenance/S02_BootstrapOfTheFirstRelation/S06_M005_ConductanceUnitNormalizationIndependence.lean	SameNormalizedResponse	DEF	19	23	fbb6b498f04c04acf21ab84c55f1ac32093bac845a08a6daae69d20f5820e221	RESOLVED
013	M005	D2	6	lean_core	SOURCE	derivation/code/lean/core/src/CNNA/Derivation/S01_PrimitiveResponseCoupledFiniteProvenance/S02_BootstrapOfTheFirstRelation/S06_M005_ConductanceUnitNormalizationIndependence.lean	n001ConductanceUnit	DEF	24	27	fbb6b498f04c04acf21ab84c55f1ac32093bac845a08a6daae69d20f5820e221	RESOLVED
013	M005	D2	7	lean_core	SOURCE	derivation/code/lean/core/src/CNNA/Derivation/S01_PrimitiveResponseCoupledFiniteProvenance/S02_BootstrapOfTheFirstRelation/S06_M005_ConductanceUnitNormalizationIndependence.lean	n001ConductanceUnit_eq_one	THEOREM	28	38	fbb6b498f04c04acf21ab84c55f1ac32093bac845a08a6daae69d20f5820e221	RESOLVED
013	M005	D2	8	lean_core	SOURCE	derivation/code/lean/core/src/CNNA/Derivation/S01_PrimitiveResponseCoupledFiniteProvenance/S02_BootstrapOfTheFirstRelation/S06_M005_ConductanceUnitNormalizationIndependence.lean	commonPositiveRescalingPreservesNormalizedResponse	THEOREM	39	55	fbb6b498f04c04acf21ab84c55f1ac32093bac845a08a6daae69d20f5820e221	RESOLVED
013	M005	D2	9	lean_core	SOURCE	derivation/code/lean/core/src/CNNA/Derivation/S01_PrimitiveResponseCoupledFiniteProvenance/S02_BootstrapOfTheFirstRelation/S06_M005_ConductanceUnitNormalizationIndependence.lean	n001CanonicalRepresentativeForPositiveUnit	THEOREM	56	73	fbb6b498f04c04acf21ab84c55f1ac32093bac845a08a6daae69d20f5820e221	RESOLVED
014	C014	D1	1	python	SOURCE	derivation/code/python/src/cnna/derivation/s01_primitive_response_coupled_finite_provenance/s02_bootstrap_of_the_first_relation/s07_c014__bootstrap_state_x1_r_v1_c_r_v1_1.py	BootstrapState	CLASS	23	46	3b2115e677362fae2c1205e74b37f020a93f2a069e31a560484d899dd38d6f28	RESOLVED
014	C014	D1	2	python	SOURCE	derivation/code/python/src/cnna/derivation/s01_primitive_response_coupled_finite_provenance/s02_bootstrap_of_the_first_relation/s07_c014__bootstrap_state_x1_r_v1_c_r_v1_1.py	build_bootstrap_state	FUNCTION	49	51	3b2115e677362fae2c1205e74b37f020a93f2a069e31a560484d899dd38d6f28	RESOLVED
014	C014	D1	3	python_test	TEST	derivation/code/python/tests/derivation/s01_primitive_response_coupled_finite_provenance/s02_bootstrap_of_the_first_relation/test_s07_c014__bootstrap_state_x1_r_v1_c_r_v1_1.py	TestBootstrapState	CLASS	18	30	efa56d83c92ded843c844b52f9271816a58bf9f333a8942c109d1103334b8355	RESOLVED
014	C014	D1	4	lean_core	SOURCE	derivation/code/lean/core/src/CNNA/Derivation/S01_PrimitiveResponseCoupledFiniteProvenance/S02_BootstrapOfTheFirstRelation/S07_C014_BootstrapStateX1RV1CRV11.lean	BootstrapState	STRUCTURE	23	28	6894fdaf9854f4d7251d828bf756a54aa2730d94fe84f733acb9d829c57e65f5	RESOLVED
014	C014	D1	5	lean_core	SOURCE	derivation/code/lean/core/src/CNNA/Derivation/S01_PrimitiveResponseCoupledFiniteProvenance/S02_BootstrapOfTheFirstRelation/S07_C014_BootstrapStateX1RV1CRV11.lean	build	DEF	29	32	6894fdaf9854f4d7251d828bf756a54aa2730d94fe84f733acb9d829c57e65f5	RESOLVED
014	C014	D1	6	lean_core	SOURCE	derivation/code/lean/core/src/CNNA/Derivation/S01_PrimitiveResponseCoupledFiniteProvenance/S02_BootstrapOfTheFirstRelation/S07_C014_BootstrapStateX1RV1CRV11.lean	rootAddress	DEF	33	36	6894fdaf9854f4d7251d828bf756a54aa2730d94fe84f733acb9d829c57e65f5	RESOLVED
014	C014	D1	7	lean_core	SOURCE	derivation/code/lean/core/src/CNNA/Derivation/S01_PrimitiveResponseCoupledFiniteProvenance/S02_BootstrapOfTheFirstRelation/S07_C014_BootstrapStateX1RV1CRV11.lean	newbornAddress	DEF	37	40	6894fdaf9854f4d7251d828bf756a54aa2730d94fe84f733acb9d829c57e65f5	RESOLVED
014	C014	D1	8	lean_core	SOURCE	derivation/code/lean/core/src/CNNA/Derivation/S01_PrimitiveResponseCoupledFiniteProvenance/S02_BootstrapOfTheFirstRelation/S07_C014_BootstrapStateX1RV1CRV11.lean	directedConductances_eq_unit_pair	THEOREM	41	45	6894fdaf9854f4d7251d828bf756a54aa2730d94fe84f733acb9d829c57e65f5	RESOLVED
014	C014	D1	9	lean_core	SOURCE	derivation/code/lean/core/src/CNNA/Derivation/S01_PrimitiveResponseCoupledFiniteProvenance/S02_BootstrapOfTheFirstRelation/S07_C014_BootstrapStateX1RV1CRV11.lean	fromSeed_seedNeutral	THEOREM	46	55	6894fdaf9854f4d7251d828bf756a54aa2730d94fe84f733acb9d829c57e65f5	RESOLVED
014	C014	D1	10	lean_core	SOURCE	derivation/code/lean/core/src/CNNA/Derivation/S01_PrimitiveResponseCoupledFiniteProvenance/S02_BootstrapOfTheFirstRelation/S07_C014_BootstrapStateX1RV1CRV11.lean	directedConductancesRat	DEF	56	60	6894fdaf9854f4d7251d828bf756a54aa2730d94fe84f733acb9d829c57e65f5	RESOLVED
014	C014	D1	11	lean_core	SOURCE	derivation/code/lean/core/src/CNNA/Derivation/S01_PrimitiveResponseCoupledFiniteProvenance/S02_BootstrapOfTheFirstRelation/S07_C014_BootstrapStateX1RV1CRV11.lean	directedConductancesRat_eq_n001_pair	THEOREM	61	74	6894fdaf9854f4d7251d828bf756a54aa2730d94fe84f733acb9d829c57e65f5	RESOLVED
014	C014	D1	12	lean_core	SOURCE	derivation/code/lean/core/src/CNNA/Derivation/S01_PrimitiveResponseCoupledFiniteProvenance/S02_BootstrapOfTheFirstRelation/S07_C014_BootstrapStateX1RV1CRV11.lean	conductanceUnit_isRepresentativeOnly	THEOREM	75	99	6894fdaf9854f4d7251d828bf756a54aa2730d94fe84f733acb9d829c57e65f5	RESOLVED
015	C005	D1	1	python	SOURCE	derivation/code/python/src/cnna/derivation/s01_primitive_response_coupled_finite_provenance/s03_recurrent_pre_birth_measurement_and_steering/s01_c005__response_capable_state_schema_xn_n_ge_1.py	DirectedConductance	CLASS	24	37	96b9867f44f4a5021cd017033e796f41e0fcc9195c09505796129bdbd469f240	RESOLVED
015	C005	D1	2	python	SOURCE	derivation/code/python/src/cnna/derivation/s01_primitive_response_coupled_finite_provenance/s03_recurrent_pre_birth_measurement_and_steering/s01_c005__response_capable_state_schema_xn_n_ge_1.py	ResponseCapableState	CLASS	41	104	96b9867f44f4a5021cd017033e796f41e0fcc9195c09505796129bdbd469f240	RESOLVED
015	C005	D1	3	python	SOURCE	derivation/code/python/src/cnna/derivation/s01_primitive_response_coupled_finite_provenance/s03_recurrent_pre_birth_measurement_and_steering/s01_c005__response_capable_state_schema_xn_n_ge_1.py	response_capable_state_from_bootstrap	FUNCTION	107	124	96b9867f44f4a5021cd017033e796f41e0fcc9195c09505796129bdbd469f240	RESOLVED
015	C005	D1	4	python_test	TEST	derivation/code/python/tests/derivation/s01_primitive_response_coupled_finite_provenance/s03_recurrent_pre_birth_measurement_and_steering/test_s01_c005__response_capable_state_schema_xn_n_ge_1.py	_x1	FUNCTION	19	25	76c931c265f48c2abaac94e149d867f8c7c6871798465855b52a3baf9e070579	RESOLVED
015	C005	D1	5	python_test	TEST	derivation/code/python/tests/derivation/s01_primitive_response_coupled_finite_provenance/s03_recurrent_pre_birth_measurement_and_steering/test_s01_c005__response_capable_state_schema_xn_n_ge_1.py	TestResponseCapableStateSchema	CLASS	28	59	76c931c265f48c2abaac94e149d867f8c7c6871798465855b52a3baf9e070579	RESOLVED
015	C005	D1	6	lean_core	SOURCE	derivation/code/lean/core/src/CNNA/Derivation/S01_PrimitiveResponseCoupledFiniteProvenance/S03_RecurrentPreBirthMeasurementAndSteering/S01_C005_ResponseCapableStateSchemaXnNGe1.lean	DirectedConductance	STRUCTURE	26	33	732f5cf1227d57955c144b99043f0c58bb6535ae3a3d2bf3ac584385df0cb6cc	RESOLVED
015	C005	D1	7	lean_core	SOURCE	derivation/code/lean/core/src/CNNA/Derivation/S01_PrimitiveResponseCoupledFiniteProvenance/S03_RecurrentPreBirthMeasurementAndSteering/S01_C005_ResponseCapableStateSchemaXnNGe1.lean	NodeBorn	DEF	34	39	732f5cf1227d57955c144b99043f0c58bb6535ae3a3d2bf3ac584385df0cb6cc	RESOLVED
015	C005	D1	8	lean_core	SOURCE	derivation/code/lean/core/src/CNNA/Derivation/S01_PrimitiveResponseCoupledFiniteProvenance/S03_RecurrentPreBirthMeasurementAndSteering/S01_C005_ResponseCapableStateSchemaXnNGe1.lean	HasConductance	DEF	40	45	732f5cf1227d57955c144b99043f0c58bb6535ae3a3d2bf3ac584385df0cb6cc	RESOLVED
015	C005	D1	9	lean_core	SOURCE	derivation/code/lean/core/src/CNNA/Derivation/S01_PrimitiveResponseCoupledFiniteProvenance/S03_RecurrentPreBirthMeasurementAndSteering/S01_C005_ResponseCapableStateSchemaXnNGe1.lean	DistinctConductancePair	DEF	46	50	732f5cf1227d57955c144b99043f0c58bb6535ae3a3d2bf3ac584385df0cb6cc	RESOLVED
015	C005	D1	10	lean_core	SOURCE	derivation/code/lean/core/src/CNNA/Derivation/S01_PrimitiveResponseCoupledFiniteProvenance/S03_RecurrentPreBirthMeasurementAndSteering/S01_C005_ResponseCapableStateSchemaXnNGe1.lean	ResponseCapableState	STRUCTURE	51	81	732f5cf1227d57955c144b99043f0c58bb6535ae3a3d2bf3ac584385df0cb6cc	RESOLVED
015	C005	D1	11	lean_core	SOURCE	derivation/code/lean/core/src/CNNA/Derivation/S01_PrimitiveResponseCoupledFiniteProvenance/S03_RecurrentPreBirthMeasurementAndSteering/S01_C005_ResponseCapableStateSchemaXnNGe1.lean	n	DEF	82	85	732f5cf1227d57955c144b99043f0c58bb6535ae3a3d2bf3ac584385df0cb6cc	RESOLVED
015	C005	D1	12	lean_core	SOURCE	derivation/code/lean/core/src/CNNA/Derivation/S01_PrimitiveResponseCoupledFiniteProvenance/S03_RecurrentPreBirthMeasurementAndSteering/S01_C005_ResponseCapableStateSchemaXnNGe1.lean	one_le_n	THEOREM	86	95	732f5cf1227d57955c144b99043f0c58bb6535ae3a3d2bf3ac584385df0cb6cc	RESOLVED
015	C005	D1	13	lean_core	SOURCE	derivation/code/lean/core/src/CNNA/Derivation/S01_PrimitiveResponseCoupledFiniteProvenance/S03_RecurrentPreBirthMeasurementAndSteering/S01_C005_ResponseCapableStateSchemaXnNGe1.lean	rootAddress	DEF	96	99	732f5cf1227d57955c144b99043f0c58bb6535ae3a3d2bf3ac584385df0cb6cc	RESOLVED
015	C005	D1	14	lean_core	SOURCE	derivation/code/lean/core/src/CNNA/Derivation/S01_PrimitiveResponseCoupledFiniteProvenance/S03_RecurrentPreBirthMeasurementAndSteering/S01_C005_ResponseCapableStateSchemaXnNGe1.lean	rootBorn	THEOREM	100	104	732f5cf1227d57955c144b99043f0c58bb6535ae3a3d2bf3ac584385df0cb6cc	RESOLVED
015	C005	D1	15	lean_core	SOURCE	derivation/code/lean/core/src/CNNA/Derivation/S01_PrimitiveResponseCoupledFiniteProvenance/S03_RecurrentPreBirthMeasurementAndSteering/S01_C005_ResponseCapableStateSchemaXnNGe1.lean	bootstrap_root_ne_newborn	THEOREM	105	116	732f5cf1227d57955c144b99043f0c58bb6535ae3a3d2bf3ac584385df0cb6cc	RESOLVED
015	C005	D1	16	lean_core	SOURCE	derivation/code/lean/core/src/CNNA/Derivation/S01_PrimitiveResponseCoupledFiniteProvenance/S03_RecurrentPreBirthMeasurementAndSteering/S01_C005_ResponseCapableStateSchemaXnNGe1.lean	bootstrapForwardConductance	DEF	117	127	732f5cf1227d57955c144b99043f0c58bb6535ae3a3d2bf3ac584385df0cb6cc	RESOLVED
015	C005	D1	17	lean_core	SOURCE	derivation/code/lean/core/src/CNNA/Derivation/S01_PrimitiveResponseCoupledFiniteProvenance/S03_RecurrentPreBirthMeasurementAndSteering/S01_C005_ResponseCapableStateSchemaXnNGe1.lean	bootstrapBackwardConductance	DEF	128	138	732f5cf1227d57955c144b99043f0c58bb6535ae3a3d2bf3ac584385df0cb6cc	RESOLVED
015	C005	D1	18	lean_core	SOURCE	derivation/code/lean/core/src/CNNA/Derivation/S01_PrimitiveResponseCoupledFiniteProvenance/S03_RecurrentPreBirthMeasurementAndSteering/S01_C005_ResponseCapableStateSchemaXnNGe1.lean	base_case_transports_c014_forward_value	THEOREM	139	144	732f5cf1227d57955c144b99043f0c58bb6535ae3a3d2bf3ac584385df0cb6cc	RESOLVED
015	C005	D1	19	lean_core	SOURCE	derivation/code/lean/core/src/CNNA/Derivation/S01_PrimitiveResponseCoupledFiniteProvenance/S03_RecurrentPreBirthMeasurementAndSteering/S01_C005_ResponseCapableStateSchemaXnNGe1.lean	base_case_transports_c014_backward_value	THEOREM	145	150	732f5cf1227d57955c144b99043f0c58bb6535ae3a3d2bf3ac584385df0cb6cc	RESOLVED
015	C005	D1	20	lean_core	SOURCE	derivation/code/lean/core/src/CNNA/Derivation/S01_PrimitiveResponseCoupledFiniteProvenance/S03_RecurrentPreBirthMeasurementAndSteering/S01_C005_ResponseCapableStateSchemaXnNGe1.lean	bootstrap_bornOrdered	THEOREM	151	158	732f5cf1227d57955c144b99043f0c58bb6535ae3a3d2bf3ac584385df0cb6cc	RESOLVED
015	C005	D1	21	lean_core	SOURCE	derivation/code/lean/core/src/CNNA/Derivation/S01_PrimitiveResponseCoupledFiniteProvenance/S03_RecurrentPreBirthMeasurementAndSteering/S01_C005_ResponseCapableStateSchemaXnNGe1.lean	bootstrap_bornInitial	THEOREM	159	178	732f5cf1227d57955c144b99043f0c58bb6535ae3a3d2bf3ac584385df0cb6cc	RESOLVED
015	C005	D1	22	lean_core	SOURCE	derivation/code/lean/core/src/CNNA/Derivation/S01_PrimitiveResponseCoupledFiniteProvenance/S03_RecurrentPreBirthMeasurementAndSteering/S01_C005_ResponseCapableStateSchemaXnNGe1.lean	bootstrap_conductancePairsUnique	THEOREM	179	194	732f5cf1227d57955c144b99043f0c58bb6535ae3a3d2bf3ac584385df0cb6cc	RESOLVED
015	C005	D1	23	lean_core	SOURCE	derivation/code/lean/core/src/CNNA/Derivation/S01_PrimitiveResponseCoupledFiniteProvenance/S03_RecurrentPreBirthMeasurementAndSteering/S01_C005_ResponseCapableStateSchemaXnNGe1.lean	fromBootstrap	DEF	195	245	732f5cf1227d57955c144b99043f0c58bb6535ae3a3d2bf3ac584385df0cb6cc	RESOLVED
015	C005	D1	24	lean_core	SOURCE	derivation/code/lean/core/src/CNNA/Derivation/S01_PrimitiveResponseCoupledFiniteProvenance/S03_RecurrentPreBirthMeasurementAndSteering/S01_C005_ResponseCapableStateSchemaXnNGe1.lean	fromBootstrap_n	THEOREM	246	251	732f5cf1227d57955c144b99043f0c58bb6535ae3a3d2bf3ac584385df0cb6cc	RESOLVED
016	C004	D1	1	python	SOURCE	derivation/code/python/src/cnna/derivation/s01_primitive_response_coupled_finite_provenance/s03_recurrent_pre_birth_measurement_and_steering/s02_c004__next_open_provenance_slot_snplus1_n_ge_1.py	is_next_open_provenance_slot	FUNCTION	24	51	d939caa5a08845e0ee8faa737e79efebdec29031de08d5d52b51f77c3aab0535	RESOLVED
016	C004	D1	2	python	SOURCE	derivation/code/python/src/cnna/derivation/s01_primitive_response_coupled_finite_provenance/s03_recurrent_pre_birth_measurement_and_steering/s02_c004__next_open_provenance_slot_snplus1_n_ge_1.py	next_open_provenance_slot	FUNCTION	54	91	d939caa5a08845e0ee8faa737e79efebdec29031de08d5d52b51f77c3aab0535	RESOLVED
016	C004	D1	3	python_test	TEST	derivation/code/python/tests/derivation/s01_primitive_response_coupled_finite_provenance/s03_recurrent_pre_birth_measurement_and_steering/test_s02_c004__next_open_provenance_slot_snplus1_n_ge_1.py	_state	FUNCTION	16	31	e03128bfa022ebd4939c778fee4cc19eda4711544922d965ae227457392b725f	RESOLVED
016	C004	D1	4	python_test	TEST	derivation/code/python/tests/derivation/s01_primitive_response_coupled_finite_provenance/s03_recurrent_pre_birth_measurement_and_steering/test_s02_c004__next_open_provenance_slot_snplus1_n_ge_1.py	TestNextOpenProvenanceSlot	CLASS	34	107	e03128bfa022ebd4939c778fee4cc19eda4711544922d965ae227457392b725f	RESOLVED
016	C004	D1	5	lean_core	SOURCE	derivation/code/lean/core/src/CNNA/Derivation/S01_PrimitiveResponseCoupledFiniteProvenance/S03_RecurrentPreBirthMeasurementAndSteering/S02_C004_NextOpenProvenanceSlotSnplus1NGe1.lean	addressesAtDepth	DEF	39	47	e729d8ac3ebcf263049f660b8ea33bd9087d60fd1796d076a7c55659e922281a	RESOLVED
016	C004	D1	6	lean_core	SOURCE	derivation/code/lean/core/src/CNNA/Derivation/S01_PrimitiveResponseCoupledFiniteProvenance/S03_RecurrentPreBirthMeasurementAndSteering/S02_C004_NextOpenProvenanceSlotSnplus1NGe1.lean	mem_addressesAtDepth_of_length_eq	THEOREM	48	63	e729d8ac3ebcf263049f660b8ea33bd9087d60fd1796d076a7c55659e922281a	RESOLVED
016	C004	D1	7	lean_core	SOURCE	derivation/code/lean/core/src/CNNA/Derivation/S01_PrimitiveResponseCoupledFiniteProvenance/S03_RecurrentPreBirthMeasurementAndSteering/S02_C004_NextOpenProvenanceSlotSnplus1NGe1.lean	addressesUpTo	DEF	64	69	e729d8ac3ebcf263049f660b8ea33bd9087d60fd1796d076a7c55659e922281a	RESOLVED
016	C004	D1	8	lean_core	SOURCE	derivation/code/lean/core/src/CNNA/Derivation/S01_PrimitiveResponseCoupledFiniteProvenance/S03_RecurrentPreBirthMeasurementAndSteering/S02_C004_NextOpenProvenanceSlotSnplus1NGe1.lean	mem_addressesUpTo_of_length_le	THEOREM	70	88	e729d8ac3ebcf263049f660b8ea33bd9087d60fd1796d076a7c55659e922281a	RESOLVED
016	C004	D1	9	lean_core	SOURCE	derivation/code/lean/core/src/CNNA/Derivation/S01_PrimitiveResponseCoupledFiniteProvenance/S03_RecurrentPreBirthMeasurementAndSteering/S02_C004_NextOpenProvenanceSlotSnplus1NGe1.lean	AdmissibleOpenAddress	DEF	89	95	e729d8ac3ebcf263049f660b8ea33bd9087d60fd1796d076a7c55659e922281a	RESOLVED
016	C004	D1	10	lean_core	SOURCE	derivation/code/lean/core/src/CNNA/Derivation/S01_PrimitiveResponseCoupledFiniteProvenance/S03_RecurrentPreBirthMeasurementAndSteering/S02_C004_NextOpenProvenanceSlotSnplus1NGe1.lean	Unsaturated	DEF	96	99	e729d8ac3ebcf263049f660b8ea33bd9087d60fd1796d076a7c55659e922281a	RESOLVED
016	C004	D1	11	lean_core	SOURCE	derivation/code/lean/core/src/CNNA/Derivation/S01_PrimitiveResponseCoupledFiniteProvenance/S03_RecurrentPreBirthMeasurementAndSteering/S02_C004_NextOpenProvenanceSlotSnplus1NGe1.lean	Saturated	DEF	100	107	e729d8ac3ebcf263049f660b8ea33bd9087d60fd1796d076a7c55659e922281a	RESOLVED
016	C004	D1	12	lean_core	SOURCE	derivation/code/lean/core/src/CNNA/Derivation/S01_PrimitiveResponseCoupledFiniteProvenance/S03_RecurrentPreBirthMeasurementAndSteering/S02_C004_NextOpenProvenanceSlotSnplus1NGe1.lean	IsNextOpenAddress	DEF	108	116	e729d8ac3ebcf263049f660b8ea33bd9087d60fd1796d076a7c55659e922281a	RESOLVED
016	C004	D1	13	lean_core	SOURCE	derivation/code/lean/core/src/CNNA/Derivation/S01_PrimitiveResponseCoupledFiniteProvenance/S03_RecurrentPreBirthMeasurementAndSteering/S02_C004_NextOpenProvenanceSlotSnplus1NGe1.lean	NextOpenSlot	ABBREV	117	123	e729d8ac3ebcf263049f660b8ea33bd9087d60fd1796d076a7c55659e922281a	RESOLVED
016	C004	D1	14	lean_core	SOURCE	derivation/code/lean/core/src/CNNA/Derivation/S01_PrimitiveResponseCoupledFiniteProvenance/S03_RecurrentPreBirthMeasurementAndSteering/S02_C004_NextOpenProvenanceSlotSnplus1NGe1.lean	admissibleOpenAddressDecidable	INSTANCE	124	133	e729d8ac3ebcf263049f660b8ea33bd9087d60fd1796d076a7c55659e922281a	RESOLVED
016	C004	D1	15	lean_core	SOURCE	derivation/code/lean/core/src/CNNA/Derivation/S01_PrimitiveResponseCoupledFiniteProvenance/S03_RecurrentPreBirthMeasurementAndSteering/S02_C004_NextOpenProvenanceSlotSnplus1NGe1.lean	birthBeforeDecidable	INSTANCE	134	145	e729d8ac3ebcf263049f660b8ea33bd9087d60fd1796d076a7c55659e922281a	RESOLVED
016	C004	D1	16	lean_core	SOURCE	derivation/code/lean/core/src/CNNA/Derivation/S01_PrimitiveResponseCoupledFiniteProvenance/S03_RecurrentPreBirthMeasurementAndSteering/S02_C004_NextOpenProvenanceSlotSnplus1NGe1.lean	preferEarlierOpen	DEF	146	157	e729d8ac3ebcf263049f660b8ea33bd9087d60fd1796d076a7c55659e922281a	RESOLVED
016	C004	D1	17	lean_core	SOURCE	derivation/code/lean/core/src/CNNA/Derivation/S01_PrimitiveResponseCoupledFiniteProvenance/S03_RecurrentPreBirthMeasurementAndSteering/S02_C004_NextOpenProvenanceSlotSnplus1NGe1.lean	MinimalAmong	DEF	158	165	e729d8ac3ebcf263049f660b8ea33bd9087d60fd1796d076a7c55659e922281a	RESOLVED
016	C004	D1	18	lean_core	SOURCE	derivation/code/lean/core/src/CNNA/Derivation/S01_PrimitiveResponseCoupledFiniteProvenance/S03_RecurrentPreBirthMeasurementAndSteering/S02_C004_NextOpenProvenanceSlotSnplus1NGe1.lean	minimalAmong_cons	THEOREM	166	208	e729d8ac3ebcf263049f660b8ea33bd9087d60fd1796d076a7c55659e922281a	RESOLVED
016	C004	D1	19	lean_core	SOURCE	derivation/code/lean/core/src/CNNA/Derivation/S01_PrimitiveResponseCoupledFiniteProvenance/S03_RecurrentPreBirthMeasurementAndSteering/S02_C004_NextOpenProvenanceSlotSnplus1NGe1.lean	leastOpenFrom	DEF	209	218	e729d8ac3ebcf263049f660b8ea33bd9087d60fd1796d076a7c55659e922281a	RESOLVED
016	C004	D1	20	lean_core	SOURCE	derivation/code/lean/core/src/CNNA/Derivation/S01_PrimitiveResponseCoupledFiniteProvenance/S03_RecurrentPreBirthMeasurementAndSteering/S02_C004_NextOpenProvenanceSlotSnplus1NGe1.lean	leastOpenFrom_minimal	THEOREM	219	235	e729d8ac3ebcf263049f660b8ea33bd9087d60fd1796d076a7c55659e922281a	RESOLVED
016	C004	D1	21	lean_core	SOURCE	derivation/code/lean/core/src/CNNA/Derivation/S01_PrimitiveResponseCoupledFiniteProvenance/S03_RecurrentPreBirthMeasurementAndSteering/S02_C004_NextOpenProvenanceSlotSnplus1NGe1.lean	exists_of_unsaturated	THEOREM	236	251	e729d8ac3ebcf263049f660b8ea33bd9087d60fd1796d076a7c55659e922281a	RESOLVED
016	C004	D1	22	lean_core	SOURCE	derivation/code/lean/core/src/CNNA/Derivation/S01_PrimitiveResponseCoupledFiniteProvenance/S03_RecurrentPreBirthMeasurementAndSteering/S02_C004_NextOpenProvenanceSlotSnplus1NGe1.lean	child_nonroot	THEOREM	252	256	e729d8ac3ebcf263049f660b8ea33bd9087d60fd1796d076a7c55659e922281a	RESOLVED
016	C004	D1	23	lean_core	SOURCE	derivation/code/lean/core/src/CNNA/Derivation/S01_PrimitiveResponseCoupledFiniteProvenance/S03_RecurrentPreBirthMeasurementAndSteering/S02_C004_NextOpenProvenanceSlotSnplus1NGe1.lean	child_withinCutoff	THEOREM	257	261	e729d8ac3ebcf263049f660b8ea33bd9087d60fd1796d076a7c55659e922281a	RESOLVED
016	C004	D1	24	lean_core	SOURCE	derivation/code/lean/core/src/CNNA/Derivation/S01_PrimitiveResponseCoupledFiniteProvenance/S03_RecurrentPreBirthMeasurementAndSteering/S02_C004_NextOpenProvenanceSlotSnplus1NGe1.lean	child_notBorn	THEOREM	262	266	e729d8ac3ebcf263049f660b8ea33bd9087d60fd1796d076a7c55659e922281a	RESOLVED
016	C004	D1	25	lean_core	SOURCE	derivation/code/lean/core/src/CNNA/Derivation/S01_PrimitiveResponseCoupledFiniteProvenance/S03_RecurrentPreBirthMeasurementAndSteering/S02_C004_NextOpenProvenanceSlotSnplus1NGe1.lean	no_open_before	THEOREM	267	273	e729d8ac3ebcf263049f660b8ea33bd9087d60fd1796d076a7c55659e922281a	RESOLVED
016	C004	D1	26	lean_core	SOURCE	derivation/code/lean/core/src/CNNA/Derivation/S01_PrimitiveResponseCoupledFiniteProvenance/S03_RecurrentPreBirthMeasurementAndSteering/S02_C004_NextOpenProvenanceSlotSnplus1NGe1.lean	child_unique	THEOREM	274	285	e729d8ac3ebcf263049f660b8ea33bd9087d60fd1796d076a7c55659e922281a	RESOLVED
016	C004	D1	27	lean_core	SOURCE	derivation/code/lean/core/src/CNNA/Derivation/S01_PrimitiveResponseCoupledFiniteProvenance/S03_RecurrentPreBirthMeasurementAndSteering/S02_C004_NextOpenProvenanceSlotSnplus1NGe1.lean	unique	THEOREM	286	292	e729d8ac3ebcf263049f660b8ea33bd9087d60fd1796d076a7c55659e922281a	RESOLVED
016	C004	D1	28	lean_core	SOURCE	derivation/code/lean/core/src/CNNA/Derivation/S01_PrimitiveResponseCoupledFiniteProvenance/S03_RecurrentPreBirthMeasurementAndSteering/S02_C004_NextOpenProvenanceSlotSnplus1NGe1.lean	born_before_next	THEOREM	293	311	e729d8ac3ebcf263049f660b8ea33bd9087d60fd1796d076a7c55659e922281a	RESOLVED
016	C004	D1	29	lean_core	SOURCE	derivation/code/lean/core/src/CNNA/Derivation/S01_PrimitiveResponseCoupledFiniteProvenance/S03_RecurrentPreBirthMeasurementAndSteering/S02_C004_NextOpenProvenanceSlotSnplus1NGe1.lean	earlier_admissible_is_born	THEOREM	312	327	e729d8ac3ebcf263049f660b8ea33bd9087d60fd1796d076a7c55659e922281a	RESOLVED
016	C004	D1	30	lean_core	SOURCE	derivation/code/lean/core/src/CNNA/Derivation/S01_PrimitiveResponseCoupledFiniteProvenance/S03_RecurrentPreBirthMeasurementAndSteering/S02_C004_NextOpenProvenanceSlotSnplus1NGe1.lean	admissible_born_iff_before_next	THEOREM	328	340	e729d8ac3ebcf263049f660b8ea33bd9087d60fd1796d076a7c55659e922281a	RESOLVED
016	C004	D1	31	lean_core	SOURCE	derivation/code/lean/core/src/CNNA/Derivation/S01_PrimitiveResponseCoupledFiniteProvenance/S03_RecurrentPreBirthMeasurementAndSteering/S02_C004_NextOpenProvenanceSlotSnplus1NGe1.lean	snoc_eq_append_singleton	THEOREM	341	351	e729d8ac3ebcf263049f660b8ea33bd9087d60fd1796d076a7c55659e922281a	RESOLVED
016	C004	D1	32	lean_core	SOURCE	derivation/code/lean/core/src/CNNA/Derivation/S01_PrimitiveResponseCoupledFiniteProvenance/S03_RecurrentPreBirthMeasurementAndSteering/S02_C004_NextOpenProvenanceSlotSnplus1NGe1.lean	child_ne_nil	THEOREM	352	359	e729d8ac3ebcf263049f660b8ea33bd9087d60fd1796d076a7c55659e922281a	RESOLVED
016	C004	D1	33	lean_core	SOURCE	derivation/code/lean/core/src/CNNA/Derivation/S01_PrimitiveResponseCoupledFiniteProvenance/S03_RecurrentPreBirthMeasurementAndSteering/S02_C004_NextOpenProvenanceSlotSnplus1NGe1.lean	parentAddress	DEF	360	364	e729d8ac3ebcf263049f660b8ea33bd9087d60fd1796d076a7c55659e922281a	RESOLVED
016	C004	D1	34	lean_core	SOURCE	derivation/code/lean/core/src/CNNA/Derivation/S01_PrimitiveResponseCoupledFiniteProvenance/S03_RecurrentPreBirthMeasurementAndSteering/S02_C004_NextOpenProvenanceSlotSnplus1NGe1.lean	rank	DEF	365	369	e729d8ac3ebcf263049f660b8ea33bd9087d60fd1796d076a7c55659e922281a	RESOLVED
016	C004	D1	35	lean_core	SOURCE	derivation/code/lean/core/src/CNNA/Derivation/S01_PrimitiveResponseCoupledFiniteProvenance/S03_RecurrentPreBirthMeasurementAndSteering/S02_C004_NextOpenProvenanceSlotSnplus1NGe1.lean	child_eq_snoc	THEOREM	370	375	e729d8ac3ebcf263049f660b8ea33bd9087d60fd1796d076a7c55659e922281a	RESOLVED
016	C004	D1	36	lean_core	SOURCE	derivation/code/lean/core/src/CNNA/Derivation/S01_PrimitiveResponseCoupledFiniteProvenance/S03_RecurrentPreBirthMeasurementAndSteering/S02_C004_NextOpenProvenanceSlotSnplus1NGe1.lean	child_parent	THEOREM	376	381	e729d8ac3ebcf263049f660b8ea33bd9087d60fd1796d076a7c55659e922281a	RESOLVED
016	C004	D1	37	lean_core	SOURCE	derivation/code/lean/core/src/CNNA/Derivation/S01_PrimitiveResponseCoupledFiniteProvenance/S03_RecurrentPreBirthMeasurementAndSteering/S02_C004_NextOpenProvenanceSlotSnplus1NGe1.lean	child_finalSlot	THEOREM	382	387	e729d8ac3ebcf263049f660b8ea33bd9087d60fd1796d076a7c55659e922281a	RESOLVED
016	C004	D1	38	lean_core	SOURCE	derivation/code/lean/core/src/CNNA/Derivation/S01_PrimitiveResponseCoupledFiniteProvenance/S03_RecurrentPreBirthMeasurementAndSteering/S02_C004_NextOpenProvenanceSlotSnplus1NGe1.lean	eq_root_of_depth_eq_zero	THEOREM	388	400	e729d8ac3ebcf263049f660b8ea33bd9087d60fd1796d076a7c55659e922281a	RESOLVED
016	C004	D1	39	lean_core	SOURCE	derivation/code/lean/core/src/CNNA/Derivation/S01_PrimitiveResponseCoupledFiniteProvenance/S03_RecurrentPreBirthMeasurementAndSteering/S02_C004_NextOpenProvenanceSlotSnplus1NGe1.lean	parent_born	THEOREM	401	429	e729d8ac3ebcf263049f660b8ea33bd9087d60fd1796d076a7c55659e922281a	RESOLVED
016	C004	D1	40	lean_core	SOURCE	derivation/code/lean/core/src/CNNA/Derivation/S01_PrimitiveResponseCoupledFiniteProvenance/S03_RecurrentPreBirthMeasurementAndSteering/S02_C004_NextOpenProvenanceSlotSnplus1NGe1.lean	parent_rank_unique	THEOREM	430	442	e729d8ac3ebcf263049f660b8ea33bd9087d60fd1796d076a7c55659e922281a	RESOLVED
016	C004	D1	41	lean_core	SOURCE	derivation/code/lean/core/src/CNNA/Derivation/S01_PrimitiveResponseCoupledFiniteProvenance/S03_RecurrentPreBirthMeasurementAndSteering/S02_C004_NextOpenProvenanceSlotSnplus1NGe1.lean	unsaturated_not_saturated	THEOREM	443	450	e729d8ac3ebcf263049f660b8ea33bd9087d60fd1796d076a7c55659e922281a	RESOLVED
016	C004	D1	42	lean_core	SOURCE	derivation/code/lean/core/src/CNNA/Derivation/S01_PrimitiveResponseCoupledFiniteProvenance/S03_RecurrentPreBirthMeasurementAndSteering/S02_C004_NextOpenProvenanceSlotSnplus1NGe1.lean	no_next_of_saturated	THEOREM	451	459	e729d8ac3ebcf263049f660b8ea33bd9087d60fd1796d076a7c55659e922281a	RESOLVED
017	C006	D1	1	python	SOURCE	derivation/code/python/src/cnna/derivation/s01_primitive_response_coupled_finite_provenance/s03_recurrent_pre_birth_measurement_and_steering/s03_c006__birth_local_schur_dtn_primitive.py	InteriorNotAdmissibleError	CLASS	32	33	7a16beb12e9cf5e892dbef27b783f4d0a13684aad72b95b6b5e8ef73c75eb64a	RESOLVED
017	C006	D1	2	python	SOURCE	derivation/code/python/src/cnna/derivation/s01_primitive_response_coupled_finite_provenance/s03_recurrent_pre_birth_measurement_and_steering/s03_c006__birth_local_schur_dtn_primitive.py	_validate_matrix	FUNCTION	36	47	7a16beb12e9cf5e892dbef27b783f4d0a13684aad72b95b6b5e8ef73c75eb64a	RESOLVED
017	C006	D1	3	python	SOURCE	derivation/code/python/src/cnna/derivation/s01_primitive_response_coupled_finite_provenance/s03_recurrent_pre_birth_measurement_and_steering/s03_c006__birth_local_schur_dtn_primitive.py	matrix_subtract	FUNCTION	50	61	7a16beb12e9cf5e892dbef27b783f4d0a13684aad72b95b6b5e8ef73c75eb64a	RESOLVED
017	C006	D1	4	python	SOURCE	derivation/code/python/src/cnna/derivation/s01_primitive_response_coupled_finite_provenance/s03_recurrent_pre_birth_measurement_and_steering/s03_c006__birth_local_schur_dtn_primitive.py	matrix_multiply	FUNCTION	64	94	7a16beb12e9cf5e892dbef27b783f4d0a13684aad72b95b6b5e8ef73c75eb64a	RESOLVED
017	C006	D1	5	python	SOURCE	derivation/code/python/src/cnna/derivation/s01_primitive_response_coupled_finite_provenance/s03_recurrent_pre_birth_measurement_and_steering/s03_c006__birth_local_schur_dtn_primitive.py	OrderedSchurBlocks	CLASS	98	122	7a16beb12e9cf5e892dbef27b783f4d0a13684aad72b95b6b5e8ef73c75eb64a	RESOLVED
017	C006	D1	6	python	SOURCE	derivation/code/python/src/cnna/derivation/s01_primitive_response_coupled_finite_provenance/s03_recurrent_pre_birth_measurement_and_steering/s03_c006__birth_local_schur_dtn_primitive.py	is_interior_solve	FUNCTION	125	138	7a16beb12e9cf5e892dbef27b783f4d0a13684aad72b95b6b5e8ef73c75eb64a	RESOLVED
017	C006	D1	7	python	SOURCE	derivation/code/python/src/cnna/derivation/s01_primitive_response_coupled_finite_provenance/s03_recurrent_pre_birth_measurement_and_steering/s03_c006__birth_local_schur_dtn_primitive.py	_unique_interior_solve	FUNCTION	141	179	7a16beb12e9cf5e892dbef27b783f4d0a13684aad72b95b6b5e8ef73c75eb64a	RESOLVED
017	C006	D1	8	python	SOURCE	derivation/code/python/src/cnna/derivation/s01_primitive_response_coupled_finite_provenance/s03_recurrent_pre_birth_measurement_and_steering/s03_c006__birth_local_schur_dtn_primitive.py	interior_is_admissible	FUNCTION	182	190	7a16beb12e9cf5e892dbef27b783f4d0a13684aad72b95b6b5e8ef73c75eb64a	RESOLVED
017	C006	D1	9	python	SOURCE	derivation/code/python/src/cnna/derivation/s01_primitive_response_coupled_finite_provenance/s03_recurrent_pre_birth_measurement_and_steering/s03_c006__birth_local_schur_dtn_primitive.py	schur_dtn_response_from_solve	FUNCTION	193	208	7a16beb12e9cf5e892dbef27b783f4d0a13684aad72b95b6b5e8ef73c75eb64a	RESOLVED
017	C006	D1	10	python	SOURCE	derivation/code/python/src/cnna/derivation/s01_primitive_response_coupled_finite_provenance/s03_recurrent_pre_birth_measurement_and_steering/s03_c006__birth_local_schur_dtn_primitive.py	schur_dtn_response	FUNCTION	211	216	7a16beb12e9cf5e892dbef27b783f4d0a13684aad72b95b6b5e8ef73c75eb64a	RESOLVED
017	C006	D1	11	python_test	TEST	derivation/code/python/tests/derivation/s01_primitive_response_coupled_finite_provenance/s03_recurrent_pre_birth_measurement_and_steering/test_s03_c006__birth_local_schur_dtn_primitive.py	_raw_of_fraction	FUNCTION	18	21	7a8ff76ba2f23fc500aee3c73e81a1f2e8c3adeb701389493acd7b49b2468d94	RESOLVED
017	C006	D1	12	python_test	TEST	derivation/code/python/tests/derivation/s01_primitive_response_coupled_finite_provenance/s03_recurrent_pre_birth_measurement_and_steering/test_s03_c006__birth_local_schur_dtn_primitive.py	_raw_value	FUNCTION	24	26	7a8ff76ba2f23fc500aee3c73e81a1f2e8c3adeb701389493acd7b49b2468d94	RESOLVED
017	C006	D1	13	python_test	TEST	derivation/code/python/tests/derivation/s01_primitive_response_coupled_finite_provenance/s03_recurrent_pre_birth_measurement_and_steering/test_s03_c006__birth_local_schur_dtn_primitive.py	_raw_add	FUNCTION	29	32	7a8ff76ba2f23fc500aee3c73e81a1f2e8c3adeb701389493acd7b49b2468d94	RESOLVED
017	C006	D1	14	python_test	TEST	derivation/code/python/tests/derivation/s01_primitive_response_coupled_finite_provenance/s03_recurrent_pre_birth_measurement_and_steering/test_s03_c006__birth_local_schur_dtn_primitive.py	_raw_mul	FUNCTION	35	38	7a8ff76ba2f23fc500aee3c73e81a1f2e8c3adeb701389493acd7b49b2468d94	RESOLVED
017	C006	D1	15	python_test	TEST	derivation/code/python/tests/derivation/s01_primitive_response_coupled_finite_provenance/s03_recurrent_pre_birth_measurement_and_steering/test_s03_c006__birth_local_schur_dtn_primitive.py	_raw_sub	FUNCTION	41	44	7a8ff76ba2f23fc500aee3c73e81a1f2e8c3adeb701389493acd7b49b2468d94	RESOLVED
017	C006	D1	16	python_test	TEST	derivation/code/python/tests/derivation/s01_primitive_response_coupled_finite_provenance/s03_recurrent_pre_birth_measurement_and_steering/test_s03_c006__birth_local_schur_dtn_primitive.py	TestBirthLocalSchurDtnPrimitive	CLASS	47	204	7a8ff76ba2f23fc500aee3c73e81a1f2e8c3adeb701389493acd7b49b2468d94	RESOLVED
017	C006	D1	17	lean_core	SOURCE	derivation/code/lean/core/src/CNNA/Derivation/S01_PrimitiveResponseCoupledFiniteProvenance/S03_RecurrentPreBirthMeasurementAndSteering/S03_C006_BirthLocalSchurDtnPrimitive.lean	RatMatrix	ABBREV	41	45	da65a94576a7272e5bd0caae1a5f2b690fe8d57faac99283b68f0a9ae92b5fad	RESOLVED
017	C006	D1	18	lean_core	SOURCE	derivation/code/lean/core/src/CNNA/Derivation/S01_PrimitiveResponseCoupledFiniteProvenance/S03_RecurrentPreBirthMeasurementAndSteering/S03_C006_BirthLocalSchurDtnPrimitive.lean	ExactFraction	STRUCTURE	46	53	da65a94576a7272e5bd0caae1a5f2b690fe8d57faac99283b68f0a9ae92b5fad	RESOLVED
017	C006	D1	19	lean_core	SOURCE	derivation/code/lean/core/src/CNNA/Derivation/S01_PrimitiveResponseCoupledFiniteProvenance/S03_RecurrentPreBirthMeasurementAndSteering/S03_C006_BirthLocalSchurDtnPrimitive.lean	ofRat	DEF	54	59	da65a94576a7272e5bd0caae1a5f2b690fe8d57faac99283b68f0a9ae92b5fad	RESOLVED
017	C006	D1	20	lean_core	SOURCE	derivation/code/lean/core/src/CNNA/Derivation/S01_PrimitiveResponseCoupledFiniteProvenance/S03_RecurrentPreBirthMeasurementAndSteering/S03_C006_BirthLocalSchurDtnPrimitive.lean	zero	DEF	60	65	da65a94576a7272e5bd0caae1a5f2b690fe8d57faac99283b68f0a9ae92b5fad	RESOLVED
017	C006	D1	21	lean_core	SOURCE	derivation/code/lean/core/src/CNNA/Derivation/S01_PrimitiveResponseCoupledFiniteProvenance/S03_RecurrentPreBirthMeasurementAndSteering/S03_C006_BirthLocalSchurDtnPrimitive.lean	add	DEF	66	71	da65a94576a7272e5bd0caae1a5f2b690fe8d57faac99283b68f0a9ae92b5fad	RESOLVED
017	C006	D1	22	lean_core	SOURCE	derivation/code/lean/core/src/CNNA/Derivation/S01_PrimitiveResponseCoupledFiniteProvenance/S03_RecurrentPreBirthMeasurementAndSteering/S03_C006_BirthLocalSchurDtnPrimitive.lean	mul	DEF	72	77	da65a94576a7272e5bd0caae1a5f2b690fe8d57faac99283b68f0a9ae92b5fad	RESOLVED
017	C006	D1	23	lean_core	SOURCE	derivation/code/lean/core/src/CNNA/Derivation/S01_PrimitiveResponseCoupledFiniteProvenance/S03_RecurrentPreBirthMeasurementAndSteering/S03_C006_BirthLocalSchurDtnPrimitive.lean	sub	DEF	78	84	da65a94576a7272e5bd0caae1a5f2b690fe8d57faac99283b68f0a9ae92b5fad	RESOLVED
017	C006	D1	24	lean_core	SOURCE	derivation/code/lean/core/src/CNNA/Derivation/S01_PrimitiveResponseCoupledFiniteProvenance/S03_RecurrentPreBirthMeasurementAndSteering/S03_C006_BirthLocalSchurDtnPrimitive.lean	SameValue	DEF	85	89	da65a94576a7272e5bd0caae1a5f2b690fe8d57faac99283b68f0a9ae92b5fad	RESOLVED
017	C006	D1	25	lean_core	SOURCE	derivation/code/lean/core/src/CNNA/Derivation/S01_PrimitiveResponseCoupledFiniteProvenance/S03_RecurrentPreBirthMeasurementAndSteering/S03_C006_BirthLocalSchurDtnPrimitive.lean	Represents	DEF	90	93	da65a94576a7272e5bd0caae1a5f2b690fe8d57faac99283b68f0a9ae92b5fad	RESOLVED
017	C006	D1	26	lean_core	SOURCE	derivation/code/lean/core/src/CNNA/Derivation/S01_PrimitiveResponseCoupledFiniteProvenance/S03_RecurrentPreBirthMeasurementAndSteering/S03_C006_BirthLocalSchurDtnPrimitive.lean	sameValue_refl	THEOREM	94	97	da65a94576a7272e5bd0caae1a5f2b690fe8d57faac99283b68f0a9ae92b5fad	RESOLVED
017	C006	D1	27	lean_core	SOURCE	derivation/code/lean/core/src/CNNA/Derivation/S01_PrimitiveResponseCoupledFiniteProvenance/S03_RecurrentPreBirthMeasurementAndSteering/S03_C006_BirthLocalSchurDtnPrimitive.lean	sameValue_symm	THEOREM	98	102	da65a94576a7272e5bd0caae1a5f2b690fe8d57faac99283b68f0a9ae92b5fad	RESOLVED
017	C006	D1	28	lean_core	SOURCE	derivation/code/lean/core/src/CNNA/Derivation/S01_PrimitiveResponseCoupledFiniteProvenance/S03_RecurrentPreBirthMeasurementAndSteering/S03_C006_BirthLocalSchurDtnPrimitive.lean	sameValue_trans	THEOREM	103	123	da65a94576a7272e5bd0caae1a5f2b690fe8d57faac99283b68f0a9ae92b5fad	RESOLVED
017	C006	D1	29	lean_core	SOURCE	derivation/code/lean/core/src/CNNA/Derivation/S01_PrimitiveResponseCoupledFiniteProvenance/S03_RecurrentPreBirthMeasurementAndSteering/S03_C006_BirthLocalSchurDtnPrimitive.lean	sameValue_equivalence	THEOREM	124	133	da65a94576a7272e5bd0caae1a5f2b690fe8d57faac99283b68f0a9ae92b5fad	RESOLVED
017	C006	D1	30	lean_core	SOURCE	derivation/code/lean/core/src/CNNA/Derivation/S01_PrimitiveResponseCoupledFiniteProvenance/S03_RecurrentPreBirthMeasurementAndSteering/S03_C006_BirthLocalSchurDtnPrimitive.lean	congrArgTwoInt	THEOREM	134	144	da65a94576a7272e5bd0caae1a5f2b690fe8d57faac99283b68f0a9ae92b5fad	RESOLVED
017	C006	D1	31	lean_core	SOURCE	derivation/code/lean/core/src/CNNA/Derivation/S01_PrimitiveResponseCoupledFiniteProvenance/S03_RecurrentPreBirthMeasurementAndSteering/S03_C006_BirthLocalSchurDtnPrimitive.lean	add_respects_sameValue	THEOREM	145	196	da65a94576a7272e5bd0caae1a5f2b690fe8d57faac99283b68f0a9ae92b5fad	RESOLVED
017	C006	D1	32	lean_core	SOURCE	derivation/code/lean/core/src/CNNA/Derivation/S01_PrimitiveResponseCoupledFiniteProvenance/S03_RecurrentPreBirthMeasurementAndSteering/S03_C006_BirthLocalSchurDtnPrimitive.lean	mul_respects_sameValue	THEOREM	197	220	da65a94576a7272e5bd0caae1a5f2b690fe8d57faac99283b68f0a9ae92b5fad	RESOLVED
017	C006	D1	33	lean_core	SOURCE	derivation/code/lean/core/src/CNNA/Derivation/S01_PrimitiveResponseCoupledFiniteProvenance/S03_RecurrentPreBirthMeasurementAndSteering/S03_C006_BirthLocalSchurDtnPrimitive.lean	sub_respects_sameValue	THEOREM	221	272	da65a94576a7272e5bd0caae1a5f2b690fe8d57faac99283b68f0a9ae92b5fad	RESOLVED
017	C006	D1	34	lean_core	SOURCE	derivation/code/lean/core/src/CNNA/Derivation/S01_PrimitiveResponseCoupledFiniteProvenance/S03_RecurrentPreBirthMeasurementAndSteering/S03_C006_BirthLocalSchurDtnPrimitive.lean	ofRat_represents	THEOREM	273	278	da65a94576a7272e5bd0caae1a5f2b690fe8d57faac99283b68f0a9ae92b5fad	RESOLVED
017	C006	D1	35	lean_core	SOURCE	derivation/code/lean/core/src/CNNA/Derivation/S01_PrimitiveResponseCoupledFiniteProvenance/S03_RecurrentPreBirthMeasurementAndSteering/S03_C006_BirthLocalSchurDtnPrimitive.lean	add_of_representatives	THEOREM	279	284	da65a94576a7272e5bd0caae1a5f2b690fe8d57faac99283b68f0a9ae92b5fad	RESOLVED
017	C006	D1	36	lean_core	SOURCE	derivation/code/lean/core/src/CNNA/Derivation/S01_PrimitiveResponseCoupledFiniteProvenance/S03_RecurrentPreBirthMeasurementAndSteering/S03_C006_BirthLocalSchurDtnPrimitive.lean	mul_of_representatives	THEOREM	285	290	da65a94576a7272e5bd0caae1a5f2b690fe8d57faac99283b68f0a9ae92b5fad	RESOLVED
017	C006	D1	37	lean_core	SOURCE	derivation/code/lean/core/src/CNNA/Derivation/S01_PrimitiveResponseCoupledFiniteProvenance/S03_RecurrentPreBirthMeasurementAndSteering/S03_C006_BirthLocalSchurDtnPrimitive.lean	sub_of_representatives	THEOREM	291	296	da65a94576a7272e5bd0caae1a5f2b690fe8d57faac99283b68f0a9ae92b5fad	RESOLVED
017	C006	D1	38	lean_core	SOURCE	derivation/code/lean/core/src/CNNA/Derivation/S01_PrimitiveResponseCoupledFiniteProvenance/S03_RecurrentPreBirthMeasurementAndSteering/S03_C006_BirthLocalSchurDtnPrimitive.lean	foldl_add_respects_sameValue	THEOREM	297	318	da65a94576a7272e5bd0caae1a5f2b690fe8d57faac99283b68f0a9ae92b5fad	RESOLVED
017	C006	D1	39	lean_core	SOURCE	derivation/code/lean/core/src/CNNA/Derivation/S01_PrimitiveResponseCoupledFiniteProvenance/S03_RecurrentPreBirthMeasurementAndSteering/S03_C006_BirthLocalSchurDtnPrimitive.lean	ExactFractionMatrix	ABBREV	319	322	da65a94576a7272e5bd0caae1a5f2b690fe8d57faac99283b68f0a9ae92b5fad	RESOLVED
017	C006	D1	40	lean_core	SOURCE	derivation/code/lean/core/src/CNNA/Derivation/S01_PrimitiveResponseCoupledFiniteProvenance/S03_RecurrentPreBirthMeasurementAndSteering/S03_C006_BirthLocalSchurDtnPrimitive.lean	MatrixSameValue	DEF	323	328	da65a94576a7272e5bd0caae1a5f2b690fe8d57faac99283b68f0a9ae92b5fad	RESOLVED
017	C006	D1	41	lean_core	SOURCE	derivation/code/lean/core/src/CNNA/Derivation/S01_PrimitiveResponseCoupledFiniteProvenance/S03_RecurrentPreBirthMeasurementAndSteering/S03_C006_BirthLocalSchurDtnPrimitive.lean	MatrixRepresents	DEF	329	333	da65a94576a7272e5bd0caae1a5f2b690fe8d57faac99283b68f0a9ae92b5fad	RESOLVED
017	C006	D1	42	lean_core	SOURCE	derivation/code/lean/core/src/CNNA/Derivation/S01_PrimitiveResponseCoupledFiniteProvenance/S03_RecurrentPreBirthMeasurementAndSteering/S03_C006_BirthLocalSchurDtnPrimitive.lean	matrixSameValue_refl	THEOREM	334	339	da65a94576a7272e5bd0caae1a5f2b690fe8d57faac99283b68f0a9ae92b5fad	RESOLVED
017	C006	D1	43	lean_core	SOURCE	derivation/code/lean/core/src/CNNA/Derivation/S01_PrimitiveResponseCoupledFiniteProvenance/S03_RecurrentPreBirthMeasurementAndSteering/S03_C006_BirthLocalSchurDtnPrimitive.lean	matrixSameValue_symm	THEOREM	340	346	da65a94576a7272e5bd0caae1a5f2b690fe8d57faac99283b68f0a9ae92b5fad	RESOLVED
017	C006	D1	44	lean_core	SOURCE	derivation/code/lean/core/src/CNNA/Derivation/S01_PrimitiveResponseCoupledFiniteProvenance/S03_RecurrentPreBirthMeasurementAndSteering/S03_C006_BirthLocalSchurDtnPrimitive.lean	matrixSameValue_trans	THEOREM	347	354	da65a94576a7272e5bd0caae1a5f2b690fe8d57faac99283b68f0a9ae92b5fad	RESOLVED
017	C006	D1	45	lean_core	SOURCE	derivation/code/lean/core/src/CNNA/Derivation/S01_PrimitiveResponseCoupledFiniteProvenance/S03_RecurrentPreBirthMeasurementAndSteering/S03_C006_BirthLocalSchurDtnPrimitive.lean	matrixSameValue_equivalence	THEOREM	355	364	da65a94576a7272e5bd0caae1a5f2b690fe8d57faac99283b68f0a9ae92b5fad	RESOLVED
017	C006	D1	46	lean_core	SOURCE	derivation/code/lean/core/src/CNNA/Derivation/S01_PrimitiveResponseCoupledFiniteProvenance/S03_RecurrentPreBirthMeasurementAndSteering/S03_C006_BirthLocalSchurDtnPrimitive.lean	rawMatrixMul	DEF	365	376	da65a94576a7272e5bd0caae1a5f2b690fe8d57faac99283b68f0a9ae92b5fad	RESOLVED
017	C006	D1	47	lean_core	SOURCE	derivation/code/lean/core/src/CNNA/Derivation/S01_PrimitiveResponseCoupledFiniteProvenance/S03_RecurrentPreBirthMeasurementAndSteering/S03_C006_BirthLocalSchurDtnPrimitive.lean	matrixMul	DEF	377	384	da65a94576a7272e5bd0caae1a5f2b690fe8d57faac99283b68f0a9ae92b5fad	RESOLVED
017	C006	D1	48	lean_core	SOURCE	derivation/code/lean/core/src/CNNA/Derivation/S01_PrimitiveResponseCoupledFiniteProvenance/S03_RecurrentPreBirthMeasurementAndSteering/S03_C006_BirthLocalSchurDtnPrimitive.lean	rawMatrixMul_respects_sameValue	THEOREM	385	399	da65a94576a7272e5bd0caae1a5f2b690fe8d57faac99283b68f0a9ae92b5fad	RESOLVED
017	C006	D1	49	lean_core	SOURCE	derivation/code/lean/core/src/CNNA/Derivation/S01_PrimitiveResponseCoupledFiniteProvenance/S03_RecurrentPreBirthMeasurementAndSteering/S03_C006_BirthLocalSchurDtnPrimitive.lean	rawMatrixMul_matches_canonicalEncoding	THEOREM	400	413	da65a94576a7272e5bd0caae1a5f2b690fe8d57faac99283b68f0a9ae92b5fad	RESOLVED
017	C006	D1	50	lean_core	SOURCE	derivation/code/lean/core/src/CNNA/Derivation/S01_PrimitiveResponseCoupledFiniteProvenance/S03_RecurrentPreBirthMeasurementAndSteering/S03_C006_BirthLocalSchurDtnPrimitive.lean	rawMatrixSub	DEF	414	418	da65a94576a7272e5bd0caae1a5f2b690fe8d57faac99283b68f0a9ae92b5fad	RESOLVED
017	C006	D1	51	lean_core	SOURCE	derivation/code/lean/core/src/CNNA/Derivation/S01_PrimitiveResponseCoupledFiniteProvenance/S03_RecurrentPreBirthMeasurementAndSteering/S03_C006_BirthLocalSchurDtnPrimitive.lean	matrixSub	DEF	419	424	da65a94576a7272e5bd0caae1a5f2b690fe8d57faac99283b68f0a9ae92b5fad	RESOLVED
017	C006	D1	52	lean_core	SOURCE	derivation/code/lean/core/src/CNNA/Derivation/S01_PrimitiveResponseCoupledFiniteProvenance/S03_RecurrentPreBirthMeasurementAndSteering/S03_C006_BirthLocalSchurDtnPrimitive.lean	rawMatrixSub_respects_sameValue	THEOREM	425	434	da65a94576a7272e5bd0caae1a5f2b690fe8d57faac99283b68f0a9ae92b5fad	RESOLVED
017	C006	D1	53	lean_core	SOURCE	derivation/code/lean/core/src/CNNA/Derivation/S01_PrimitiveResponseCoupledFiniteProvenance/S03_RecurrentPreBirthMeasurementAndSteering/S03_C006_BirthLocalSchurDtnPrimitive.lean	OrderedSchurBlocks	STRUCTURE	435	444	da65a94576a7272e5bd0caae1a5f2b690fe8d57faac99283b68f0a9ae92b5fad	RESOLVED
017	C006	D1	54	lean_core	SOURCE	derivation/code/lean/core/src/CNNA/Derivation/S01_PrimitiveResponseCoupledFiniteProvenance/S03_RecurrentPreBirthMeasurementAndSteering/S03_C006_BirthLocalSchurDtnPrimitive.lean	IsInteriorSolve	DEF	445	451	da65a94576a7272e5bd0caae1a5f2b690fe8d57faac99283b68f0a9ae92b5fad	RESOLVED
017	C006	D1	55	lean_core	SOURCE	derivation/code/lean/core/src/CNNA/Derivation/S01_PrimitiveResponseCoupledFiniteProvenance/S03_RecurrentPreBirthMeasurementAndSteering/S03_C006_BirthLocalSchurDtnPrimitive.lean	IsInteriorAdmissible	DEF	452	459	da65a94576a7272e5bd0caae1a5f2b690fe8d57faac99283b68f0a9ae92b5fad	RESOLVED
017	C006	D1	56	lean_core	SOURCE	derivation/code/lean/core/src/CNNA/Derivation/S01_PrimitiveResponseCoupledFiniteProvenance/S03_RecurrentPreBirthMeasurementAndSteering/S03_C006_BirthLocalSchurDtnPrimitive.lean	responseFromSolve	DEF	460	467	da65a94576a7272e5bd0caae1a5f2b690fe8d57faac99283b68f0a9ae92b5fad	RESOLVED
017	C006	D1	57	lean_core	SOURCE	derivation/code/lean/core/src/CNNA/Derivation/S01_PrimitiveResponseCoupledFiniteProvenance/S03_RecurrentPreBirthMeasurementAndSteering/S03_C006_BirthLocalSchurDtnPrimitive.lean	IsSchurDtnResponse	DEF	468	475	da65a94576a7272e5bd0caae1a5f2b690fe8d57faac99283b68f0a9ae92b5fad	RESOLVED
017	C006	D1	58	lean_core	SOURCE	derivation/code/lean/core/src/CNNA/Derivation/S01_PrimitiveResponseCoupledFiniteProvenance/S03_RecurrentPreBirthMeasurementAndSteering/S03_C006_BirthLocalSchurDtnPrimitive.lean	response_of_solve	THEOREM	476	483	da65a94576a7272e5bd0caae1a5f2b690fe8d57faac99283b68f0a9ae92b5fad	RESOLVED
017	C006	D1	59	lean_core	SOURCE	derivation/code/lean/core/src/CNNA/Derivation/S01_PrimitiveResponseCoupledFiniteProvenance/S03_RecurrentPreBirthMeasurementAndSteering/S03_C006_BirthLocalSchurDtnPrimitive.lean	response_exists_of_admissible	THEOREM	484	493	da65a94576a7272e5bd0caae1a5f2b690fe8d57faac99283b68f0a9ae92b5fad	RESOLVED
017	C006	D1	60	lean_core	SOURCE	derivation/code/lean/core/src/CNNA/Derivation/S01_PrimitiveResponseCoupledFiniteProvenance/S03_RecurrentPreBirthMeasurementAndSteering/S03_C006_BirthLocalSchurDtnPrimitive.lean	response_unique_of_admissible	THEOREM	494	513	da65a94576a7272e5bd0caae1a5f2b690fe8d57faac99283b68f0a9ae92b5fad	RESOLVED
017	C006	D1	61	lean_core	SOURCE	derivation/code/lean/core/src/CNNA/Derivation/S01_PrimitiveResponseCoupledFiniteProvenance/S03_RecurrentPreBirthMeasurementAndSteering/S03_C006_BirthLocalSchurDtnPrimitive.lean	response_of_sameValue	THEOREM	514	522	da65a94576a7272e5bd0caae1a5f2b690fe8d57faac99283b68f0a9ae92b5fad	RESOLVED
017	C006	D1	62	lean_core	SOURCE	derivation/code/lean/core/src/CNNA/Derivation/S01_PrimitiveResponseCoupledFiniteProvenance/S03_RecurrentPreBirthMeasurementAndSteering/S03_C006_BirthLocalSchurDtnPrimitive.lean	emptyInteriorSolve	DEF	523	526	da65a94576a7272e5bd0caae1a5f2b690fe8d57faac99283b68f0a9ae92b5fad	RESOLVED
017	C006	D1	63	lean_core	SOURCE	derivation/code/lean/core/src/CNNA/Derivation/S01_PrimitiveResponseCoupledFiniteProvenance/S03_RecurrentPreBirthMeasurementAndSteering/S03_C006_BirthLocalSchurDtnPrimitive.lean	zeroInterior_solve	THEOREM	527	534	da65a94576a7272e5bd0caae1a5f2b690fe8d57faac99283b68f0a9ae92b5fad	RESOLVED
017	C006	D1	64	lean_core	SOURCE	derivation/code/lean/core/src/CNNA/Derivation/S01_PrimitiveResponseCoupledFiniteProvenance/S03_RecurrentPreBirthMeasurementAndSteering/S03_C006_BirthLocalSchurDtnPrimitive.lean	zeroInterior_admissible	THEOREM	535	545	da65a94576a7272e5bd0caae1a5f2b690fe8d57faac99283b68f0a9ae92b5fad	RESOLVED
018	M001	D2	1	python	SOURCE	derivation/code/python/src/cnna/derivation/s01_primitive_response_coupled_finite_provenance/s03_recurrent_pre_birth_measurement_and_steering/s04_m001__canonical_birth_local_measurement_cut_cn_snplus1.py	BirthLocalMeasurementCut	CLASS	34	53	5b840dcb3b47316e54241816804710479d193db236765717d10fb53a970b120a	RESOLVED
018	M001	D2	2	python	SOURCE	derivation/code/python/src/cnna/derivation/s01_primitive_response_coupled_finite_provenance/s03_recurrent_pre_birth_measurement_and_steering/s04_m001__canonical_birth_local_measurement_cut_cn_snplus1.py	causal_predecessor_ports	FUNCTION	56	61	5b840dcb3b47316e54241816804710479d193db236765717d10fb53a970b120a	RESOLVED
018	M001	D2	3	python	SOURCE	derivation/code/python/src/cnna/derivation/s01_primitive_response_coupled_finite_provenance/s03_recurrent_pre_birth_measurement_and_steering/s04_m001__canonical_birth_local_measurement_cut_cn_snplus1.py	older_sibling_ports	FUNCTION	64	68	5b840dcb3b47316e54241816804710479d193db236765717d10fb53a970b120a	RESOLVED
018	M001	D2	4	python	SOURCE	derivation/code/python/src/cnna/derivation/s01_primitive_response_coupled_finite_provenance/s03_recurrent_pre_birth_measurement_and_steering/s04_m001__canonical_birth_local_measurement_cut_cn_snplus1.py	is_birth_local_port	FUNCTION	71	75	5b840dcb3b47316e54241816804710479d193db236765717d10fb53a970b120a	RESOLVED
018	M001	D2	5	python	SOURCE	derivation/code/python/src/cnna/derivation/s01_primitive_response_coupled_finite_provenance/s03_recurrent_pre_birth_measurement_and_steering/s04_m001__canonical_birth_local_measurement_cut_cn_snplus1.py	is_canonical_birth_local_measurement_cut	FUNCTION	78	95	5b840dcb3b47316e54241816804710479d193db236765717d10fb53a970b120a	RESOLVED
018	M001	D2	6	python	SOURCE	derivation/code/python/src/cnna/derivation/s01_primitive_response_coupled_finite_provenance/s03_recurrent_pre_birth_measurement_and_steering/s04_m001__canonical_birth_local_measurement_cut_cn_snplus1.py	canonical_birth_local_measurement_cut	FUNCTION	98	147	5b840dcb3b47316e54241816804710479d193db236765717d10fb53a970b120a	RESOLVED
018	M001	D2	7	python_test	TEST	derivation/code/python/tests/derivation/s01_primitive_response_coupled_finite_provenance/s03_recurrent_pre_birth_measurement_and_steering/test_s04_m001__canonical_birth_local_measurement_cut_cn_snplus1.py	_state	FUNCTION	23	36	537c5f7f7d66d77c5c906f7dd59e05d640dbe7a7e0b84ee7ce141d08536766b7	RESOLVED
018	M001	D2	8	python_test	TEST	derivation/code/python/tests/derivation/s01_primitive_response_coupled_finite_provenance/s03_recurrent_pre_birth_measurement_and_steering/test_s04_m001__canonical_birth_local_measurement_cut_cn_snplus1.py	TestCanonicalBirthLocalMeasurementCut	CLASS	39	96	537c5f7f7d66d77c5c906f7dd59e05d640dbe7a7e0b84ee7ce141d08536766b7	RESOLVED
018	M001	D2	9	lean_core	SOURCE	derivation/code/lean/core/src/CNNA/Derivation/S01_PrimitiveResponseCoupledFiniteProvenance/S03_RecurrentPreBirthMeasurementAndSteering/S04_M001_CanonicalBirthLocalMeasurementCutCnSnplus1.lean	canonicalCarrier	DEF	40	45	f8c7821fe45245ba62934d55daa5ab57323895df9ac11a55f14db3e491b5f3e4	RESOLVED
018	M001	D2	10	lean_core	SOURCE	derivation/code/lean/core/src/CNNA/Derivation/S01_PrimitiveResponseCoupledFiniteProvenance/S03_RecurrentPreBirthMeasurementAndSteering/S04_M001_CanonicalBirthLocalMeasurementCutCnSnplus1.lean	prefixChainAux	DEF	46	54	f8c7821fe45245ba62934d55daa5ab57323895df9ac11a55f14db3e491b5f3e4	RESOLVED
018	M001	D2	11	lean_core	SOURCE	derivation/code/lean/core/src/CNNA/Derivation/S01_PrimitiveResponseCoupledFiniteProvenance/S03_RecurrentPreBirthMeasurementAndSteering/S04_M001_CanonicalBirthLocalMeasurementCutCnSnplus1.lean	prefixChainAux_mem_prefix	THEOREM	55	80	f8c7821fe45245ba62934d55daa5ab57323895df9ac11a55f14db3e491b5f3e4	RESOLVED
018	M001	D2	12	lean_core	SOURCE	derivation/code/lean/core/src/CNNA/Derivation/S01_PrimitiveResponseCoupledFiniteProvenance/S03_RecurrentPreBirthMeasurementAndSteering/S04_M001_CanonicalBirthLocalMeasurementCutCnSnplus1.lean	causalPredecessorPorts	DEF	81	86	f8c7821fe45245ba62934d55daa5ab57323895df9ac11a55f14db3e491b5f3e4	RESOLVED
018	M001	D2	13	lean_core	SOURCE	derivation/code/lean/core/src/CNNA/Derivation/S01_PrimitiveResponseCoupledFiniteProvenance/S03_RecurrentPreBirthMeasurementAndSteering/S04_M001_CanonicalBirthLocalMeasurementCutCnSnplus1.lean	olderSiblingPorts	DEF	87	93	f8c7821fe45245ba62934d55daa5ab57323895df9ac11a55f14db3e491b5f3e4	RESOLVED
018	M001	D2	14	lean_core	SOURCE	derivation/code/lean/core/src/CNNA/Derivation/S01_PrimitiveResponseCoupledFiniteProvenance/S03_RecurrentPreBirthMeasurementAndSteering/S04_M001_CanonicalBirthLocalMeasurementCutCnSnplus1.lean	BirthLocalPort	DEF	94	100	f8c7821fe45245ba62934d55daa5ab57323895df9ac11a55f14db3e491b5f3e4	RESOLVED
018	M001	D2	15	lean_core	SOURCE	derivation/code/lean/core/src/CNNA/Derivation/S01_PrimitiveResponseCoupledFiniteProvenance/S03_RecurrentPreBirthMeasurementAndSteering/S04_M001_CanonicalBirthLocalMeasurementCutCnSnplus1.lean	causalPredecessorPort_born	THEOREM	101	141	f8c7821fe45245ba62934d55daa5ab57323895df9ac11a55f14db3e491b5f3e4	RESOLVED
018	M001	D2	16	lean_core	SOURCE	derivation/code/lean/core/src/CNNA/Derivation/S01_PrimitiveResponseCoupledFiniteProvenance/S03_RecurrentPreBirthMeasurementAndSteering/S04_M001_CanonicalBirthLocalMeasurementCutCnSnplus1.lean	olderSiblingPort_born	THEOREM	142	181	f8c7821fe45245ba62934d55daa5ab57323895df9ac11a55f14db3e491b5f3e4	RESOLVED
018	M001	D2	17	lean_core	SOURCE	derivation/code/lean/core/src/CNNA/Derivation/S01_PrimitiveResponseCoupledFiniteProvenance/S03_RecurrentPreBirthMeasurementAndSteering/S04_M001_CanonicalBirthLocalMeasurementCutCnSnplus1.lean	birthLocalPort_born	THEOREM	182	190	f8c7821fe45245ba62934d55daa5ab57323895df9ac11a55f14db3e491b5f3e4	RESOLVED
018	M001	D2	18	lean_core	SOURCE	derivation/code/lean/core/src/CNNA/Derivation/S01_PrimitiveResponseCoupledFiniteProvenance/S03_RecurrentPreBirthMeasurementAndSteering/S04_M001_CanonicalBirthLocalMeasurementCutCnSnplus1.lean	birthLocalPortDecidable	INSTANCE	191	197	f8c7821fe45245ba62934d55daa5ab57323895df9ac11a55f14db3e491b5f3e4	RESOLVED
018	M001	D2	19	lean_core	SOURCE	derivation/code/lean/core/src/CNNA/Derivation/S01_PrimitiveResponseCoupledFiniteProvenance/S03_RecurrentPreBirthMeasurementAndSteering/S04_M001_CanonicalBirthLocalMeasurementCutCnSnplus1.lean	portFlag	DEF	198	202	f8c7821fe45245ba62934d55daa5ab57323895df9ac11a55f14db3e491b5f3e4	RESOLVED
018	M001	D2	20	lean_core	SOURCE	derivation/code/lean/core/src/CNNA/Derivation/S01_PrimitiveResponseCoupledFiniteProvenance/S03_RecurrentPreBirthMeasurementAndSteering/S04_M001_CanonicalBirthLocalMeasurementCutCnSnplus1.lean	boundary	DEF	203	207	f8c7821fe45245ba62934d55daa5ab57323895df9ac11a55f14db3e491b5f3e4	RESOLVED
018	M001	D2	21	lean_core	SOURCE	derivation/code/lean/core/src/CNNA/Derivation/S01_PrimitiveResponseCoupledFiniteProvenance/S03_RecurrentPreBirthMeasurementAndSteering/S04_M001_CanonicalBirthLocalMeasurementCutCnSnplus1.lean	interior	DEF	208	212	f8c7821fe45245ba62934d55daa5ab57323895df9ac11a55f14db3e491b5f3e4	RESOLVED
018	M001	D2	22	lean_core	SOURCE	derivation/code/lean/core/src/CNNA/Derivation/S01_PrimitiveResponseCoupledFiniteProvenance/S03_RecurrentPreBirthMeasurementAndSteering/S04_M001_CanonicalBirthLocalMeasurementCutCnSnplus1.lean	BirthLocalMeasurementCut	STRUCTURE	213	217	f8c7821fe45245ba62934d55daa5ab57323895df9ac11a55f14db3e491b5f3e4	RESOLVED
018	M001	D2	23	lean_core	SOURCE	derivation/code/lean/core/src/CNNA/Derivation/S01_PrimitiveResponseCoupledFiniteProvenance/S03_RecurrentPreBirthMeasurementAndSteering/S04_M001_CanonicalBirthLocalMeasurementCutCnSnplus1.lean	canonicalCut	DEF	218	223	f8c7821fe45245ba62934d55daa5ab57323895df9ac11a55f14db3e491b5f3e4	RESOLVED
018	M001	D2	24	lean_core	SOURCE	derivation/code/lean/core/src/CNNA/Derivation/S01_PrimitiveResponseCoupledFiniteProvenance/S03_RecurrentPreBirthMeasurementAndSteering/S04_M001_CanonicalBirthLocalMeasurementCutCnSnplus1.lean	IsCanonicalCut	DEF	224	228	f8c7821fe45245ba62934d55daa5ab57323895df9ac11a55f14db3e491b5f3e4	RESOLVED
018	M001	D2	25	lean_core	SOURCE	derivation/code/lean/core/src/CNNA/Derivation/S01_PrimitiveResponseCoupledFiniteProvenance/S03_RecurrentPreBirthMeasurementAndSteering/S04_M001_CanonicalBirthLocalMeasurementCutCnSnplus1.lean	canonicalCut_isCanonical	THEOREM	229	233	f8c7821fe45245ba62934d55daa5ab57323895df9ac11a55f14db3e491b5f3e4	RESOLVED
018	M001	D2	26	lean_core	SOURCE	derivation/code/lean/core/src/CNNA/Derivation/S01_PrimitiveResponseCoupledFiniteProvenance/S03_RecurrentPreBirthMeasurementAndSteering/S04_M001_CanonicalBirthLocalMeasurementCutCnSnplus1.lean	unique	THEOREM	234	252	f8c7821fe45245ba62934d55daa5ab57323895df9ac11a55f14db3e491b5f3e4	RESOLVED
018	M001	D2	27	lean_core	SOURCE	derivation/code/lean/core/src/CNNA/Derivation/S01_PrimitiveResponseCoupledFiniteProvenance/S03_RecurrentPreBirthMeasurementAndSteering/S04_M001_CanonicalBirthLocalMeasurementCutCnSnplus1.lean	carrier_mem_implies_born	THEOREM	253	261	f8c7821fe45245ba62934d55daa5ab57323895df9ac11a55f14db3e491b5f3e4	RESOLVED
018	M001	D2	28	lean_core	SOURCE	derivation/code/lean/core/src/CNNA/Derivation/S01_PrimitiveResponseCoupledFiniteProvenance/S03_RecurrentPreBirthMeasurementAndSteering/S04_M001_CanonicalBirthLocalMeasurementCutCnSnplus1.lean	born_implies_carrier_mem	THEOREM	262	272	f8c7821fe45245ba62934d55daa5ab57323895df9ac11a55f14db3e491b5f3e4	RESOLVED
018	M001	D2	29	lean_core	SOURCE	derivation/code/lean/core/src/CNNA/Derivation/S01_PrimitiveResponseCoupledFiniteProvenance/S03_RecurrentPreBirthMeasurementAndSteering/S04_M001_CanonicalBirthLocalMeasurementCutCnSnplus1.lean	birthLocalPort_mem_boundary	THEOREM	273	285	f8c7821fe45245ba62934d55daa5ab57323895df9ac11a55f14db3e491b5f3e4	RESOLVED
018	M001	D2	30	lean_core	SOURCE	derivation/code/lean/core/src/CNNA/Derivation/S01_PrimitiveResponseCoupledFiniteProvenance/S03_RecurrentPreBirthMeasurementAndSteering/S04_M001_CanonicalBirthLocalMeasurementCutCnSnplus1.lean	boundary_mem_iff_birthLocalPort	THEOREM	286	299	f8c7821fe45245ba62934d55daa5ab57323895df9ac11a55f14db3e491b5f3e4	RESOLVED
018	M001	D2	31	lean_core	SOURCE	derivation/code/lean/core/src/CNNA/Derivation/S01_PrimitiveResponseCoupledFiniteProvenance/S03_RecurrentPreBirthMeasurementAndSteering/S04_M001_CanonicalBirthLocalMeasurementCutCnSnplus1.lean	boundary_node_born	THEOREM	300	306	f8c7821fe45245ba62934d55daa5ab57323895df9ac11a55f14db3e491b5f3e4	RESOLVED
018	M001	D2	32	lean_core	SOURCE	derivation/code/lean/core/src/CNNA/Derivation/S01_PrimitiveResponseCoupledFiniteProvenance/S03_RecurrentPreBirthMeasurementAndSteering/S04_M001_CanonicalBirthLocalMeasurementCutCnSnplus1.lean	interior_node_born	THEOREM	307	313	f8c7821fe45245ba62934d55daa5ab57323895df9ac11a55f14db3e491b5f3e4	RESOLVED
018	M001	D2	33	lean_core	SOURCE	derivation/code/lean/core/src/CNNA/Derivation/S01_PrimitiveResponseCoupledFiniteProvenance/S03_RecurrentPreBirthMeasurementAndSteering/S04_M001_CanonicalBirthLocalMeasurementCutCnSnplus1.lean	boundary_interior_disjoint	THEOREM	314	327	f8c7821fe45245ba62934d55daa5ab57323895df9ac11a55f14db3e491b5f3e4	RESOLVED
018	M001	D2	34	lean_core	SOURCE	derivation/code/lean/core/src/CNNA/Derivation/S01_PrimitiveResponseCoupledFiniteProvenance/S03_RecurrentPreBirthMeasurementAndSteering/S04_M001_CanonicalBirthLocalMeasurementCutCnSnplus1.lean	carrier_covered	THEOREM	328	349	f8c7821fe45245ba62934d55daa5ab57323895df9ac11a55f14db3e491b5f3e4	RESOLVED
018	M001	D2	35	lean_core	SOURCE	derivation/code/lean/core/src/CNNA/Derivation/S01_PrimitiveResponseCoupledFiniteProvenance/S03_RecurrentPreBirthMeasurementAndSteering/S04_M001_CanonicalBirthLocalMeasurementCutCnSnplus1.lean	child_not_in_carrier	THEOREM	350	363	f8c7821fe45245ba62934d55daa5ab57323895df9ac11a55f14db3e491b5f3e4	RESOLVED
018	M001	D2	36	lean_core	SOURCE	derivation/code/lean/core/src/CNNA/Derivation/S01_PrimitiveResponseCoupledFiniteProvenance/S03_RecurrentPreBirthMeasurementAndSteering/S04_M001_CanonicalBirthLocalMeasurementCutCnSnplus1.lean	child_not_in_boundary	THEOREM	364	369	f8c7821fe45245ba62934d55daa5ab57323895df9ac11a55f14db3e491b5f3e4	RESOLVED
018	M001	D2	37	lean_core	SOURCE	derivation/code/lean/core/src/CNNA/Derivation/S01_PrimitiveResponseCoupledFiniteProvenance/S03_RecurrentPreBirthMeasurementAndSteering/S04_M001_CanonicalBirthLocalMeasurementCutCnSnplus1.lean	child_not_in_interior	THEOREM	370	378	f8c7821fe45245ba62934d55daa5ab57323895df9ac11a55f14db3e491b5f3e4	RESOLVED
019	P003	D2	1	python	SUPPORTING_EVIDENCE	derivation/code/python/src/cnna/derivation/s01_primitive_response_coupled_finite_provenance/s03_recurrent_pre_birth_measurement_and_steering/s04_m001__canonical_birth_local_measurement_cut_cn_snplus1.py	is_canonical_birth_local_measurement_cut	FUNCTION	78	95	5b840dcb3b47316e54241816804710479d193db236765717d10fb53a970b120a	RESOLVED
019	P003	D2	2	python	SUPPORTING_EVIDENCE	derivation/code/python/src/cnna/derivation/s01_primitive_response_coupled_finite_provenance/s03_recurrent_pre_birth_measurement_and_steering/s04_m001__canonical_birth_local_measurement_cut_cn_snplus1.py	canonical_birth_local_measurement_cut	FUNCTION	98	147	5b840dcb3b47316e54241816804710479d193db236765717d10fb53a970b120a	RESOLVED
019	P003	D2	3	python_test	SUPPORTING_EVIDENCE	derivation/code/python/tests/derivation/s01_primitive_response_coupled_finite_provenance/s03_recurrent_pre_birth_measurement_and_steering/test_s04_m001__canonical_birth_local_measurement_cut_cn_snplus1.py	TestCanonicalBirthLocalMeasurementCut	CLASS	39	96	537c5f7f7d66d77c5c906f7dd59e05d640dbe7a7e0b84ee7ce141d08536766b7	RESOLVED
019	P003	D2	4	lean_core	SUPPORTING_EVIDENCE	derivation/code/lean/core/src/CNNA/Derivation/S01_PrimitiveResponseCoupledFiniteProvenance/S03_RecurrentPreBirthMeasurementAndSteering/S04_M001_CanonicalBirthLocalMeasurementCutCnSnplus1.lean	canonicalCarrier	DEF	40	45	f8c7821fe45245ba62934d55daa5ab57323895df9ac11a55f14db3e491b5f3e4	RESOLVED
019	P003	D2	5	lean_core	SUPPORTING_EVIDENCE	derivation/code/lean/core/src/CNNA/Derivation/S01_PrimitiveResponseCoupledFiniteProvenance/S03_RecurrentPreBirthMeasurementAndSteering/S04_M001_CanonicalBirthLocalMeasurementCutCnSnplus1.lean	boundary	DEF	203	207	f8c7821fe45245ba62934d55daa5ab57323895df9ac11a55f14db3e491b5f3e4	RESOLVED
019	P003	D2	6	lean_core	SUPPORTING_EVIDENCE	derivation/code/lean/core/src/CNNA/Derivation/S01_PrimitiveResponseCoupledFiniteProvenance/S03_RecurrentPreBirthMeasurementAndSteering/S04_M001_CanonicalBirthLocalMeasurementCutCnSnplus1.lean	interior	DEF	208	212	f8c7821fe45245ba62934d55daa5ab57323895df9ac11a55f14db3e491b5f3e4	RESOLVED
019	P003	D2	7	lean_core	SUPPORTING_EVIDENCE	derivation/code/lean/core/src/CNNA/Derivation/S01_PrimitiveResponseCoupledFiniteProvenance/S03_RecurrentPreBirthMeasurementAndSteering/S04_M001_CanonicalBirthLocalMeasurementCutCnSnplus1.lean	IsCanonicalCut	DEF	224	228	f8c7821fe45245ba62934d55daa5ab57323895df9ac11a55f14db3e491b5f3e4	RESOLVED
019	P003	D2	8	lean_core	SUPPORTING_EVIDENCE	derivation/code/lean/core/src/CNNA/Derivation/S01_PrimitiveResponseCoupledFiniteProvenance/S03_RecurrentPreBirthMeasurementAndSteering/S04_M001_CanonicalBirthLocalMeasurementCutCnSnplus1.lean	canonicalCut_isCanonical	THEOREM	229	233	f8c7821fe45245ba62934d55daa5ab57323895df9ac11a55f14db3e491b5f3e4	RESOLVED
019	P003	D2	9	lean_core	SUPPORTING_EVIDENCE	derivation/code/lean/core/src/CNNA/Derivation/S01_PrimitiveResponseCoupledFiniteProvenance/S03_RecurrentPreBirthMeasurementAndSteering/S04_M001_CanonicalBirthLocalMeasurementCutCnSnplus1.lean	unique	THEOREM	234	252	f8c7821fe45245ba62934d55daa5ab57323895df9ac11a55f14db3e491b5f3e4	RESOLVED
019	P003	D2	10	lean_core	SUPPORTING_EVIDENCE	derivation/code/lean/core/src/CNNA/Derivation/S01_PrimitiveResponseCoupledFiniteProvenance/S03_RecurrentPreBirthMeasurementAndSteering/S04_M001_CanonicalBirthLocalMeasurementCutCnSnplus1.lean	carrier_mem_implies_born	THEOREM	253	261	f8c7821fe45245ba62934d55daa5ab57323895df9ac11a55f14db3e491b5f3e4	RESOLVED
019	P003	D2	11	lean_core	SUPPORTING_EVIDENCE	derivation/code/lean/core/src/CNNA/Derivation/S01_PrimitiveResponseCoupledFiniteProvenance/S03_RecurrentPreBirthMeasurementAndSteering/S04_M001_CanonicalBirthLocalMeasurementCutCnSnplus1.lean	born_implies_carrier_mem	THEOREM	262	272	f8c7821fe45245ba62934d55daa5ab57323895df9ac11a55f14db3e491b5f3e4	RESOLVED
019	P003	D2	12	lean_core	SUPPORTING_EVIDENCE	derivation/code/lean/core/src/CNNA/Derivation/S01_PrimitiveResponseCoupledFiniteProvenance/S03_RecurrentPreBirthMeasurementAndSteering/S04_M001_CanonicalBirthLocalMeasurementCutCnSnplus1.lean	boundary_node_born	THEOREM	300	306	f8c7821fe45245ba62934d55daa5ab57323895df9ac11a55f14db3e491b5f3e4	RESOLVED
019	P003	D2	13	lean_core	SUPPORTING_EVIDENCE	derivation/code/lean/core/src/CNNA/Derivation/S01_PrimitiveResponseCoupledFiniteProvenance/S03_RecurrentPreBirthMeasurementAndSteering/S04_M001_CanonicalBirthLocalMeasurementCutCnSnplus1.lean	interior_node_born	THEOREM	307	313	f8c7821fe45245ba62934d55daa5ab57323895df9ac11a55f14db3e491b5f3e4	RESOLVED
019	P003	D2	14	lean_core	SUPPORTING_EVIDENCE	derivation/code/lean/core/src/CNNA/Derivation/S01_PrimitiveResponseCoupledFiniteProvenance/S03_RecurrentPreBirthMeasurementAndSteering/S04_M001_CanonicalBirthLocalMeasurementCutCnSnplus1.lean	boundary_interior_disjoint	THEOREM	314	327	f8c7821fe45245ba62934d55daa5ab57323895df9ac11a55f14db3e491b5f3e4	RESOLVED
019	P003	D2	15	lean_core	SUPPORTING_EVIDENCE	derivation/code/lean/core/src/CNNA/Derivation/S01_PrimitiveResponseCoupledFiniteProvenance/S03_RecurrentPreBirthMeasurementAndSteering/S04_M001_CanonicalBirthLocalMeasurementCutCnSnplus1.lean	carrier_covered	THEOREM	328	349	f8c7821fe45245ba62934d55daa5ab57323895df9ac11a55f14db3e491b5f3e4	RESOLVED
019	P003	D2	16	lean_core	SUPPORTING_EVIDENCE	derivation/code/lean/core/src/CNNA/Derivation/S01_PrimitiveResponseCoupledFiniteProvenance/S03_RecurrentPreBirthMeasurementAndSteering/S04_M001_CanonicalBirthLocalMeasurementCutCnSnplus1.lean	child_not_in_boundary	THEOREM	364	369	f8c7821fe45245ba62934d55daa5ab57323895df9ac11a55f14db3e491b5f3e4	RESOLVED
019	P003	D2	17	lean_core	SUPPORTING_EVIDENCE	derivation/code/lean/core/src/CNNA/Derivation/S01_PrimitiveResponseCoupledFiniteProvenance/S03_RecurrentPreBirthMeasurementAndSteering/S04_M001_CanonicalBirthLocalMeasurementCutCnSnplus1.lean	child_not_in_interior	THEOREM	370	378	f8c7821fe45245ba62934d55daa5ab57323895df9ac11a55f14db3e491b5f3e4	RESOLVED
020	M002	D2	1	python	SOURCE	derivation/code/python/src/cnna/derivation/s01_primitive_response_coupled_finite_provenance/s03_recurrent_pre_birth_measurement_and_steering/s05_m002__birth_cut_interior_domain_theorem.py	_zero_matrix	FUNCTION	37	38	bf0b213349892ba660a958398cf6d808dca41f1f05bf0c7ac7a832c31bec041d	RESOLVED
020	M002	D2	2	python	SOURCE	derivation/code/python/src/cnna/derivation/s01_primitive_response_coupled_finite_provenance/s03_recurrent_pre_birth_measurement_and_steering/s05_m002__birth_cut_interior_domain_theorem.py	_identity_matrix	FUNCTION	41	45	bf0b213349892ba660a958398cf6d808dca41f1f05bf0c7ac7a832c31bec041d	RESOLVED
020	M002	D2	3	python	SOURCE	derivation/code/python/src/cnna/derivation/s01_primitive_response_coupled_finite_provenance/s03_recurrent_pre_birth_measurement_and_steering/s05_m002__birth_cut_interior_domain_theorem.py	validate_birth_cut_block_dimensions	FUNCTION	48	60	bf0b213349892ba660a958398cf6d808dca41f1f05bf0c7ac7a832c31bec041d	RESOLVED
020	M002	D2	4	python	SOURCE	derivation/code/python/src/cnna/derivation/s01_primitive_response_coupled_finite_provenance/s03_recurrent_pre_birth_measurement_and_steering/s05_m002__birth_cut_interior_domain_theorem.py	birth_cut_interior_is_admissible	FUNCTION	63	77	bf0b213349892ba660a958398cf6d808dca41f1f05bf0c7ac7a832c31bec041d	RESOLVED
020	M002	D2	5	python	SOURCE	derivation/code/python/src/cnna/derivation/s01_primitive_response_coupled_finite_provenance/s03_recurrent_pre_birth_measurement_and_steering/s05_m002__birth_cut_interior_domain_theorem.py	DomainContrastWitness	CLASS	81	94	bf0b213349892ba660a958398cf6d808dca41f1f05bf0c7ac7a832c31bec041d	RESOLVED
020	M002	D2	6	python	SOURCE	derivation/code/python/src/cnna/derivation/s01_primitive_response_coupled_finite_provenance/s03_recurrent_pre_birth_measurement_and_steering/s05_m002__birth_cut_interior_domain_theorem.py	domain_contrast_witness	FUNCTION	97	131	bf0b213349892ba660a958398cf6d808dca41f1f05bf0c7ac7a832c31bec041d	RESOLVED
020	M002	D2	7	python_test	TEST	derivation/code/python/tests/derivation/s01_primitive_response_coupled_finite_provenance/s03_recurrent_pre_birth_measurement_and_steering/test_s05_m002__birth_cut_interior_domain_theorem.py	_state	FUNCTION	22	33	5c58c474588d868b35de0066273e40d0edf26c7aa3fdfdb5f5a0ecfddbaedc26	RESOLVED
020	M002	D2	8	python_test	TEST	derivation/code/python/tests/derivation/s01_primitive_response_coupled_finite_provenance/s03_recurrent_pre_birth_measurement_and_steering/test_s05_m002__birth_cut_interior_domain_theorem.py	_zero	FUNCTION	36	37	5c58c474588d868b35de0066273e40d0edf26c7aa3fdfdb5f5a0ecfddbaedc26	RESOLVED
020	M002	D2	9	python_test	TEST	derivation/code/python/tests/derivation/s01_primitive_response_coupled_finite_provenance/s03_recurrent_pre_birth_measurement_and_steering/test_s05_m002__birth_cut_interior_domain_theorem.py	TestBirthCutInteriorDomainTheorem	CLASS	40	91	5c58c474588d868b35de0066273e40d0edf26c7aa3fdfdb5f5a0ecfddbaedc26	RESOLVED
020	M002	D2	10	lean_core	SOURCE	derivation/code/lean/core/src/CNNA/Derivation/S01_PrimitiveResponseCoupledFiniteProvenance/S03_RecurrentPreBirthMeasurementAndSteering/S05_M002_BirthCutInteriorDomainTheorem.lean	root_is_birthLocalPort	THEOREM	36	46	171d52d05001dcffc60fd1a325e1b5ce4c0025bbce75a57cc172e10efdbae669	RESOLVED
020	M002	D2	11	lean_core	SOURCE	derivation/code/lean/core/src/CNNA/Derivation/S01_PrimitiveResponseCoupledFiniteProvenance/S03_RecurrentPreBirthMeasurementAndSteering/S05_M002_BirthCutInteriorDomainTheorem.lean	canonicalBoundary_nonempty	THEOREM	47	54	171d52d05001dcffc60fd1a325e1b5ce4c0025bbce75a57cc172e10efdbae669	RESOLVED
020	M002	D2	12	lean_core	SOURCE	derivation/code/lean/core/src/CNNA/Derivation/S01_PrimitiveResponseCoupledFiniteProvenance/S03_RecurrentPreBirthMeasurementAndSteering/S05_M002_BirthCutInteriorDomainTheorem.lean	BirthCutBlocks	ABBREV	55	60	171d52d05001dcffc60fd1a325e1b5ce4c0025bbce75a57cc172e10efdbae669	RESOLVED
020	M002	D2	13	lean_core	SOURCE	derivation/code/lean/core/src/CNNA/Derivation/S01_PrimitiveResponseCoupledFiniteProvenance/S03_RecurrentPreBirthMeasurementAndSteering/S05_M002_BirthCutInteriorDomainTheorem.lean	mkBirthCutBlocks	DEF	61	74	171d52d05001dcffc60fd1a325e1b5ce4c0025bbce75a57cc172e10efdbae669	RESOLVED
020	M002	D2	14	lean_core	SOURCE	derivation/code/lean/core/src/CNNA/Derivation/S01_PrimitiveResponseCoupledFiniteProvenance/S03_RecurrentPreBirthMeasurementAndSteering/S05_M002_BirthCutInteriorDomainTheorem.lean	InExactDomain	DEF	75	80	171d52d05001dcffc60fd1a325e1b5ce4c0025bbce75a57cc172e10efdbae669	RESOLVED
020	M002	D2	15	lean_core	SOURCE	derivation/code/lean/core/src/CNNA/Derivation/S01_PrimitiveResponseCoupledFiniteProvenance/S03_RecurrentPreBirthMeasurementAndSteering/S05_M002_BirthCutInteriorDomainTheorem.lean	inExactDomain_iff_c006_admissible	THEOREM	81	86	171d52d05001dcffc60fd1a325e1b5ce4c0025bbce75a57cc172e10efdbae669	RESOLVED
020	M002	D2	16	lean_core	SOURCE	derivation/code/lean/core/src/CNNA/Derivation/S01_PrimitiveResponseCoupledFiniteProvenance/S03_RecurrentPreBirthMeasurementAndSteering/S05_M002_BirthCutInteriorDomainTheorem.lean	exactDomain_response_exists	THEOREM	87	95	171d52d05001dcffc60fd1a325e1b5ce4c0025bbce75a57cc172e10efdbae669	RESOLVED
020	M002	D2	17	lean_core	SOURCE	derivation/code/lean/core/src/CNNA/Derivation/S01_PrimitiveResponseCoupledFiniteProvenance/S03_RecurrentPreBirthMeasurementAndSteering/S05_M002_BirthCutInteriorDomainTheorem.lean	exactDomain_response_unique	THEOREM	96	106	171d52d05001dcffc60fd1a325e1b5ce4c0025bbce75a57cc172e10efdbae669	RESOLVED
020	M002	D2	18	lean_core	SOURCE	derivation/code/lean/core/src/CNNA/Derivation/S01_PrimitiveResponseCoupledFiniteProvenance/S03_RecurrentPreBirthMeasurementAndSteering/S05_M002_BirthCutInteriorDomainTheorem.lean	admissible_of_interiorSize_eq_zero	THEOREM	107	117	171d52d05001dcffc60fd1a325e1b5ce4c0025bbce75a57cc172e10efdbae669	RESOLVED
020	M002	D2	19	lean_core	SOURCE	derivation/code/lean/core/src/CNNA/Derivation/S01_PrimitiveResponseCoupledFiniteProvenance/S03_RecurrentPreBirthMeasurementAndSteering/S05_M002_BirthCutInteriorDomainTheorem.lean	zeroInterior_inExactDomain	THEOREM	118	128	171d52d05001dcffc60fd1a325e1b5ce4c0025bbce75a57cc172e10efdbae669	RESOLVED
021	C007	D1	1	python	SOURCE	derivation/code/python/src/cnna/derivation/s01_primitive_response_coupled_finite_provenance/s03_recurrent_pre_birth_measurement_and_steering/s06_c007__inter_birth_directed_response_rn_snplus1.py	_zero_matrix	FUNCTION	52	53	9975a54c59b3385a416b6bb2f3df08135dd1f8caa0433ba809c65b1ba8462e0c	RESOLVED
021	C007	D1	2	python	SOURCE	derivation/code/python/src/cnna/derivation/s01_primitive_response_coupled_finite_provenance/s03_recurrent_pre_birth_measurement_and_steering/s06_c007__inter_birth_directed_response_rn_snplus1.py	_freeze_block	FUNCTION	56	66	9975a54c59b3385a416b6bb2f3df08135dd1f8caa0433ba809c65b1ba8462e0c	RESOLVED
021	C007	D1	3	python	SOURCE	derivation/code/python/src/cnna/derivation/s01_primitive_response_coupled_finite_provenance/s03_recurrent_pre_birth_measurement_and_steering/s06_c007__inter_birth_directed_response_rn_snplus1.py	StateDirectedSchurRealization	CLASS	70	96	9975a54c59b3385a416b6bb2f3df08135dd1f8caa0433ba809c65b1ba8462e0c	RESOLVED
021	C007	D1	4	python	SOURCE	derivation/code/python/src/cnna/derivation/s01_primitive_response_coupled_finite_provenance/s03_recurrent_pre_birth_measurement_and_steering/s06_c007__inter_birth_directed_response_rn_snplus1.py	InterBirthDirectedResponse	CLASS	100	122	9975a54c59b3385a416b6bb2f3df08135dd1f8caa0433ba809c65b1ba8462e0c	RESOLVED
021	C007	D1	5	python	SOURCE	derivation/code/python/src/cnna/derivation/s01_primitive_response_coupled_finite_provenance/s03_recurrent_pre_birth_measurement_and_steering/s06_c007__inter_birth_directed_response_rn_snplus1.py	state_directed_schur_realization	FUNCTION	125	166	9975a54c59b3385a416b6bb2f3df08135dd1f8caa0433ba809c65b1ba8462e0c	RESOLVED
021	C007	D1	6	python	SOURCE	derivation/code/python/src/cnna/derivation/s01_primitive_response_coupled_finite_provenance/s03_recurrent_pre_birth_measurement_and_steering/s06_c007__inter_birth_directed_response_rn_snplus1.py	inter_birth_directed_response	FUNCTION	169	190	9975a54c59b3385a416b6bb2f3df08135dd1f8caa0433ba809c65b1ba8462e0c	RESOLVED
021	C007	D1	7	python_test	TEST	derivation/code/python/tests/derivation/s01_primitive_response_coupled_finite_provenance/s03_recurrent_pre_birth_measurement_and_steering/test_s06_c007__inter_birth_directed_response_rn_snplus1.py	_bootstrap_state	FUNCTION	31	37	ddf93cee71f4da4c82ea4b17776e55ba63fb83b35c3ce9c8b3be68c5434f5426	RESOLVED
021	C007	D1	8	python_test	TEST	derivation/code/python/tests/derivation/s01_primitive_response_coupled_finite_provenance/s03_recurrent_pre_birth_measurement_and_steering/test_s06_c007__inter_birth_directed_response_rn_snplus1.py	_state	FUNCTION	40	55	ddf93cee71f4da4c82ea4b17776e55ba63fb83b35c3ce9c8b3be68c5434f5426	RESOLVED
021	C007	D1	9	python_test	TEST	derivation/code/python/tests/derivation/s01_primitive_response_coupled_finite_provenance/s03_recurrent_pre_birth_measurement_and_steering/test_s06_c007__inter_birth_directed_response_rn_snplus1.py	TestInterBirthDirectedResponse	CLASS	58	134	ddf93cee71f4da4c82ea4b17776e55ba63fb83b35c3ce9c8b3be68c5434f5426	RESOLVED
021	C007	D1	10	lean_core	SOURCE	derivation/code/lean/core/src/CNNA/Derivation/S01_PrimitiveResponseCoupledFiniteProvenance/S03_RecurrentPreBirthMeasurementAndSteering/S06_C007_InterBirthDirectedResponseRnSnplus1.lean	outgoingSum	DEF	40	52	18ef5818a50460d6866847274cd196f581f7b7d15c8da940287e43b95a49eaaf	RESOLVED
021	C007	D1	11	lean_core	SOURCE	derivation/code/lean/core/src/CNNA/Derivation/S01_PrimitiveResponseCoupledFiniteProvenance/S03_RecurrentPreBirthMeasurementAndSteering/S06_C007_InterBirthDirectedResponseRnSnplus1.lean	orderedPairSum	DEF	53	65	18ef5818a50460d6866847274cd196f581f7b7d15c8da940287e43b95a49eaaf	RESOLVED
021	C007	D1	12	lean_core	SOURCE	derivation/code/lean/core/src/CNNA/Derivation/S01_PrimitiveResponseCoupledFiniteProvenance/S03_RecurrentPreBirthMeasurementAndSteering/S06_C007_InterBirthDirectedResponseRnSnplus1.lean	directedMatrixEntry	DEF	66	74	18ef5818a50460d6866847274cd196f581f7b7d15c8da940287e43b95a49eaaf	RESOLVED
021	C007	D1	13	lean_core	SOURCE	derivation/code/lean/core/src/CNNA/Derivation/S01_PrimitiveResponseCoupledFiniteProvenance/S03_RecurrentPreBirthMeasurementAndSteering/S06_C007_InterBirthDirectedResponseRnSnplus1.lean	directedMatrixEntry_self	THEOREM	75	82	18ef5818a50460d6866847274cd196f581f7b7d15c8da940287e43b95a49eaaf	RESOLVED
021	C007	D1	14	lean_core	SOURCE	derivation/code/lean/core/src/CNNA/Derivation/S01_PrimitiveResponseCoupledFiniteProvenance/S03_RecurrentPreBirthMeasurementAndSteering/S06_C007_InterBirthDirectedResponseRnSnplus1.lean	directedMatrixEntry_of_ne	THEOREM	83	93	18ef5818a50460d6866847274cd196f581f7b7d15c8da940287e43b95a49eaaf	RESOLVED
021	C007	D1	15	lean_core	SOURCE	derivation/code/lean/core/src/CNNA/Derivation/S01_PrimitiveResponseCoupledFiniteProvenance/S03_RecurrentPreBirthMeasurementAndSteering/S06_C007_InterBirthDirectedResponseRnSnplus1.lean	boundaryAddress	DEF	94	98	18ef5818a50460d6866847274cd196f581f7b7d15c8da940287e43b95a49eaaf	RESOLVED
021	C007	D1	16	lean_core	SOURCE	derivation/code/lean/core/src/CNNA/Derivation/S01_PrimitiveResponseCoupledFiniteProvenance/S03_RecurrentPreBirthMeasurementAndSteering/S06_C007_InterBirthDirectedResponseRnSnplus1.lean	interiorAddress	DEF	99	103	18ef5818a50460d6866847274cd196f581f7b7d15c8da940287e43b95a49eaaf	RESOLVED
021	C007	D1	17	lean_core	SOURCE	derivation/code/lean/core/src/CNNA/Derivation/S01_PrimitiveResponseCoupledFiniteProvenance/S03_RecurrentPreBirthMeasurementAndSteering/S06_C007_InterBirthDirectedResponseRnSnplus1.lean	rawKBB	DEF	104	110	18ef5818a50460d6866847274cd196f581f7b7d15c8da940287e43b95a49eaaf	RESOLVED
021	C007	D1	18	lean_core	SOURCE	derivation/code/lean/core/src/CNNA/Derivation/S01_PrimitiveResponseCoupledFiniteProvenance/S03_RecurrentPreBirthMeasurementAndSteering/S06_C007_InterBirthDirectedResponseRnSnplus1.lean	rawKBI	DEF	111	117	18ef5818a50460d6866847274cd196f581f7b7d15c8da940287e43b95a49eaaf	RESOLVED
021	C007	D1	19	lean_core	SOURCE	derivation/code/lean/core/src/CNNA/Derivation/S01_PrimitiveResponseCoupledFiniteProvenance/S03_RecurrentPreBirthMeasurementAndSteering/S06_C007_InterBirthDirectedResponseRnSnplus1.lean	rawKIB	DEF	118	124	18ef5818a50460d6866847274cd196f581f7b7d15c8da940287e43b95a49eaaf	RESOLVED
021	C007	D1	20	lean_core	SOURCE	derivation/code/lean/core/src/CNNA/Derivation/S01_PrimitiveResponseCoupledFiniteProvenance/S03_RecurrentPreBirthMeasurementAndSteering/S06_C007_InterBirthDirectedResponseRnSnplus1.lean	rawKII	DEF	125	132	18ef5818a50460d6866847274cd196f581f7b7d15c8da940287e43b95a49eaaf	RESOLVED
021	C007	D1	21	lean_core	SOURCE	derivation/code/lean/core/src/CNNA/Derivation/S01_PrimitiveResponseCoupledFiniteProvenance/S03_RecurrentPreBirthMeasurementAndSteering/S06_C007_InterBirthDirectedResponseRnSnplus1.lean	RealizesStateDirectedBlocks	DEF	133	142	18ef5818a50460d6866847274cd196f581f7b7d15c8da940287e43b95a49eaaf	RESOLVED
021	C007	D1	22	lean_core	SOURCE	derivation/code/lean/core/src/CNNA/Derivation/S01_PrimitiveResponseCoupledFiniteProvenance/S03_RecurrentPreBirthMeasurementAndSteering/S06_C007_InterBirthDirectedResponseRnSnplus1.lean	StateDirectedBlockRealization	STRUCTURE	143	148	18ef5818a50460d6866847274cd196f581f7b7d15c8da940287e43b95a49eaaf	RESOLVED
021	C007	D1	23	lean_core	SOURCE	derivation/code/lean/core/src/CNNA/Derivation/S01_PrimitiveResponseCoupledFiniteProvenance/S03_RecurrentPreBirthMeasurementAndSteering/S06_C007_InterBirthDirectedResponseRnSnplus1.lean	IsInterBirthDirectedResponse	DEF	149	155	18ef5818a50460d6866847274cd196f581f7b7d15c8da940287e43b95a49eaaf	RESOLVED
021	C007	D1	24	lean_core	SOURCE	derivation/code/lean/core/src/CNNA/Derivation/S01_PrimitiveResponseCoupledFiniteProvenance/S03_RecurrentPreBirthMeasurementAndSteering/S06_C007_InterBirthDirectedResponseRnSnplus1.lean	InResponseDomain	DEF	156	162	18ef5818a50460d6866847274cd196f581f7b7d15c8da940287e43b95a49eaaf	RESOLVED
021	C007	D1	25	lean_core	SOURCE	derivation/code/lean/core/src/CNNA/Derivation/S01_PrimitiveResponseCoupledFiniteProvenance/S03_RecurrentPreBirthMeasurementAndSteering/S06_C007_InterBirthDirectedResponseRnSnplus1.lean	inResponseDomain_iff_m002	THEOREM	163	170	18ef5818a50460d6866847274cd196f581f7b7d15c8da940287e43b95a49eaaf	RESOLVED
021	C007	D1	26	lean_core	SOURCE	derivation/code/lean/core/src/CNNA/Derivation/S01_PrimitiveResponseCoupledFiniteProvenance/S03_RecurrentPreBirthMeasurementAndSteering/S06_C007_InterBirthDirectedResponseRnSnplus1.lean	response_exists	THEOREM	171	182	18ef5818a50460d6866847274cd196f581f7b7d15c8da940287e43b95a49eaaf	RESOLVED
021	C007	D1	27	lean_core	SOURCE	derivation/code/lean/core/src/CNNA/Derivation/S01_PrimitiveResponseCoupledFiniteProvenance/S03_RecurrentPreBirthMeasurementAndSteering/S06_C007_InterBirthDirectedResponseRnSnplus1.lean	response_unique	THEOREM	183	196	18ef5818a50460d6866847274cd196f581f7b7d15c8da940287e43b95a49eaaf	RESOLVED
021	C007	D1	28	lean_core	SOURCE	derivation/code/lean/core/src/CNNA/Derivation/S01_PrimitiveResponseCoupledFiniteProvenance/S03_RecurrentPreBirthMeasurementAndSteering/S06_C007_InterBirthDirectedResponseRnSnplus1.lean	response_of_sameValue	THEOREM	197	208	18ef5818a50460d6866847274cd196f581f7b7d15c8da940287e43b95a49eaaf	RESOLVED
021	C007	D1	29	lean_core	SOURCE	derivation/code/lean/core/src/CNNA/Derivation/S01_PrimitiveResponseCoupledFiniteProvenance/S03_RecurrentPreBirthMeasurementAndSteering/S06_C007_InterBirthDirectedResponseRnSnplus1.lean	unborn_child_not_in_boundary	THEOREM	209	213	18ef5818a50460d6866847274cd196f581f7b7d15c8da940287e43b95a49eaaf	RESOLVED
021	C007	D1	30	lean_core	SOURCE	derivation/code/lean/core/src/CNNA/Derivation/S01_PrimitiveResponseCoupledFiniteProvenance/S03_RecurrentPreBirthMeasurementAndSteering/S06_C007_InterBirthDirectedResponseRnSnplus1.lean	unborn_child_not_in_interior	THEOREM	214	220	18ef5818a50460d6866847274cd196f581f7b7d15c8da940287e43b95a49eaaf	RESOLVED
022	O001	D2	1	python	SOURCE	derivation/code/python/src/cnna/derivation/s01_primitive_response_coupled_finite_provenance/s03_recurrent_pre_birth_measurement_and_steering/s07_o001__ist_response_independent_directed_bias_obstruction.py	IndependentDirectedBiasPresence	CLASS	99	117	f7b9e6366d2f3b2bb9190d24625ca3afd7647e6f83b4f999905597486527e04b	RESOLVED
022	O001	D2	2	python	SOURCE	derivation/code/python/src/cnna/derivation/s01_primitive_response_coupled_finite_provenance/s03_recurrent_pre_birth_measurement_and_steering/s07_o001__ist_response_independent_directed_bias_obstruction.py	CandidateGrowthLawInputs	CLASS	157	164	f7b9e6366d2f3b2bb9190d24625ca3afd7647e6f83b4f999905597486527e04b	RESOLVED
022	O001	D2	3	python	SOURCE	derivation/code/python/src/cnna/derivation/s01_primitive_response_coupled_finite_provenance/s03_recurrent_pre_birth_measurement_and_steering/s07_o001__ist_response_independent_directed_bias_obstruction.py	AdmittedGrowthLawInputs	CLASS	168	174	f7b9e6366d2f3b2bb9190d24625ca3afd7647e6f83b4f999905597486527e04b	RESOLVED
022	O001	D2	4	python	SOURCE	derivation/code/python/src/cnna/derivation/s01_primitive_response_coupled_finite_provenance/s03_recurrent_pre_birth_measurement_and_steering/s07_o001__ist_response_independent_directed_bias_obstruction.py	ResponseIndependentBiasError	CLASS	177	178	f7b9e6366d2f3b2bb9190d24625ca3afd7647e6f83b4f999905597486527e04b	RESOLVED
022	O001	D2	5	python	SOURCE	derivation/code/python/src/cnna/derivation/s01_primitive_response_coupled_finite_provenance/s03_recurrent_pre_birth_measurement_and_steering/s07_o001__ist_response_independent_directed_bias_obstruction.py	LegacyBiasFinding	CLASS	182	186	f7b9e6366d2f3b2bb9190d24625ca3afd7647e6f83b4f999905597486527e04b	RESOLVED
022	O001	D2	6	python	SOURCE	derivation/code/python/src/cnna/derivation/s01_primitive_response_coupled_finite_provenance/s03_recurrent_pre_birth_measurement_and_steering/s07_o001__ist_response_independent_directed_bias_obstruction.py	LegacyBiasAudit	CLASS	190	207	f7b9e6366d2f3b2bb9190d24625ca3afd7647e6f83b4f999905597486527e04b	RESOLVED
022	O001	D2	7	python	SOURCE	derivation/code/python/src/cnna/derivation/s01_primitive_response_coupled_finite_provenance/s03_recurrent_pre_birth_measurement_and_steering/s07_o001__ist_response_independent_directed_bias_obstruction.py	admit_growth_law_inputs	FUNCTION	210	229	f7b9e6366d2f3b2bb9190d24625ca3afd7647e6f83b4f999905597486527e04b	RESOLVED
022	O001	D2	8	python	SOURCE	derivation/code/python/src/cnna/derivation/s01_primitive_response_coupled_finite_provenance/s03_recurrent_pre_birth_measurement_and_steering/s07_o001__ist_response_independent_directed_bias_obstruction.py	_function_symbol_references	FUNCTION	232	241	f7b9e6366d2f3b2bb9190d24625ca3afd7647e6f83b4f999905597486527e04b	RESOLVED
022	O001	D2	9	python	SOURCE	derivation/code/python/src/cnna/derivation/s01_primitive_response_coupled_finite_provenance/s03_recurrent_pre_birth_measurement_and_steering/s07_o001__ist_response_independent_directed_bias_obstruction.py	_target_names	FUNCTION	244	249	f7b9e6366d2f3b2bb9190d24625ca3afd7647e6f83b4f999905597486527e04b	RESOLVED
022	O001	D2	10	python	SOURCE	derivation/code/python/src/cnna/derivation/s01_primitive_response_coupled_finite_provenance/s03_recurrent_pre_birth_measurement_and_steering/s07_o001__ist_response_independent_directed_bias_obstruction.py	_contains_numeric_one	FUNCTION	252	258	f7b9e6366d2f3b2bb9190d24625ca3afd7647e6f83b4f999905597486527e04b	RESOLVED
022	O001	D2	11	python	SOURCE	derivation/code/python/src/cnna/derivation/s01_primitive_response_coupled_finite_provenance/s03_recurrent_pre_birth_measurement_and_steering/s07_o001__ist_response_independent_directed_bias_obstruction.py	_contains_addition	FUNCTION	261	262	f7b9e6366d2f3b2bb9190d24625ca3afd7647e6f83b4f999905597486527e04b	RESOLVED
022	O001	D2	12	python	SOURCE	derivation/code/python/src/cnna/derivation/s01_primitive_response_coupled_finite_provenance/s03_recurrent_pre_birth_measurement_and_steering/s07_o001__ist_response_independent_directed_bias_obstruction.py	_synthetic_findings	FUNCTION	265	300	f7b9e6366d2f3b2bb9190d24625ca3afd7647e6f83b4f999905597486527e04b	RESOLVED
022	O001	D2	13	python	SOURCE	derivation/code/python/src/cnna/derivation/s01_primitive_response_coupled_finite_provenance/s03_recurrent_pre_birth_measurement_and_steering/s07_o001__ist_response_independent_directed_bias_obstruction.py	audit_legacy_response_independent_bias	FUNCTION	303	348	f7b9e6366d2f3b2bb9190d24625ca3afd7647e6f83b4f999905597486527e04b	RESOLVED
022	O001	D2	14	python	SOURCE	derivation/code/python/src/cnna/derivation/s01_primitive_response_coupled_finite_provenance/s03_recurrent_pre_birth_measurement_and_steering/s07_o001__ist_response_independent_directed_bias_obstruction.py	audit_legacy_response_independent_bias_file	FUNCTION	351	353	f7b9e6366d2f3b2bb9190d24625ca3afd7647e6f83b4f999905597486527e04b	RESOLVED
022	O001	D2	15	python_test	TEST	derivation/code/python/tests/derivation/s01_primitive_response_coupled_finite_provenance/s03_recurrent_pre_birth_measurement_and_steering/test_s07_o001__ist_response_independent_directed_bias_obstruction.py	_presence_only	FUNCTION	18	20	838e65efd3035c9a02cb326a7e6734403873f3b5caf874b833a6cf7a9dba7d20	RESOLVED
022	O001	D2	16	python_test	TEST	derivation/code/python/tests/derivation/s01_primitive_response_coupled_finite_provenance/s03_recurrent_pre_birth_measurement_and_steering/test_s07_o001__ist_response_independent_directed_bias_obstruction.py	TestIstResponseIndependentDirectedBiasObstruction	CLASS	23	129	838e65efd3035c9a02cb326a7e6734403873f3b5caf874b833a6cf7a9dba7d20	RESOLVED
022	O001	D2	17	lean_core	SOURCE	derivation/code/lean/core/src/CNNA/Derivation/S01_PrimitiveResponseCoupledFiniteProvenance/S03_RecurrentPreBirthMeasurementAndSteering/S07_O001_IstResponseIndependentDirectedBiasObstruction.lean	IndependentDirectedBiasPresence	STRUCTURE	30	40	94a45ef69de61a5339b6f288295122ff6e36a386b67ef225a64b5dc6ea2d66a8	RESOLVED
022	O001	D2	18	lean_core	SOURCE	derivation/code/lean/core/src/CNNA/Derivation/S01_PrimitiveResponseCoupledFiniteProvenance/S03_RecurrentPreBirthMeasurementAndSteering/S07_O001_IstResponseIndependentDirectedBiasObstruction.lean	noIndependentDirectedBias	DEF	41	51	94a45ef69de61a5339b6f288295122ff6e36a386b67ef225a64b5dc6ea2d66a8	RESOLVED
022	O001	D2	19	lean_core	SOURCE	derivation/code/lean/core/src/CNNA/Derivation/S01_PrimitiveResponseCoupledFiniteProvenance/S03_RecurrentPreBirthMeasurementAndSteering/S07_O001_IstResponseIndependentDirectedBiasObstruction.lean	legacyRankForwardBackwardBias	DEF	52	63	94a45ef69de61a5339b6f288295122ff6e36a386b67ef225a64b5dc6ea2d66a8	RESOLVED
022	O001	D2	20	lean_core	SOURCE	derivation/code/lean/core/src/CNNA/Derivation/S01_PrimitiveResponseCoupledFiniteProvenance/S03_RecurrentPreBirthMeasurementAndSteering/S07_O001_IstResponseIndependentDirectedBiasObstruction.lean	legacyResponseIndependentChannels	DEF	64	74	94a45ef69de61a5339b6f288295122ff6e36a386b67ef225a64b5dc6ea2d66a8	RESOLVED
022	O001	D2	21	lean_core	SOURCE	derivation/code/lean/core/src/CNNA/Derivation/S01_PrimitiveResponseCoupledFiniteProvenance/S03_RecurrentPreBirthMeasurementAndSteering/S07_O001_IstResponseIndependentDirectedBiasObstruction.lean	IsRemoved	DEF	75	78	94a45ef69de61a5339b6f288295122ff6e36a386b67ef225a64b5dc6ea2d66a8	RESOLVED
022	O001	D2	22	lean_core	SOURCE	derivation/code/lean/core/src/CNNA/Derivation/S01_PrimitiveResponseCoupledFiniteProvenance/S03_RecurrentPreBirthMeasurementAndSteering/S07_O001_IstResponseIndependentDirectedBiasObstruction.lean	CandidateGrowthLawInputs	STRUCTURE	79	88	94a45ef69de61a5339b6f288295122ff6e36a386b67ef225a64b5dc6ea2d66a8	RESOLVED
022	O001	D2	23	lean_core	SOURCE	derivation/code/lean/core/src/CNNA/Derivation/S01_PrimitiveResponseCoupledFiniteProvenance/S03_RecurrentPreBirthMeasurementAndSteering/S07_O001_IstResponseIndependentDirectedBiasObstruction.lean	BiasFreeGrowthLawInputs	STRUCTURE	89	97	94a45ef69de61a5339b6f288295122ff6e36a386b67ef225a64b5dc6ea2d66a8	RESOLVED
022	O001	D2	24	lean_core	SOURCE	derivation/code/lean/core/src/CNNA/Derivation/S01_PrimitiveResponseCoupledFiniteProvenance/S03_RecurrentPreBirthMeasurementAndSteering/S07_O001_IstResponseIndependentDirectedBiasObstruction.lean	IsAdmissible	DEF	98	103	94a45ef69de61a5339b6f288295122ff6e36a386b67ef225a64b5dc6ea2d66a8	RESOLVED
022	O001	D2	25	lean_core	SOURCE	derivation/code/lean/core/src/CNNA/Derivation/S01_PrimitiveResponseCoupledFiniteProvenance/S03_RecurrentPreBirthMeasurementAndSteering/S07_O001_IstResponseIndependentDirectedBiasObstruction.lean	acceptBiasFree	DEF	104	114	94a45ef69de61a5339b6f288295122ff6e36a386b67ef225a64b5dc6ea2d66a8	RESOLVED
022	O001	D2	26	lean_core	SOURCE	derivation/code/lean/core/src/CNNA/Derivation/S01_PrimitiveResponseCoupledFiniteProvenance/S03_RecurrentPreBirthMeasurementAndSteering/S07_O001_IstResponseIndependentDirectedBiasObstruction.lean	accepted_preserves_state	THEOREM	115	121	94a45ef69de61a5339b6f288295122ff6e36a386b67ef225a64b5dc6ea2d66a8	RESOLVED
022	O001	D2	27	lean_core	SOURCE	derivation/code/lean/core/src/CNNA/Derivation/S01_PrimitiveResponseCoupledFiniteProvenance/S03_RecurrentPreBirthMeasurementAndSteering/S07_O001_IstResponseIndependentDirectedBiasObstruction.lean	accepted_preserves_slot	THEOREM	122	128	94a45ef69de61a5339b6f288295122ff6e36a386b67ef225a64b5dc6ea2d66a8	RESOLVED
022	O001	D2	28	lean_core	SOURCE	derivation/code/lean/core/src/CNNA/Derivation/S01_PrimitiveResponseCoupledFiniteProvenance/S03_RecurrentPreBirthMeasurementAndSteering/S07_O001_IstResponseIndependentDirectedBiasObstruction.lean	accepted_preserves_response	THEOREM	129	135	94a45ef69de61a5339b6f288295122ff6e36a386b67ef225a64b5dc6ea2d66a8	RESOLVED
022	O001	D2	29	lean_core	SOURCE	derivation/code/lean/core/src/CNNA/Derivation/S01_PrimitiveResponseCoupledFiniteProvenance/S03_RecurrentPreBirthMeasurementAndSteering/S07_O001_IstResponseIndependentDirectedBiasObstruction.lean	accepted_preserves_steering	THEOREM	136	141	94a45ef69de61a5339b6f288295122ff6e36a386b67ef225a64b5dc6ea2d66a8	RESOLVED
022	O001	D2	30	lean_core	SOURCE	derivation/code/lean/core/src/CNNA/Derivation/S01_PrimitiveResponseCoupledFiniteProvenance/S03_RecurrentPreBirthMeasurementAndSteering/S07_O001_IstResponseIndependentDirectedBiasObstruction.lean	true_ne_false	THEOREM	142	146	94a45ef69de61a5339b6f288295122ff6e36a386b67ef225a64b5dc6ea2d66a8	RESOLVED
022	O001	D2	31	lean_core	SOURCE	derivation/code/lean/core/src/CNNA/Derivation/S01_PrimitiveResponseCoupledFiniteProvenance/S03_RecurrentPreBirthMeasurementAndSteering/S07_O001_IstResponseIndependentDirectedBiasObstruction.lean	rank_bias_blocks_acceptance	THEOREM	147	156	94a45ef69de61a5339b6f288295122ff6e36a386b67ef225a64b5dc6ea2d66a8	RESOLVED
022	O001	D2	32	lean_core	SOURCE	derivation/code/lean/core/src/CNNA/Derivation/S01_PrimitiveResponseCoupledFiniteProvenance/S03_RecurrentPreBirthMeasurementAndSteering/S07_O001_IstResponseIndependentDirectedBiasObstruction.lean	forward_bias_blocks_acceptance	THEOREM	157	166	94a45ef69de61a5339b6f288295122ff6e36a386b67ef225a64b5dc6ea2d66a8	RESOLVED
022	O001	D2	33	lean_core	SOURCE	derivation/code/lean/core/src/CNNA/Derivation/S01_PrimitiveResponseCoupledFiniteProvenance/S03_RecurrentPreBirthMeasurementAndSteering/S07_O001_IstResponseIndependentDirectedBiasObstruction.lean	backward_bias_blocks_acceptance	THEOREM	167	176	94a45ef69de61a5339b6f288295122ff6e36a386b67ef225a64b5dc6ea2d66a8	RESOLVED
022	O001	D2	34	lean_core	SOURCE	derivation/code/lean/core/src/CNNA/Derivation/S01_PrimitiveResponseCoupledFiniteProvenance/S03_RecurrentPreBirthMeasurementAndSteering/S07_O001_IstResponseIndependentDirectedBiasObstruction.lean	node_load_scalar_blocks_acceptance	THEOREM	177	186	94a45ef69de61a5339b6f288295122ff6e36a386b67ef225a64b5dc6ea2d66a8	RESOLVED
022	O001	D2	35	lean_core	SOURCE	derivation/code/lean/core/src/CNNA/Derivation/S01_PrimitiveResponseCoupledFiniteProvenance/S03_RecurrentPreBirthMeasurementAndSteering/S07_O001_IstResponseIndependentDirectedBiasObstruction.lean	nonlinear_mode_blocks_acceptance	THEOREM	187	196	94a45ef69de61a5339b6f288295122ff6e36a386b67ef225a64b5dc6ea2d66a8	RESOLVED
022	O001	D2	36	lean_core	SOURCE	derivation/code/lean/core/src/CNNA/Derivation/S01_PrimitiveResponseCoupledFiniteProvenance/S03_RecurrentPreBirthMeasurementAndSteering/S07_O001_IstResponseIndependentDirectedBiasObstruction.lean	backreaction_scale_blocks_acceptance	THEOREM	197	206	94a45ef69de61a5339b6f288295122ff6e36a386b67ef225a64b5dc6ea2d66a8	RESOLVED
022	O001	D2	37	lean_core	SOURCE	derivation/code/lean/core/src/CNNA/Derivation/S01_PrimitiveResponseCoupledFiniteProvenance/S03_RecurrentPreBirthMeasurementAndSteering/S07_O001_IstResponseIndependentDirectedBiasObstruction.lean	additive_baseline_blocks_acceptance	THEOREM	207	216	94a45ef69de61a5339b6f288295122ff6e36a386b67ef225a64b5dc6ea2d66a8	RESOLVED
022	O001	D2	38	lean_core	SOURCE	derivation/code/lean/core/src/CNNA/Derivation/S01_PrimitiveResponseCoupledFiniteProvenance/S03_RecurrentPreBirthMeasurementAndSteering/S07_O001_IstResponseIndependentDirectedBiasObstruction.lean	geometric_attenuation_blocks_acceptance	THEOREM	217	226	94a45ef69de61a5339b6f288295122ff6e36a386b67ef225a64b5dc6ea2d66a8	RESOLVED
022	O001	D2	39	lean_core	SOURCE	derivation/code/lean/core/src/CNNA/Derivation/S01_PrimitiveResponseCoupledFiniteProvenance/S03_RecurrentPreBirthMeasurementAndSteering/S07_O001_IstResponseIndependentDirectedBiasObstruction.lean	legacy_channels_not_removed	THEOREM	227	233	94a45ef69de61a5339b6f288295122ff6e36a386b67ef225a64b5dc6ea2d66a8	RESOLVED
022	O001	D2	40	lean_core	SOURCE	derivation/code/lean/core/src/CNNA/Derivation/S01_PrimitiveResponseCoupledFiniteProvenance/S03_RecurrentPreBirthMeasurementAndSteering/S07_O001_IstResponseIndependentDirectedBiasObstruction.lean	legacy_candidate_not_admissible	THEOREM	234	248	94a45ef69de61a5339b6f288295122ff6e36a386b67ef225a64b5dc6ea2d66a8	RESOLVED
023	C015	D0	1	python	SOURCE	derivation/code/python/src/cnna/derivation/s01_primitive_response_coupled_finite_provenance/s03_recurrent_pre_birth_measurement_and_steering/s08_c015__active_linear_steering_mode_phi_x_x.py	active_linear_steering	FUNCTION	20	22	92458bb05b2008b7458fa2a5d72fac8676796c696769993b989374a7b574c129	RESOLVED
023	C015	D0	2	python_test	TEST	derivation/code/python/tests/derivation/s01_primitive_response_coupled_finite_provenance/s03_recurrent_pre_birth_measurement_and_steering/test_s08_c015__active_linear_steering_mode_phi_x_x.py	TestActivePathIdentityTransform	CLASS	14	50	97b94a48f62c0a1bd840bc13310a490f42ffded93f6bf433ff37f2edb8d9f394	RESOLVED
023	C015	D0	3	lean_core	SOURCE	derivation/code/lean/core/src/CNNA/Derivation/S01_PrimitiveResponseCoupledFiniteProvenance/S03_RecurrentPreBirthMeasurementAndSteering/S08_C015_ActiveLinearSteeringModePhiXX.lean	phi	DEF	23	25	34378ada95397d5c421585f94834e6fc5e019613bc87a873771e0b32a1630013	RESOLVED
023	C015	D0	4	lean_core	SOURCE	derivation/code/lean/core/src/CNNA/Derivation/S01_PrimitiveResponseCoupledFiniteProvenance/S03_RecurrentPreBirthMeasurementAndSteering/S08_C015_ActiveLinearSteeringModePhiXX.lean	phi_eq_input	THEOREM	26	28	34378ada95397d5c421585f94834e6fc5e019613bc87a873771e0b32a1630013	RESOLVED
023	C015	D0	5	lean_core	SOURCE	derivation/code/lean/core/src/CNNA/Derivation/S01_PrimitiveResponseCoupledFiniteProvenance/S03_RecurrentPreBirthMeasurementAndSteering/S08_C015_ActiveLinearSteeringModePhiXX.lean	phi_eq_identity	THEOREM	29	34	34378ada95397d5c421585f94834e6fc5e019613bc87a873771e0b32a1630013	RESOLVED
024	M003	D2	1	python	SOURCE	derivation/code/python/src/cnna/derivation/s01_primitive_response_coupled_finite_provenance/s03_recurrent_pre_birth_measurement_and_steering/s09_m003__canonical_response_steering_functional_sigma_b_rn_s.py	CanonicalResponseSteering	CLASS	47	72	bee99c2edb4d1de28d4366dea75f1d587eb0c25146f104f98862cc85120a1009	RESOLVED
024	M003	D2	2	python	SOURCE	derivation/code/python/src/cnna/derivation/s01_primitive_response_coupled_finite_provenance/s03_recurrent_pre_birth_measurement_and_steering/s09_m003__canonical_response_steering_functional_sigma_b_rn_s.py	is_positive_response_steering	FUNCTION	75	82	bee99c2edb4d1de28d4366dea75f1d587eb0c25146f104f98862cc85120a1009	RESOLVED
024	M003	D2	3	python	SOURCE	derivation/code/python/src/cnna/derivation/s01_primitive_response_coupled_finite_provenance/s03_recurrent_pre_birth_measurement_and_steering/s09_m003__canonical_response_steering_functional_sigma_b_rn_s.py	parent_port_self_response	FUNCTION	85	99	bee99c2edb4d1de28d4366dea75f1d587eb0c25146f104f98862cc85120a1009	RESOLVED
024	M003	D2	4	python	SOURCE	derivation/code/python/src/cnna/derivation/s01_primitive_response_coupled_finite_provenance/s03_recurrent_pre_birth_measurement_and_steering/s09_m003__canonical_response_steering_functional_sigma_b_rn_s.py	canonical_response_steering_functional	FUNCTION	102	120	bee99c2edb4d1de28d4366dea75f1d587eb0c25146f104f98862cc85120a1009	RESOLVED
024	M003	D2	5	python_test	TEST	derivation/code/python/tests/derivation/s01_primitive_response_coupled_finite_provenance/s03_recurrent_pre_birth_measurement_and_steering/test_s09_m003__canonical_response_steering_functional_sigma_b_rn_s.py	_bootstrap_state	FUNCTION	33	39	911102ca3ae3fe8a4a822b1569f4d8b52e9cf040635971dc3812baa324a8a067	RESOLVED
024	M003	D2	6	python_test	TEST	derivation/code/python/tests/derivation/s01_primitive_response_coupled_finite_provenance/s03_recurrent_pre_birth_measurement_and_steering/test_s09_m003__canonical_response_steering_functional_sigma_b_rn_s.py	_state	FUNCTION	42	53	911102ca3ae3fe8a4a822b1569f4d8b52e9cf040635971dc3812baa324a8a067	RESOLVED
024	M003	D2	7	python_test	TEST	derivation/code/python/tests/derivation/s01_primitive_response_coupled_finite_provenance/s03_recurrent_pre_birth_measurement_and_steering/test_s09_m003__canonical_response_steering_functional_sigma_b_rn_s.py	TestCanonicalResponseSteeringFunctional	CLASS	56	148	911102ca3ae3fe8a4a822b1569f4d8b52e9cf040635971dc3812baa324a8a067	RESOLVED
024	M003	D2	8	lean_core	SOURCE	derivation/code/lean/core/src/CNNA/Derivation/S01_PrimitiveResponseCoupledFiniteProvenance/S03_RecurrentPreBirthMeasurementAndSteering/S09_M003_CanonicalResponseSteeringFunctionalSigmaBRnS.lean	terminal_mem_prefixChainAux	THEOREM	38	60	1ecd0f0d2afe74458cae30490db430306c0ee9e79550eada2b2f80b66f398c8e	RESOLVED
024	M003	D2	9	lean_core	SOURCE	derivation/code/lean/core/src/CNNA/Derivation/S01_PrimitiveResponseCoupledFiniteProvenance/S03_RecurrentPreBirthMeasurementAndSteering/S09_M003_CanonicalResponseSteeringFunctionalSigmaBRnS.lean	parent_mem_causalPredecessorPorts	THEOREM	61	71	1ecd0f0d2afe74458cae30490db430306c0ee9e79550eada2b2f80b66f398c8e	RESOLVED
024	M003	D2	10	lean_core	SOURCE	derivation/code/lean/core/src/CNNA/Derivation/S01_PrimitiveResponseCoupledFiniteProvenance/S03_RecurrentPreBirthMeasurementAndSteering/S09_M003_CanonicalResponseSteeringFunctionalSigmaBRnS.lean	parent_mem_boundary	THEOREM	72	79	1ecd0f0d2afe74458cae30490db430306c0ee9e79550eada2b2f80b66f398c8e	RESOLVED
024	M003	D2	11	lean_core	SOURCE	derivation/code/lean/core/src/CNNA/Derivation/S01_PrimitiveResponseCoupledFiniteProvenance/S03_RecurrentPreBirthMeasurementAndSteering/S09_M003_CanonicalResponseSteeringFunctionalSigmaBRnS.lean	parentDiagonalTerm	DEF	80	90	1ecd0f0d2afe74458cae30490db430306c0ee9e79550eada2b2f80b66f398c8e	RESOLVED
024	M003	D2	12	lean_core	SOURCE	derivation/code/lean/core/src/CNNA/Derivation/S01_PrimitiveResponseCoupledFiniteProvenance/S03_RecurrentPreBirthMeasurementAndSteering/S09_M003_CanonicalResponseSteeringFunctionalSigmaBRnS.lean	parentSelfResponse	DEF	91	101	1ecd0f0d2afe74458cae30490db430306c0ee9e79550eada2b2f80b66f398c8e	RESOLVED
024	M003	D2	13	lean_core	SOURCE	derivation/code/lean/core/src/CNNA/Derivation/S01_PrimitiveResponseCoupledFiniteProvenance/S03_RecurrentPreBirthMeasurementAndSteering/S09_M003_CanonicalResponseSteeringFunctionalSigmaBRnS.lean	unitNormalizedParentResponse	DEF	102	108	1ecd0f0d2afe74458cae30490db430306c0ee9e79550eada2b2f80b66f398c8e	RESOLVED
024	M003	D2	14	lean_core	SOURCE	derivation/code/lean/core/src/CNNA/Derivation/S01_PrimitiveResponseCoupledFiniteProvenance/S03_RecurrentPreBirthMeasurementAndSteering/S09_M003_CanonicalResponseSteeringFunctionalSigmaBRnS.lean	selected_conductance_unit_eq_one	THEOREM	109	114	1ecd0f0d2afe74458cae30490db430306c0ee9e79550eada2b2f80b66f398c8e	RESOLVED
024	M003	D2	15	lean_core	SOURCE	derivation/code/lean/core/src/CNNA/Derivation/S01_PrimitiveResponseCoupledFiniteProvenance/S03_RecurrentPreBirthMeasurementAndSteering/S09_M003_CanonicalResponseSteeringFunctionalSigmaBRnS.lean	sigma	DEF	115	121	1ecd0f0d2afe74458cae30490db430306c0ee9e79550eada2b2f80b66f398c8e	RESOLVED
024	M003	D2	16	lean_core	SOURCE	derivation/code/lean/core/src/CNNA/Derivation/S01_PrimitiveResponseCoupledFiniteProvenance/S03_RecurrentPreBirthMeasurementAndSteering/S09_M003_CanonicalResponseSteeringFunctionalSigmaBRnS.lean	IsCanonicalResponseSteering	DEF	122	128	1ecd0f0d2afe74458cae30490db430306c0ee9e79550eada2b2f80b66f398c8e	RESOLVED
024	M003	D2	17	lean_core	SOURCE	derivation/code/lean/core/src/CNNA/Derivation/S01_PrimitiveResponseCoupledFiniteProvenance/S03_RecurrentPreBirthMeasurementAndSteering/S09_M003_CanonicalResponseSteeringFunctionalSigmaBRnS.lean	sigma_eq_unitNormalizedParentResponse	THEOREM	129	136	1ecd0f0d2afe74458cae30490db430306c0ee9e79550eada2b2f80b66f398c8e	RESOLVED
024	M003	D2	18	lean_core	SOURCE	derivation/code/lean/core/src/CNNA/Derivation/S01_PrimitiveResponseCoupledFiniteProvenance/S03_RecurrentPreBirthMeasurementAndSteering/S09_M003_CanonicalResponseSteeringFunctionalSigmaBRnS.lean	sigma_eq_parentSelfResponse	THEOREM	137	145	1ecd0f0d2afe74458cae30490db430306c0ee9e79550eada2b2f80b66f398c8e	RESOLVED
024	M003	D2	19	lean_core	SOURCE	derivation/code/lean/core/src/CNNA/Derivation/S01_PrimitiveResponseCoupledFiniteProvenance/S03_RecurrentPreBirthMeasurementAndSteering/S09_M003_CanonicalResponseSteeringFunctionalSigmaBRnS.lean	PositiveSteering	DEF	146	150	1ecd0f0d2afe74458cae30490db430306c0ee9e79550eada2b2f80b66f398c8e	RESOLVED
024	M003	D2	20	lean_core	SOURCE	derivation/code/lean/core/src/CNNA/Derivation/S01_PrimitiveResponseCoupledFiniteProvenance/S03_RecurrentPreBirthMeasurementAndSteering/S09_M003_CanonicalResponseSteeringFunctionalSigmaBRnS.lean	parentDiagonalTerm_respects_matrixSameValue	THEOREM	151	168	1ecd0f0d2afe74458cae30490db430306c0ee9e79550eada2b2f80b66f398c8e	RESOLVED
024	M003	D2	21	lean_core	SOURCE	derivation/code/lean/core/src/CNNA/Derivation/S01_PrimitiveResponseCoupledFiniteProvenance/S03_RecurrentPreBirthMeasurementAndSteering/S09_M003_CanonicalResponseSteeringFunctionalSigmaBRnS.lean	parentSelfResponse_respects_matrixSameValue	THEOREM	169	184	1ecd0f0d2afe74458cae30490db430306c0ee9e79550eada2b2f80b66f398c8e	RESOLVED
024	M003	D2	22	lean_core	SOURCE	derivation/code/lean/core/src/CNNA/Derivation/S01_PrimitiveResponseCoupledFiniteProvenance/S03_RecurrentPreBirthMeasurementAndSteering/S09_M003_CanonicalResponseSteeringFunctionalSigmaBRnS.lean	sigma_respects_matrixSameValue	THEOREM	185	197	1ecd0f0d2afe74458cae30490db430306c0ee9e79550eada2b2f80b66f398c8e	RESOLVED
024	M003	D2	23	lean_core	SOURCE	derivation/code/lean/core/src/CNNA/Derivation/S01_PrimitiveResponseCoupledFiniteProvenance/S03_RecurrentPreBirthMeasurementAndSteering/S09_M003_CanonicalResponseSteeringFunctionalSigmaBRnS.lean	steering_exists	THEOREM	198	206	1ecd0f0d2afe74458cae30490db430306c0ee9e79550eada2b2f80b66f398c8e	RESOLVED
024	M003	D2	24	lean_core	SOURCE	derivation/code/lean/core/src/CNNA/Derivation/S01_PrimitiveResponseCoupledFiniteProvenance/S03_RecurrentPreBirthMeasurementAndSteering/S09_M003_CanonicalResponseSteeringFunctionalSigmaBRnS.lean	steering_unique	THEOREM	207	218	1ecd0f0d2afe74458cae30490db430306c0ee9e79550eada2b2f80b66f398c8e	RESOLVED
024	M003	D2	25	lean_core	SOURCE	derivation/code/lean/core/src/CNNA/Derivation/S01_PrimitiveResponseCoupledFiniteProvenance/S03_RecurrentPreBirthMeasurementAndSteering/S09_M003_CanonicalResponseSteeringFunctionalSigmaBRnS.lean	response_representatives_give_same_steering	THEOREM	219	231	1ecd0f0d2afe74458cae30490db430306c0ee9e79550eada2b2f80b66f398c8e	RESOLVED
024	M003	D2	26	lean_core	SOURCE	derivation/code/lean/core/src/CNNA/Derivation/S01_PrimitiveResponseCoupledFiniteProvenance/S03_RecurrentPreBirthMeasurementAndSteering/S09_M003_CanonicalResponseSteeringFunctionalSigmaBRnS.lean	IsResponseSteeringPair	DEF	232	241	1ecd0f0d2afe74458cae30490db430306c0ee9e79550eada2b2f80b66f398c8e	RESOLVED
024	M003	D2	27	lean_core	SOURCE	derivation/code/lean/core/src/CNNA/Derivation/S01_PrimitiveResponseCoupledFiniteProvenance/S03_RecurrentPreBirthMeasurementAndSteering/S09_M003_CanonicalResponseSteeringFunctionalSigmaBRnS.lean	IsPositiveResponseSteeringPair	DEF	242	252	1ecd0f0d2afe74458cae30490db430306c0ee9e79550eada2b2f80b66f398c8e	RESOLVED
024	M003	D2	28	lean_core	SOURCE	derivation/code/lean/core/src/CNNA/Derivation/S01_PrimitiveResponseCoupledFiniteProvenance/S03_RecurrentPreBirthMeasurementAndSteering/S09_M003_CanonicalResponseSteeringFunctionalSigmaBRnS.lean	DirectedKronParentPositivityAt	DEF	253	262	1ecd0f0d2afe74458cae30490db430306c0ee9e79550eada2b2f80b66f398c8e	RESOLVED
024	M003	D2	29	lean_core	SOURCE	derivation/code/lean/core/src/CNNA/Derivation/S01_PrimitiveResponseCoupledFiniteProvenance/S03_RecurrentPreBirthMeasurementAndSteering/S09_M003_CanonicalResponseSteeringFunctionalSigmaBRnS.lean	InPositiveSteeringDomain	DEF	263	268	1ecd0f0d2afe74458cae30490db430306c0ee9e79550eada2b2f80b66f398c8e	RESOLVED
024	M003	D2	30	lean_core	SOURCE	derivation/code/lean/core/src/CNNA/Derivation/S01_PrimitiveResponseCoupledFiniteProvenance/S03_RecurrentPreBirthMeasurementAndSteering/S09_M003_CanonicalResponseSteeringFunctionalSigmaBRnS.lean	inPositiveSteeringDomain_iff	THEOREM	269	276	1ecd0f0d2afe74458cae30490db430306c0ee9e79550eada2b2f80b66f398c8e	RESOLVED
024	M003	D2	31	lean_core	SOURCE	derivation/code/lean/core/src/CNNA/Derivation/S01_PrimitiveResponseCoupledFiniteProvenance/S03_RecurrentPreBirthMeasurementAndSteering/S09_M003_CanonicalResponseSteeringFunctionalSigmaBRnS.lean	responseSteeringPair_exists	THEOREM	277	289	1ecd0f0d2afe74458cae30490db430306c0ee9e79550eada2b2f80b66f398c8e	RESOLVED
024	M003	D2	32	lean_core	SOURCE	derivation/code/lean/core/src/CNNA/Derivation/S01_PrimitiveResponseCoupledFiniteProvenance/S03_RecurrentPreBirthMeasurementAndSteering/S09_M003_CanonicalResponseSteeringFunctionalSigmaBRnS.lean	responseSteeringPair_value_unique	THEOREM	290	311	1ecd0f0d2afe74458cae30490db430306c0ee9e79550eada2b2f80b66f398c8e	RESOLVED
024	M003	D2	33	lean_proof	PROOF	derivation/code/lean/proofs/src/CNNAProofs/M003M004/S01_CanonicalM003Closure.lean	CanonicalM003Closure	STRUCTURE	28	44	d96d928f48f0780e3b728b3777d2b58e99349ef901743113f172b1a5c0e7ce9c	RESOLVED
024	M003	D2	34	lean_proof	PROOF	derivation/code/lean/proofs/src/CNNAProofs/M003M004/S01_CanonicalM003Closure.lean	canonicalM003Closure	THEOREM	45	65	d96d928f48f0780e3b728b3777d2b58e99349ef901743113f172b1a5c0e7ce9c	RESOLVED
024	M003	D2	35	lean_proof	PROOF	derivation/code/lean/proofs/src/CNNAProofs/M003M004/S01_CanonicalM003Closure.lean	CanonicalM003ClosureContract	DEF	66	72	d96d928f48f0780e3b728b3777d2b58e99349ef901743113f172b1a5c0e7ce9c	RESOLVED
024	M003	D2	36	lean_proof	PROOF	derivation/code/lean/proofs/src/CNNAProofs/M003M004/S01_CanonicalM003Closure.lean	canonicalM003ClosureContract	THEOREM	73	76	d96d928f48f0780e3b728b3777d2b58e99349ef901743113f172b1a5c0e7ce9c	RESOLVED
025	P001	D2	1	lean_proof	PROOF	derivation/code/lean/proofs/src/CNNAProofs/P001/S04_ResponseWellDefinedness.lean	exactMatrixValue_eq_of_matrixSameValue	THEOREM	32	41	c80d1dc00f55cd84420beb3d747d8b3ec33c0137a41a2a97627f23c94f7ffa07	RESOLVED
025	P001	D2	2	lean_proof	PROOF	derivation/code/lean/proofs/src/CNNAProofs/P001/S04_ResponseWellDefinedness.lean	c006InteriorAdmissible	THEOREM	42	56	c80d1dc00f55cd84420beb3d747d8b3ec33c0137a41a2a97627f23c94f7ffa07	RESOLVED
025	P001	D2	3	lean_proof	PROOF	derivation/code/lean/proofs/src/CNNAProofs/P001/S04_ResponseWellDefinedness.lean	responseExists	THEOREM	57	66	c80d1dc00f55cd84420beb3d747d8b3ec33c0137a41a2a97627f23c94f7ffa07	RESOLVED
025	P001	D2	4	lean_proof	PROOF	derivation/code/lean/proofs/src/CNNAProofs/P001/S04_ResponseWellDefinedness.lean	responseRepresentativeAgreement	THEOREM	67	84	c80d1dc00f55cd84420beb3d747d8b3ec33c0137a41a2a97627f23c94f7ffa07	RESOLVED
025	P001	D2	5	lean_proof	PROOF	derivation/code/lean/proofs/src/CNNAProofs/P001/S04_ResponseWellDefinedness.lean	responseWitnessIndependent	THEOREM	85	95	c80d1dc00f55cd84420beb3d747d8b3ec33c0137a41a2a97627f23c94f7ffa07	RESOLVED
025	P001	D2	6	lean_proof	PROOF	derivation/code/lean/proofs/src/CNNAProofs/P001/S04_ResponseWellDefinedness.lean	responseWellDefined	THEOREM	96	107	c80d1dc00f55cd84420beb3d747d8b3ec33c0137a41a2a97627f23c94f7ffa07	RESOLVED
025	P001	D2	7	lean_proof	PROOF	derivation/code/lean/proofs/src/CNNAProofs/P001/S02_DirectedMaximumPrinciple.lean	maximumDefectTerm	DEF	30	37	9cc036efcd855b49df4a8c0abe5d58a0ef793b0bc2c302e8f312a654ab561aa4	RESOLVED
025	P001	D2	8	lean_proof	PROOF	derivation/code/lean/proofs/src/CNNAProofs/P001/S02_DirectedMaximumPrinciple.lean	zeroBoundaryExtension_vanishesOnBoundary	THEOREM	38	44	9cc036efcd855b49df4a8c0abe5d58a0ef793b0bc2c302e8f312a654ab561aa4	RESOLVED
025	P001	D2	9	lean_proof	PROOF	derivation/code/lean/proofs/src/CNNAProofs/P001/S02_DirectedMaximumPrinciple.lean	laplacianAction_zeroBoundaryExtension	THEOREM	45	66	9cc036efcd855b49df4a8c0abe5d58a0ef793b0bc2c302e8f312a654ab561aa4	RESOLVED
025	P001	D2	10	lean_proof	PROOF	derivation/code/lean/proofs/src/CNNAProofs/P001/S02_DirectedMaximumPrinciple.lean	zeroBoundaryExtension_isInteriorHarmonic	THEOREM	67	77	9cc036efcd855b49df4a8c0abe5d58a0ef793b0bc2c302e8f312a654ab561aa4	RESOLVED
025	P001	D2	11	lean_proof	PROOF	derivation/code/lean/proofs/src/CNNAProofs/P001/S02_DirectedMaximumPrinciple.lean	laplacianAction_neg	THEOREM	78	95	9cc036efcd855b49df4a8c0abe5d58a0ef793b0bc2c302e8f312a654ab561aa4	RESOLVED
025	P001	D2	12	lean_proof	PROOF	derivation/code/lean/proofs/src/CNNAProofs/P001/S02_DirectedMaximumPrinciple.lean	maximumDefectSum_eq_zero	THEOREM	96	126	9cc036efcd855b49df4a8c0abe5d58a0ef793b0bc2c302e8f312a654ab561aa4	RESOLVED
025	P001	D2	13	lean_proof	PROOF	derivation/code/lean/proofs/src/CNNAProofs/P001/S02_DirectedMaximumPrinciple.lean	maximumDefectTerm_nonnegative	THEOREM	127	145	9cc036efcd855b49df4a8c0abe5d58a0ef793b0bc2c302e8f312a654ab561aa4	RESOLVED
025	P001	D2	14	lean_proof	PROOF	derivation/code/lean/proofs/src/CNNAProofs/P001/S02_DirectedMaximumPrinciple.lean	maximum_propagates_across_positive_arc	THEOREM	146	186	9cc036efcd855b49df4a8c0abe5d58a0ef793b0bc2c302e8f312a654ab561aa4	RESOLVED
025	P001	D2	15	lean_proof	PROOF	derivation/code/lean/proofs/src/CNNAProofs/P001/S02_DirectedMaximumPrinciple.lean	maximum_propagates_to_boundary	THEOREM	187	225	9cc036efcd855b49df4a8c0abe5d58a0ef793b0bc2c302e8f312a654ab561aa4	RESOLVED
025	P001	D2	16	lean_proof	PROOF	derivation/code/lean/proofs/src/CNNAProofs/P001/S02_DirectedMaximumPrinciple.lean	interior_le_zero_of_harmonic_zero_boundary	THEOREM	226	263	9cc036efcd855b49df4a8c0abe5d58a0ef793b0bc2c302e8f312a654ab561aa4	RESOLVED
025	P001	D2	17	lean_proof	PROOF	derivation/code/lean/proofs/src/CNNAProofs/P001/S02_DirectedMaximumPrinciple.lean	interior_nonnegative_of_harmonic_zero_boundary	THEOREM	264	289	9cc036efcd855b49df4a8c0abe5d58a0ef793b0bc2c302e8f312a654ab561aa4	RESOLVED
025	P001	D2	18	lean_proof	PROOF	derivation/code/lean/proofs/src/CNNAProofs/P001/S02_DirectedMaximumPrinciple.lean	interior_eq_zero_of_harmonic_zero_boundary	THEOREM	290	305	9cc036efcd855b49df4a8c0abe5d58a0ef793b0bc2c302e8f312a654ab561aa4	RESOLVED
025	P001	D2	19	lean_proof	PROOF	derivation/code/lean/proofs/src/CNNAProofs/P001/S02_DirectedMaximumPrinciple.lean	interiorKernelTrivial	THEOREM	306	322	9cc036efcd855b49df4a8c0abe5d58a0ef793b0bc2c302e8f312a654ab561aa4	RESOLVED
025	P001	D2	20	lean_proof	PROOF	derivation/code/lean/proofs/src/CNNAProofs/P001/S05_ResponseDirectedLaplacian.lean	boundaryBasis	DEF	35	39	7cfb905f5c409e8daa737037527f364ccc6fb6a23a49b1d851a0c6cf941270dc	RESOLVED
025	P001	D2	21	lean_proof	PROOF	derivation/code/lean/proofs/src/CNNAProofs/P001/S05_ResponseDirectedLaplacian.lean	boundaryBasis_nonnegative	THEOREM	40	48	7cfb905f5c409e8daa737037527f364ccc6fb6a23a49b1d851a0c6cf941270dc	RESOLVED
025	P001	D2	22	lean_proof	PROOF	derivation/code/lean/proofs/src/CNNAProofs/P001/S05_ResponseDirectedLaplacian.lean	boundaryBasis_le_one	THEOREM	49	58	7cfb905f5c409e8daa737037527f364ccc6fb6a23a49b1d851a0c6cf941270dc	RESOLVED
025	P001	D2	23	lean_proof	PROOF	derivation/code/lean/proofs/src/CNNAProofs/P001/S05_ResponseDirectedLaplacian.lean	harmonicBasisPotential	DEF	59	67	7cfb905f5c409e8daa737037527f364ccc6fb6a23a49b1d851a0c6cf941270dc	RESOLVED
025	P001	D2	24	lean_proof	PROOF	derivation/code/lean/proofs/src/CNNAProofs/P001/S05_ResponseDirectedLaplacian.lean	interiorSolve_columnEquation	THEOREM	68	82	7cfb905f5c409e8daa737037527f364ccc6fb6a23a49b1d851a0c6cf941270dc	RESOLVED
025	P001	D2	25	lean_proof	PROOF	derivation/code/lean/proofs/src/CNNAProofs/P001/S05_ResponseDirectedLaplacian.lean	harmonicBasisPotential_isInteriorHarmonic	THEOREM	83	127	7cfb905f5c409e8daa737037527f364ccc6fb6a23a49b1d851a0c6cf941270dc	RESOLVED
025	P001	D2	26	lean_proof	PROOF	derivation/code/lean/proofs/src/CNNAProofs/P001/S05_ResponseDirectedLaplacian.lean	interior_le_of_harmonic_boundary_le	THEOREM	128	165	7cfb905f5c409e8daa737037527f364ccc6fb6a23a49b1d851a0c6cf941270dc	RESOLVED
025	P001	D2	27	lean_proof	PROOF	derivation/code/lean/proofs/src/CNNAProofs/P001/S05_ResponseDirectedLaplacian.lean	interior_ge_of_harmonic_boundary_ge	THEOREM	166	193	7cfb905f5c409e8daa737037527f364ccc6fb6a23a49b1d851a0c6cf941270dc	RESOLVED
025	P001	D2	28	lean_proof	PROOF	derivation/code/lean/proofs/src/CNNAProofs/P001/S05_ResponseDirectedLaplacian.lean	harmonicBasisPotential_nonnegative	THEOREM	194	213	7cfb905f5c409e8daa737037527f364ccc6fb6a23a49b1d851a0c6cf941270dc	RESOLVED
025	P001	D2	29	lean_proof	PROOF	derivation/code/lean/proofs/src/CNNAProofs/P001/S05_ResponseDirectedLaplacian.lean	harmonicBasisPotential_le_one	THEOREM	214	234	7cfb905f5c409e8daa737037527f364ccc6fb6a23a49b1d851a0c6cf941270dc	RESOLVED
025	P001	D2	30	lean_proof	PROOF	derivation/code/lean/proofs/src/CNNAProofs/P001/S05_ResponseDirectedLaplacian.lean	mathlibResponse_entry_eq_laplacianAction_harmonicBasis	THEOREM	235	281	7cfb905f5c409e8daa737037527f364ccc6fb6a23a49b1d851a0c6cf941270dc	RESOLVED
025	P001	D2	31	lean_proof	PROOF	derivation/code/lean/proofs/src/CNNAProofs/P001/S05_ResponseDirectedLaplacian.lean	responseOffDiagonalNonpositive	THEOREM	282	314	7cfb905f5c409e8daa737037527f364ccc6fb6a23a49b1d851a0c6cf941270dc	RESOLVED
025	P001	D2	32	lean_proof	PROOF	derivation/code/lean/proofs/src/CNNAProofs/P001/S05_ResponseDirectedLaplacian.lean	interiorSolve_rowSum_eq_neg_one	THEOREM	315	387	7cfb905f5c409e8daa737037527f364ccc6fb6a23a49b1d851a0c6cf941270dc	RESOLVED
025	P001	D2	33	lean_proof	PROOF	derivation/code/lean/proofs/src/CNNAProofs/P001/S05_ResponseDirectedLaplacian.lean	mathlibResponse_rowConservative	THEOREM	388	444	7cfb905f5c409e8daa737037527f364ccc6fb6a23a49b1d851a0c6cf941270dc	RESOLVED
025	P001	D2	34	lean_proof	PROOF	derivation/code/lean/proofs/src/CNNAProofs/P001/S05_ResponseDirectedLaplacian.lean	responseRowConservative	THEOREM	445	465	7cfb905f5c409e8daa737037527f364ccc6fb6a23a49b1d851a0c6cf941270dc	RESOLVED
025	P001	D2	35	lean_proof	PROOF	derivation/code/lean/proofs/src/CNNAProofs/P001/S05_ResponseDirectedLaplacian.lean	responseDiagonalNonnegative_of_offDiagonal_rowConservative	THEOREM	466	508	7cfb905f5c409e8daa737037527f364ccc6fb6a23a49b1d851a0c6cf941270dc	RESOLVED
025	P001	D2	36	lean_proof	PROOF	derivation/code/lean/proofs/src/CNNAProofs/P001/S05_ResponseDirectedLaplacian.lean	responseDiagonalNonnegative	THEOREM	509	523	7cfb905f5c409e8daa737037527f364ccc6fb6a23a49b1d851a0c6cf941270dc	RESOLVED
025	P001	D2	37	lean_proof	PROOF	derivation/code/lean/proofs/src/CNNAProofs/P001/S05_ResponseDirectedLaplacian.lean	directedLaplacianClosure	THEOREM	524	540	7cfb905f5c409e8daa737037527f364ccc6fb6a23a49b1d851a0c6cf941270dc	RESOLVED
025	P001	D2	38	lean_proof	PROOF	derivation/code/lean/proofs/src/CNNAProofs/P001/S03_FiniteLinearWellPosedness.lean	interiorLinearMap	DEF	31	37	b0ef0574fd41c4f11e6dd43b81e73634030776a8d9265021d07e8ea4f302f317	RESOLVED
025	P001	D2	39	lean_proof	PROOF	derivation/code/lean/proofs/src/CNNAProofs/P001/S03_FiniteLinearWellPosedness.lean	interiorLinearMap_apply	THEOREM	38	51	b0ef0574fd41c4f11e6dd43b81e73634030776a8d9265021d07e8ea4f302f317	RESOLVED
025	P001	D2	40	lean_proof	PROOF	derivation/code/lean/proofs/src/CNNAProofs/P001/S03_FiniteLinearWellPosedness.lean	interiorLinearMap_injective	THEOREM	52	75	b0ef0574fd41c4f11e6dd43b81e73634030776a8d9265021d07e8ea4f302f317	RESOLVED
025	P001	D2	41	lean_proof	PROOF	derivation/code/lean/proofs/src/CNNAProofs/P001/S03_FiniteLinearWellPosedness.lean	interiorLinearMap_surjective	THEOREM	76	83	b0ef0574fd41c4f11e6dd43b81e73634030776a8d9265021d07e8ea4f302f317	RESOLVED
025	P001	D2	42	lean_proof	PROOF	derivation/code/lean/proofs/src/CNNAProofs/P001/S03_FiniteLinearWellPosedness.lean	interiorRightHandSideSolveExists	THEOREM	84	93	b0ef0574fd41c4f11e6dd43b81e73634030776a8d9265021d07e8ea4f302f317	RESOLVED
025	P001	D2	43	lean_proof	PROOF	derivation/code/lean/proofs/src/CNNAProofs/P001/S03_FiniteLinearWellPosedness.lean	interiorSolveExists	THEOREM	94	120	b0ef0574fd41c4f11e6dd43b81e73634030776a8d9265021d07e8ea4f302f317	RESOLVED
025	P001	D2	44	lean_proof	PROOF	derivation/code/lean/proofs/src/CNNAProofs/P001/S03_FiniteLinearWellPosedness.lean	interiorSolveUnique	THEOREM	121	163	b0ef0574fd41c4f11e6dd43b81e73634030776a8d9265021d07e8ea4f302f317	RESOLVED
025	P001	D2	45	lean_proof	PROOF	derivation/code/lean/proofs/src/CNNAProofs/P001/S03_FiniteLinearWellPosedness.lean	interiorWellPosed	THEOREM	164	171	b0ef0574fd41c4f11e6dd43b81e73634030776a8d9265021d07e8ea4f302f317	RESOLVED
025	P001	D2	46	lean_proof	CONTRACT	derivation/code/lean/proofs/src/CNNAProofs/P001/DirectedSchurDtnKronChannelClosure.lean	RationalMatrix	ABBREV	46	50	19fce24b2000c8ff64690c0b78e4dacc9115bdf34b713bf6054f95f37886db43	RESOLVED
025	P001	D2	47	lean_proof	CONTRACT	derivation/code/lean/proofs/src/CNNAProofs/P001/DirectedSchurDtnKronChannelClosure.lean	coreRatMatrixValue	DEF	51	57	19fce24b2000c8ff64690c0b78e4dacc9115bdf34b713bf6054f95f37886db43	RESOLVED
025	P001	D2	48	lean_proof	CONTRACT	derivation/code/lean/proofs/src/CNNAProofs/P001/DirectedSchurDtnKronChannelClosure.lean	rationalMatrixMul	DEF	58	63	19fce24b2000c8ff64690c0b78e4dacc9115bdf34b713bf6054f95f37886db43	RESOLVED
025	P001	D2	49	lean_proof	CONTRACT	derivation/code/lean/proofs/src/CNNAProofs/P001/DirectedSchurDtnKronChannelClosure.lean	CutVertex	ABBREV	64	67	19fce24b2000c8ff64690c0b78e4dacc9115bdf34b713bf6054f95f37886db43	RESOLVED
025	P001	D2	50	lean_proof	CONTRACT	derivation/code/lean/proofs/src/CNNAProofs/P001/DirectedSchurDtnKronChannelClosure.lean	exactFractionValue	DEF	68	71	19fce24b2000c8ff64690c0b78e4dacc9115bdf34b713bf6054f95f37886db43	RESOLVED
025	P001	D2	51	lean_proof	CONTRACT	derivation/code/lean/proofs/src/CNNAProofs/P001/DirectedSchurDtnKronChannelClosure.lean	exactMatrixValue	DEF	72	76	19fce24b2000c8ff64690c0b78e4dacc9115bdf34b713bf6054f95f37886db43	RESOLVED
025	P001	D2	52	lean_proof	CONTRACT	derivation/code/lean/proofs/src/CNNAProofs/P001/DirectedSchurDtnKronChannelClosure.lean	blockEntry	DEF	77	87	19fce24b2000c8ff64690c0b78e4dacc9115bdf34b713bf6054f95f37886db43	RESOLVED
025	P001	D2	53	lean_proof	CONTRACT	derivation/code/lean/proofs/src/CNNAProofs/P001/DirectedSchurDtnKronChannelClosure.lean	PositiveArc	DEF	88	93	19fce24b2000c8ff64690c0b78e4dacc9115bdf34b713bf6054f95f37886db43	RESOLVED
025	P001	D2	54	lean_proof	CONTRACT	derivation/code/lean/proofs/src/CNNAProofs/P001/DirectedSchurDtnKronChannelClosure.lean	PositivePath	INDUCTIVE	94	107	19fce24b2000c8ff64690c0b78e4dacc9115bdf34b713bf6054f95f37886db43	RESOLVED
025	P001	D2	55	lean_proof	CONTRACT	derivation/code/lean/proofs/src/CNNAProofs/P001/DirectedSchurDtnKronChannelClosure.lean	InteriorPathToBoundary	INDUCTIVE	108	120	19fce24b2000c8ff64690c0b78e4dacc9115bdf34b713bf6054f95f37886db43	RESOLVED
025	P001	D2	56	lean_proof	CONTRACT	derivation/code/lean/proofs/src/CNNAProofs/P001/DirectedSchurDtnKronChannelClosure.lean	DirectedCutHypotheses	STRUCTURE	121	137	19fce24b2000c8ff64690c0b78e4dacc9115bdf34b713bf6054f95f37886db43	RESOLVED
025	P001	D2	57	lean_proof	CONTRACT	derivation/code/lean/proofs/src/CNNAProofs/P001/DirectedSchurDtnKronChannelClosure.lean	CutPotential	ABBREV	138	141	19fce24b2000c8ff64690c0b78e4dacc9115bdf34b713bf6054f95f37886db43	RESOLVED
025	P001	D2	58	lean_proof	CONTRACT	derivation/code/lean/proofs/src/CNNAProofs/P001/DirectedSchurDtnKronChannelClosure.lean	laplacianAction	DEF	142	148	19fce24b2000c8ff64690c0b78e4dacc9115bdf34b713bf6054f95f37886db43	RESOLVED
025	P001	D2	59	lean_proof	CONTRACT	derivation/code/lean/proofs/src/CNNAProofs/P001/DirectedSchurDtnKronChannelClosure.lean	VanishesOnBoundary	DEF	149	153	19fce24b2000c8ff64690c0b78e4dacc9115bdf34b713bf6054f95f37886db43	RESOLVED
025	P001	D2	60	lean_proof	CONTRACT	derivation/code/lean/proofs/src/CNNAProofs/P001/DirectedSchurDtnKronChannelClosure.lean	IsInteriorHarmonic	DEF	154	160	19fce24b2000c8ff64690c0b78e4dacc9115bdf34b713bf6054f95f37886db43	RESOLVED
025	P001	D2	61	lean_proof	CONTRACT	derivation/code/lean/proofs/src/CNNAProofs/P001/DirectedSchurDtnKronChannelClosure.lean	IsInteriorKernelVector	DEF	161	166	19fce24b2000c8ff64690c0b78e4dacc9115bdf34b713bf6054f95f37886db43	RESOLVED
025	P001	D2	62	lean_proof	CONTRACT	derivation/code/lean/proofs/src/CNNAProofs/P001/DirectedSchurDtnKronChannelClosure.lean	zeroBoundaryExtension	DEF	167	175	19fce24b2000c8ff64690c0b78e4dacc9115bdf34b713bf6054f95f37886db43	RESOLVED
025	P001	D2	63	lean_proof	CONTRACT	derivation/code/lean/proofs/src/CNNAProofs/P001/DirectedSchurDtnKronChannelClosure.lean	InteriorKernelTrivial	DEF	176	182	19fce24b2000c8ff64690c0b78e4dacc9115bdf34b713bf6054f95f37886db43	RESOLVED
025	P001	D2	64	lean_proof	CONTRACT	derivation/code/lean/proofs/src/CNNAProofs/P001/DirectedSchurDtnKronChannelClosure.lean	IsMathlibInteriorSolve	DEF	183	189	19fce24b2000c8ff64690c0b78e4dacc9115bdf34b713bf6054f95f37886db43	RESOLVED
025	P001	D2	65	lean_proof	CONTRACT	derivation/code/lean/proofs/src/CNNAProofs/P001/DirectedSchurDtnKronChannelClosure.lean	IsHarmonicExtension	DEF	190	196	19fce24b2000c8ff64690c0b78e4dacc9115bdf34b713bf6054f95f37886db43	RESOLVED
025	P001	D2	66	lean_proof	CONTRACT	derivation/code/lean/proofs/src/CNNAProofs/P001/DirectedSchurDtnKronChannelClosure.lean	mathlibResponseFromSolve	DEF	197	204	19fce24b2000c8ff64690c0b78e4dacc9115bdf34b713bf6054f95f37886db43	RESOLVED
025	P001	D2	67	lean_proof	CONTRACT	derivation/code/lean/proofs/src/CNNAProofs/P001/DirectedSchurDtnKronChannelClosure.lean	ExactSemanticBridge	STRUCTURE	205	219	19fce24b2000c8ff64690c0b78e4dacc9115bdf34b713bf6054f95f37886db43	RESOLVED
025	P001	D2	68	lean_proof	CONTRACT	derivation/code/lean/proofs/src/CNNAProofs/P001/DirectedSchurDtnKronChannelClosure.lean	InteriorSolveExists	DEF	220	225	19fce24b2000c8ff64690c0b78e4dacc9115bdf34b713bf6054f95f37886db43	RESOLVED
025	P001	D2	69	lean_proof	CONTRACT	derivation/code/lean/proofs/src/CNNAProofs/P001/DirectedSchurDtnKronChannelClosure.lean	InteriorSolveUnique	DEF	226	234	19fce24b2000c8ff64690c0b78e4dacc9115bdf34b713bf6054f95f37886db43	RESOLVED
025	P001	D2	70	lean_proof	CONTRACT	derivation/code/lean/proofs/src/CNNAProofs/P001/DirectedSchurDtnKronChannelClosure.lean	ResponseWitnessIndependent	DEF	235	242	19fce24b2000c8ff64690c0b78e4dacc9115bdf34b713bf6054f95f37886db43	RESOLVED
025	P001	D2	71	lean_proof	CONTRACT	derivation/code/lean/proofs/src/CNNAProofs/P001/DirectedSchurDtnKronChannelClosure.lean	ResponseOffDiagonalNonpositive	DEF	243	247	19fce24b2000c8ff64690c0b78e4dacc9115bdf34b713bf6054f95f37886db43	RESOLVED
025	P001	D2	72	lean_proof	CONTRACT	derivation/code/lean/proofs/src/CNNAProofs/P001/DirectedSchurDtnKronChannelClosure.lean	ResponseRowConservative	DEF	248	252	19fce24b2000c8ff64690c0b78e4dacc9115bdf34b713bf6054f95f37886db43	RESOLVED
025	P001	D2	73	lean_proof	CONTRACT	derivation/code/lean/proofs/src/CNNAProofs/P001/DirectedSchurDtnKronChannelClosure.lean	ResponseDiagonalNonnegative	DEF	253	258	19fce24b2000c8ff64690c0b78e4dacc9115bdf34b713bf6054f95f37886db43	RESOLVED
025	P001	D2	74	lean_proof	CONTRACT	derivation/code/lean/proofs/src/CNNAProofs/P001/DirectedSchurDtnKronChannelClosure.lean	IsDirectedLaplacianResponse	DEF	259	265	19fce24b2000c8ff64690c0b78e4dacc9115bdf34b713bf6054f95f37886db43	RESOLVED
025	P001	D2	75	lean_proof	CONTRACT	derivation/code/lean/proofs/src/CNNAProofs/P001/DirectedSchurDtnKronChannelClosure.lean	DistinguishedPortStrictlyPositive	DEF	266	271	19fce24b2000c8ff64690c0b78e4dacc9115bdf34b713bf6054f95f37886db43	RESOLVED
025	P001	D2	76	lean_proof	CONTRACT	derivation/code/lean/proofs/src/CNNAProofs/P001/DirectedSchurDtnKronChannelClosure.lean	DirectedSchurDtnClosure	STRUCTURE	272	293	19fce24b2000c8ff64690c0b78e4dacc9115bdf34b713bf6054f95f37886db43	RESOLVED
025	P001	D2	77	lean_proof	CONTRACT	derivation/code/lean/proofs/src/CNNAProofs/P001/DirectedSchurDtnKronChannelClosure.lean	ReusableDirectedClosureContract	DEF	294	302	19fce24b2000c8ff64690c0b78e4dacc9115bdf34b713bf6054f95f37886db43	RESOLVED
025	P001	D2	78	lean_proof	CONTRACT	derivation/code/lean/proofs/src/CNNAProofs/P001/DirectedSchurDtnKronChannelClosure.lean	DistinguishedParentIndex	STRUCTURE	303	310	19fce24b2000c8ff64690c0b78e4dacc9115bdf34b713bf6054f95f37886db43	RESOLVED
025	P001	D2	79	lean_proof	CONTRACT	derivation/code/lean/proofs/src/CNNAProofs/P001/DirectedSchurDtnKronChannelClosure.lean	CanonicalBirthCutClosure	STRUCTURE	311	321	19fce24b2000c8ff64690c0b78e4dacc9115bdf34b713bf6054f95f37886db43	RESOLVED
025	P001	D2	80	lean_proof	CONTRACT	derivation/code/lean/proofs/src/CNNAProofs/P001/DirectedSchurDtnKronChannelClosure.lean	CanonicalBirthCutClosureContract	DEF	322	332	19fce24b2000c8ff64690c0b78e4dacc9115bdf34b713bf6054f95f37886db43	RESOLVED
025	P001	D2	81	lean_proof	CONTRACT	derivation/code/lean/proofs/src/CNNAProofs/P001/DirectedSchurDtnKronChannelClosure.lean	PublicContract	DEF	333	336	19fce24b2000c8ff64690c0b78e4dacc9115bdf34b713bf6054f95f37886db43	RESOLVED
025	P001	D2	82	lean_proof	PROOF	derivation/code/lean/proofs/src/CNNAProofs/P001/S01_ExactSemanticBridge.lean	exactFractionValue_ofRat	THEOREM	29	34	7139f45922bc14d7f8de4180075f7fe4ac687bd9d54b893dcb0e21a092b723d1	RESOLVED
025	P001	D2	83	lean_proof	PROOF	derivation/code/lean/proofs/src/CNNAProofs/P001/S01_ExactSemanticBridge.lean	sameValue_iff_exactFractionValue_eq	THEOREM	35	43	7139f45922bc14d7f8de4180075f7fe4ac687bd9d54b893dcb0e21a092b723d1	RESOLVED
025	P001	D2	84	lean_proof	PROOF	derivation/code/lean/proofs/src/CNNAProofs/P001/S01_ExactSemanticBridge.lean	represents_iff_exactFractionValue_eq	THEOREM	44	50	7139f45922bc14d7f8de4180075f7fe4ac687bd9d54b893dcb0e21a092b723d1	RESOLVED
025	P001	D2	85	lean_proof	PROOF	derivation/code/lean/proofs/src/CNNAProofs/P001/S01_ExactSemanticBridge.lean	exactFractionValue_zero	THEOREM	51	56	7139f45922bc14d7f8de4180075f7fe4ac687bd9d54b893dcb0e21a092b723d1	RESOLVED
025	P001	D2	86	lean_proof	PROOF	derivation/code/lean/proofs/src/CNNAProofs/P001/S01_ExactSemanticBridge.lean	exactFractionValue_add	THEOREM	57	65	7139f45922bc14d7f8de4180075f7fe4ac687bd9d54b893dcb0e21a092b723d1	RESOLVED
025	P001	D2	87	lean_proof	PROOF	derivation/code/lean/proofs/src/CNNAProofs/P001/S01_ExactSemanticBridge.lean	exactFractionValue_mul	THEOREM	66	72	7139f45922bc14d7f8de4180075f7fe4ac687bd9d54b893dcb0e21a092b723d1	RESOLVED
025	P001	D2	88	lean_proof	PROOF	derivation/code/lean/proofs/src/CNNAProofs/P001/S01_ExactSemanticBridge.lean	exactFractionValue_sub	THEOREM	73	92	7139f45922bc14d7f8de4180075f7fe4ac687bd9d54b893dcb0e21a092b723d1	RESOLVED
025	P001	D2	89	lean_proof	PROOF	derivation/code/lean/proofs/src/CNNAProofs/P001/S01_ExactSemanticBridge.lean	exactFractionValue_finFoldl_add	THEOREM	93	111	7139f45922bc14d7f8de4180075f7fe4ac687bd9d54b893dcb0e21a092b723d1	RESOLVED
025	P001	D2	90	lean_proof	PROOF	derivation/code/lean/proofs/src/CNNAProofs/P001/S01_ExactSemanticBridge.lean	finFoldl_add_eq_initial_add_sum	THEOREM	112	123	7139f45922bc14d7f8de4180075f7fe4ac687bd9d54b893dcb0e21a092b723d1	RESOLVED
025	P001	D2	91	lean_proof	PROOF	derivation/code/lean/proofs/src/CNNAProofs/P001/S01_ExactSemanticBridge.lean	finFoldl_add_eq_sum	THEOREM	124	129	7139f45922bc14d7f8de4180075f7fe4ac687bd9d54b893dcb0e21a092b723d1	RESOLVED
025	P001	D2	92	lean_proof	PROOF	derivation/code/lean/proofs/src/CNNAProofs/P001/S01_ExactSemanticBridge.lean	exactFractionValue_matrixMul_entry	THEOREM	130	145	7139f45922bc14d7f8de4180075f7fe4ac687bd9d54b893dcb0e21a092b723d1	RESOLVED
025	P001	D2	93	lean_proof	PROOF	derivation/code/lean/proofs/src/CNNAProofs/P001/S01_ExactSemanticBridge.lean	exactMatrixValue_matrixMul	THEOREM	146	156	7139f45922bc14d7f8de4180075f7fe4ac687bd9d54b893dcb0e21a092b723d1	RESOLVED
025	P001	D2	94	lean_proof	PROOF	derivation/code/lean/proofs/src/CNNAProofs/P001/S01_ExactSemanticBridge.lean	exactMatrixValue_matrixSub	THEOREM	157	181	7139f45922bc14d7f8de4180075f7fe4ac687bd9d54b893dcb0e21a092b723d1	RESOLVED
025	P001	D2	95	lean_proof	PROOF	derivation/code/lean/proofs/src/CNNAProofs/P001/S01_ExactSemanticBridge.lean	matrixRepresents_iff_exactMatrixValue_eq	THEOREM	182	197	7139f45922bc14d7f8de4180075f7fe4ac687bd9d54b893dcb0e21a092b723d1	RESOLVED
025	P001	D2	96	lean_proof	PROOF	derivation/code/lean/proofs/src/CNNAProofs/P001/S01_ExactSemanticBridge.lean	rationalMatrixMul_neg_right	THEOREM	198	213	7139f45922bc14d7f8de4180075f7fe4ac687bd9d54b893dcb0e21a092b723d1	RESOLVED
025	P001	D2	97	lean_proof	PROOF	derivation/code/lean/proofs/src/CNNAProofs/P001/S01_ExactSemanticBridge.lean	interiorSolveAgreement	THEOREM	214	223	7139f45922bc14d7f8de4180075f7fe4ac687bd9d54b893dcb0e21a092b723d1	RESOLVED
025	P001	D2	98	lean_proof	PROOF	derivation/code/lean/proofs/src/CNNAProofs/P001/S01_ExactSemanticBridge.lean	harmonicSignAgreement	THEOREM	224	239	7139f45922bc14d7f8de4180075f7fe4ac687bd9d54b893dcb0e21a092b723d1	RESOLVED
025	P001	D2	99	lean_proof	PROOF	derivation/code/lean/proofs/src/CNNAProofs/P001/S01_ExactSemanticBridge.lean	responseValueAgreement	THEOREM	240	250	7139f45922bc14d7f8de4180075f7fe4ac687bd9d54b893dcb0e21a092b723d1	RESOLVED
025	P001	D2	100	lean_proof	PROOF	derivation/code/lean/proofs/src/CNNAProofs/P001/S01_ExactSemanticBridge.lean	exactSemanticBridge	THEOREM	251	258	7139f45922bc14d7f8de4180075f7fe4ac687bd9d54b893dcb0e21a092b723d1	RESOLVED
025	P001	D2	101	lean_proof	PROOF	derivation/code/lean/proofs/src/CNNAProofs/P001/S06_DistinguishedPortStrictPositivity.lean	maximum_propagates_from_distinguished_boundary_across_positive_arc	THEOREM	35	74	4a4c4a94cd888638f483bdefa345798337acd39bbe0d5734524599ad1aa761c5	RESOLVED
025	P001	D2	102	lean_proof	PROOF	derivation/code/lean/proofs/src/CNNAProofs/P001/S06_DistinguishedPortStrictPositivity.lean	harmonicBasis_one_propagates_across_positive_arc	THEOREM	80	146	4a4c4a94cd888638f483bdefa345798337acd39bbe0d5734524599ad1aa761c5	RESOLVED
025	P001	D2	103	lean_proof	PROOF	derivation/code/lean/proofs/src/CNNAProofs/P001/S06_DistinguishedPortStrictPositivity.lean	harmonicBasis_one_propagates_along_positive_path	THEOREM	150	174	4a4c4a94cd888638f483bdefa345798337acd39bbe0d5734524599ad1aa761c5	RESOLVED
025	P001	D2	104	lean_proof	PROOF	derivation/code/lean/proofs/src/CNNAProofs/P001/S06_DistinguishedPortStrictPositivity.lean	harmonicBasis_distinguished_action_ne_zero	THEOREM	179	208	4a4c4a94cd888638f483bdefa345798337acd39bbe0d5734524599ad1aa761c5	RESOLVED
025	P001	D2	105	lean_proof	PROOF	derivation/code/lean/proofs/src/CNNAProofs/P001/S06_DistinguishedPortStrictPositivity.lean	distinguishedResponseDiagonal_ne_zero	THEOREM	212	246	4a4c4a94cd888638f483bdefa345798337acd39bbe0d5734524599ad1aa761c5	RESOLVED
025	P001	D2	106	lean_proof	PROOF	derivation/code/lean/proofs/src/CNNAProofs/P001/S06_DistinguishedPortStrictPositivity.lean	distinguishedPortStrictlyPositive	THEOREM	250	267	4a4c4a94cd888638f483bdefa345798337acd39bbe0d5734524599ad1aa761c5	RESOLVED
025	P001	D2	107	lean_proof	PROOF	derivation/code/lean/proofs/src/CNNAProofs/P001/S06_DistinguishedPortStrictPositivity.lean	directedSchurDtnClosure	THEOREM	270	288	4a4c4a94cd888638f483bdefa345798337acd39bbe0d5734524599ad1aa761c5	RESOLVED
025	P001	D2	108	lean_proof	PROOF	derivation/code/lean/proofs/src/CNNAProofs/P001/S06_DistinguishedPortStrictPositivity.lean	reusableDirectedClosureContract	THEOREM	292	294	4a4c4a94cd888638f483bdefa345798337acd39bbe0d5734524599ad1aa761c5	RESOLVED
025	P001	D2	109	lean_proof	PROOF	derivation/code/lean/proofs/src/CNNAProofs/P001/S07_CanonicalBirthCutInstantiation.lean	bornNonRoot_nodup	THEOREM	33	39	b2ebfafbb319bc64049eacec675f34fb4b7473280b73e03ba6d5d31a31217146	RESOLVED
025	P001	D2	110	lean_proof	PROOF	derivation/code/lean/proofs/src/CNNAProofs/P001/S07_CanonicalBirthCutInstantiation.lean	root_not_mem_bornNonRoot	THEOREM	42	48	b2ebfafbb319bc64049eacec675f34fb4b7473280b73e03ba6d5d31a31217146	RESOLVED
025	P001	D2	111	lean_proof	PROOF	derivation/code/lean/proofs/src/CNNAProofs/P001/S07_CanonicalBirthCutInstantiation.lean	canonicalCarrier_nodup	THEOREM	51	57	b2ebfafbb319bc64049eacec675f34fb4b7473280b73e03ba6d5d31a31217146	RESOLVED
025	P001	D2	112	lean_proof	PROOF	derivation/code/lean/proofs/src/CNNAProofs/P001/S07_CanonicalBirthCutInstantiation.lean	boundary_nodup	THEOREM	58	61	b2ebfafbb319bc64049eacec675f34fb4b7473280b73e03ba6d5d31a31217146	RESOLVED
025	P001	D2	113	lean_proof	PROOF	derivation/code/lean/proofs/src/CNNAProofs/P001/S07_CanonicalBirthCutInstantiation.lean	interior_nodup	THEOREM	64	70	b2ebfafbb319bc64049eacec675f34fb4b7473280b73e03ba6d5d31a31217146	RESOLVED
025	P001	D2	114	lean_proof	PROOF	derivation/code/lean/proofs/src/CNNAProofs/P001/S07_CanonicalBirthCutInstantiation.lean	distinguishedParentIndex_exists	THEOREM	71	80	b2ebfafbb319bc64049eacec675f34fb4b7473280b73e03ba6d5d31a31217146	RESOLVED
025	P001	D2	115	lean_proof	PROOF	derivation/code/lean/proofs/src/CNNAProofs/P001/S07_CanonicalBirthCutInstantiation.lean	positiveSteering_of_exactFractionValue_pos	THEOREM	81	98	b2ebfafbb319bc64049eacec675f34fb4b7473280b73e03ba6d5d31a31217146	RESOLVED
025	P001	D2	116	lean_proof	PROOF	derivation/code/lean/proofs/src/CNNAProofs/P001/S07_CanonicalBirthCutInstantiation.lean	parentSelfResponse_value_eq_parentDiagonal	THEOREM	99	135	b2ebfafbb319bc64049eacec675f34fb4b7473280b73e03ba6d5d31a31217146	RESOLVED
025	P001	D2	117	lean_proof	PROOF	derivation/code/lean/proofs/src/CNNAProofs/P001/S07_CanonicalBirthCutInstantiation.lean	m003ParentPositivity_of_genericClosure	THEOREM	136	164	b2ebfafbb319bc64049eacec675f34fb4b7473280b73e03ba6d5d31a31217146	RESOLVED
025	P001	D2	118	lean_proof	PROOF	derivation/code/lean/proofs/src/CNNAProofs/P001/S07_CanonicalBirthCutInstantiation.lean	canonicalBirthCutClosure_of_hypotheses	THEOREM	165	181	b2ebfafbb319bc64049eacec675f34fb4b7473280b73e03ba6d5d31a31217146	RESOLVED
025	P001	D2	119	lean_proof	PROOF	derivation/code/lean/proofs/src/CNNAProofs/P001/S07_CanonicalBirthCutInstantiation.lean	canonicalBirthCutClosureContract	THEOREM	182	184	b2ebfafbb319bc64049eacec675f34fb4b7473280b73e03ba6d5d31a31217146	RESOLVED
025	P001	D2	120	lean_proof	PROOF	derivation/code/lean/proofs/src/CNNAProofs/P001/S08_CanonicalDirectedMatrixStructure.lean	canonicalCutAddress	DEF	30	38	0975bb3958c81032d07f27d1d0c58c5057942d70b884d4ad5bc69aeea99475f5	RESOLVED
025	P001	D2	121	lean_proof	PROOF	derivation/code/lean/proofs/src/CNNAProofs/P001/S08_CanonicalDirectedMatrixStructure.lean	canonicalCutAddress_injective	THEOREM	39	89	0975bb3958c81032d07f27d1d0c58c5057942d70b884d4ad5bc69aeea99475f5	RESOLVED
025	P001	D2	122	lean_proof	PROOF	derivation/code/lean/proofs/src/CNNAProofs/P001/S08_CanonicalDirectedMatrixStructure.lean	canonicalCutCoordinate_exists	THEOREM	90	103	0975bb3958c81032d07f27d1d0c58c5057942d70b884d4ad5bc69aeea99475f5	RESOLVED
025	P001	D2	123	lean_proof	PROOF	derivation/code/lean/proofs/src/CNNAProofs/P001/S08_CanonicalDirectedMatrixStructure.lean	conductanceSourceCoordinate_exists	THEOREM	104	111	0975bb3958c81032d07f27d1d0c58c5057942d70b884d4ad5bc69aeea99475f5	RESOLVED
025	P001	D2	124	lean_proof	PROOF	derivation/code/lean/proofs/src/CNNAProofs/P001/S08_CanonicalDirectedMatrixStructure.lean	conductanceTargetCoordinate_exists	THEOREM	112	120	0975bb3958c81032d07f27d1d0c58c5057942d70b884d4ad5bc69aeea99475f5	RESOLVED
025	P001	D2	125	lean_proof	PROOF	derivation/code/lean/proofs/src/CNNAProofs/P001/S08_CanonicalDirectedMatrixStructure.lean	ratOutgoingSum	DEF	121	128	0975bb3958c81032d07f27d1d0c58c5057942d70b884d4ad5bc69aeea99475f5	RESOLVED
025	P001	D2	126	lean_proof	PROOF	derivation/code/lean/proofs/src/CNNAProofs/P001/S08_CanonicalDirectedMatrixStructure.lean	ratOrderedPairSum	DEF	129	138	0975bb3958c81032d07f27d1d0c58c5057942d70b884d4ad5bc69aeea99475f5	RESOLVED
025	P001	D2	127	lean_proof	PROOF	derivation/code/lean/proofs/src/CNNAProofs/P001/S08_CanonicalDirectedMatrixStructure.lean	exactFractionValue_outgoingFold	THEOREM	139	175	0975bb3958c81032d07f27d1d0c58c5057942d70b884d4ad5bc69aeea99475f5	RESOLVED
025	P001	D2	128	lean_proof	PROOF	derivation/code/lean/proofs/src/CNNAProofs/P001/S08_CanonicalDirectedMatrixStructure.lean	exactFractionValue_orderedPairFold	THEOREM	176	223	0975bb3958c81032d07f27d1d0c58c5057942d70b884d4ad5bc69aeea99475f5	RESOLVED
025	P001	D2	129	lean_proof	PROOF	derivation/code/lean/proofs/src/CNNAProofs/P001/S08_CanonicalDirectedMatrixStructure.lean	exactFractionValue_outgoingSum	THEOREM	224	230	0975bb3958c81032d07f27d1d0c58c5057942d70b884d4ad5bc69aeea99475f5	RESOLVED
025	P001	D2	130	lean_proof	PROOF	derivation/code/lean/proofs/src/CNNAProofs/P001/S08_CanonicalDirectedMatrixStructure.lean	exactFractionValue_orderedPairSum	THEOREM	231	239	0975bb3958c81032d07f27d1d0c58c5057942d70b884d4ad5bc69aeea99475f5	RESOLVED
025	P001	D2	131	lean_proof	PROOF	derivation/code/lean/proofs/src/CNNAProofs/P001/S08_CanonicalDirectedMatrixStructure.lean	ratDirectedMatrixEntry	DEF	240	246	0975bb3958c81032d07f27d1d0c58c5057942d70b884d4ad5bc69aeea99475f5	RESOLVED
025	P001	D2	132	lean_proof	PROOF	derivation/code/lean/proofs/src/CNNAProofs/P001/S08_CanonicalDirectedMatrixStructure.lean	exactFractionValue_directedMatrixEntry	THEOREM	247	259	0975bb3958c81032d07f27d1d0c58c5057942d70b884d4ad5bc69aeea99475f5	RESOLVED
025	P001	D2	133	lean_proof	PROOF	derivation/code/lean/proofs/src/CNNAProofs/P001/S08_CanonicalDirectedMatrixStructure.lean	ratOrderedPairSum_nonnegative	THEOREM	260	284	0975bb3958c81032d07f27d1d0c58c5057942d70b884d4ad5bc69aeea99475f5	RESOLVED
025	P001	D2	134	lean_proof	PROOF	derivation/code/lean/proofs/src/CNNAProofs/P001/S08_CanonicalDirectedMatrixStructure.lean	ratOrderedPairSum_pos_of_hasConductance	THEOREM	285	328	0975bb3958c81032d07f27d1d0c58c5057942d70b884d4ad5bc69aeea99475f5	RESOLVED
025	P001	D2	135	lean_proof	PROOF	derivation/code/lean/proofs/src/CNNAProofs/P001/S08_CanonicalDirectedMatrixStructure.lean	ratOrderedPairSum_self_zero	THEOREM	329	349	0975bb3958c81032d07f27d1d0c58c5057942d70b884d4ad5bc69aeea99475f5	RESOLVED
025	P001	D2	136	lean_proof	PROOF	derivation/code/lean/proofs/src/CNNAProofs/P001/S08_CanonicalDirectedMatrixStructure.lean	sum_single_edge_target_indicator	THEOREM	350	388	0975bb3958c81032d07f27d1d0c58c5057942d70b884d4ad5bc69aeea99475f5	RESOLVED
025	P001	D2	137	lean_proof	PROOF	derivation/code/lean/proofs/src/CNNAProofs/P001/S08_CanonicalDirectedMatrixStructure.lean	sum_ratOrderedPairSum_eq_ratOutgoingSum	THEOREM	389	456	0975bb3958c81032d07f27d1d0c58c5057942d70b884d4ad5bc69aeea99475f5	RESOLVED
025	P001	D2	138	lean_proof	PROOF	derivation/code/lean/proofs/src/CNNAProofs/P001/S08_CanonicalDirectedMatrixStructure.lean	ratDirectedMatrixEntry_eq_indicator_sub_pair	THEOREM	457	481	0975bb3958c81032d07f27d1d0c58c5057942d70b884d4ad5bc69aeea99475f5	RESOLVED
025	P001	D2	139	lean_proof	PROOF	derivation/code/lean/proofs/src/CNNAProofs/P001/S08_CanonicalDirectedMatrixStructure.lean	ratDirectedMatrixEntry_row_sum_zero	THEOREM	482	544	0975bb3958c81032d07f27d1d0c58c5057942d70b884d4ad5bc69aeea99475f5	RESOLVED
025	P001	D2	140	lean_proof	PROOF	derivation/code/lean/proofs/src/CNNAProofs/P001/S08_CanonicalDirectedMatrixStructure.lean	blockEntry_eq_ratDirectedMatrixEntry	THEOREM	545	607	0975bb3958c81032d07f27d1d0c58c5057942d70b884d4ad5bc69aeea99475f5	RESOLVED
025	P001	D2	141	lean_proof	PROOF	derivation/code/lean/proofs/src/CNNAProofs/P001/S08_CanonicalDirectedMatrixStructure.lean	canonicalBlocks_offDiagonalNonpositive	THEOREM	608	624	0975bb3958c81032d07f27d1d0c58c5057942d70b884d4ad5bc69aeea99475f5	RESOLVED
025	P001	D2	142	lean_proof	PROOF	derivation/code/lean/proofs/src/CNNAProofs/P001/S08_CanonicalDirectedMatrixStructure.lean	canonicalBlocks_rowConservative	THEOREM	625	641	0975bb3958c81032d07f27d1d0c58c5057942d70b884d4ad5bc69aeea99475f5	RESOLVED
025	P001	D2	143	lean_proof	PROOF	derivation/code/lean/proofs/src/CNNAProofs/P001/S08_CanonicalDirectedMatrixStructure.lean	canonicalPositiveArc_of_hasConductance	THEOREM	642	670	0975bb3958c81032d07f27d1d0c58c5057942d70b884d4ad5bc69aeea99475f5	RESOLVED
025	P001	D2	144	lean_proof	PROOF	derivation/code/lean/proofs/src/CNNAProofs/P001/S09_CanonicalBackboneReachability.lean	eq_snoc_of_parent?_eq_some	THEOREM	101	123	49110c72b52c07384f0f67a37945f53b88565940464a5c5e62c9dcbaa60074a1	RESOLVED
025	P001	D2	145	lean_proof	PROOF	derivation/code/lean/proofs/src/CNNAProofs/P001/S09_CanonicalBackboneReachability.lean	depth_parent_lt_of_parent?_eq_some	THEOREM	124	155	49110c72b52c07384f0f67a37945f53b88565940464a5c5e62c9dcbaa60074a1	RESOLVED
025	P001	D2	146	lean_proof	PROOF	derivation/code/lean/proofs/src/CNNAProofs/P001/S09_CanonicalBackboneReachability.lean	immediateParent_mem_causalPredecessorPorts	THEOREM	156	166	49110c72b52c07384f0f67a37945f53b88565940464a5c5e62c9dcbaa60074a1	RESOLVED
025	P001	D2	147	lean_proof	PROOF	derivation/code/lean/proofs/src/CNNAProofs/P001/S09_CanonicalBackboneReachability.lean	hasConductance_endpoints_distinct	THEOREM	167	176	49110c72b52c07384f0f67a37945f53b88565940464a5c5e62c9dcbaa60074a1	RESOLVED
025	P001	D2	148	lean_proof	PROOF	derivation/code/lean/proofs/src/CNNAProofs/P001/S09_CanonicalBackboneReachability.lean	firstProvenanceSlotOfState	DEF	177	181	49110c72b52c07384f0f67a37945f53b88565940464a5c5e62c9dcbaa60074a1	RESOLVED
025	P001	D2	149	lean_proof	PROOF	derivation/code/lean/proofs/src/CNNAProofs/P001/S09_CanonicalBackboneReachability.lean	firstProvenanceAddress_born	THEOREM	182	222	49110c72b52c07384f0f67a37945f53b88565940464a5c5e62c9dcbaa60074a1	RESOLVED
025	P001	D2	150	lean_proof	PROOF	derivation/code/lean/proofs/src/CNNAProofs/P001/S09_CanonicalBackboneReachability.lean	firstProvenanceAddress_mem_olderSiblingPorts_of_parent_root	THEOREM	223	296	49110c72b52c07384f0f67a37945f53b88565940464a5c5e62c9dcbaa60074a1	RESOLVED
025	P001	D2	151	lean_proof	PROOF	derivation/code/lean/proofs/src/CNNAProofs/P001/S09_CanonicalBackboneReachability.lean	canonicalInteriorPathToBoundary_aux	THEOREM	297	371	49110c72b52c07384f0f67a37945f53b88565940464a5c5e62c9dcbaa60074a1	RESOLVED
025	P001	D2	152	lean_proof	PROOF	derivation/code/lean/proofs/src/CNNAProofs/P001/S09_CanonicalBackboneReachability.lean	canonicalEveryInteriorReachesBoundary	THEOREM	372	400	49110c72b52c07384f0f67a37945f53b88565940464a5c5e62c9dcbaa60074a1	RESOLVED
025	P001	D2	153	lean_proof	PROOF	derivation/code/lean/proofs/src/CNNAProofs/P001/S09_CanonicalBackboneReachability.lean	canonicalDistinguishedReachesOtherBoundary	THEOREM	401	489	49110c72b52c07384f0f67a37945f53b88565940464a5c5e62c9dcbaa60074a1	RESOLVED
025	P001	D2	154	lean_proof	PROOF	derivation/code/lean/proofs/src/CNNAProofs/P001/S09_CanonicalBackboneReachability.lean	canonicalDirectedCutHypotheses	THEOREM	490	502	49110c72b52c07384f0f67a37945f53b88565940464a5c5e62c9dcbaa60074a1	RESOLVED
025	P001	D2	155	lean_proof	PROOF	derivation/code/lean/proofs/src/CNNAProofs/P001/S09_CanonicalBackboneReachability.lean	canonicalBirthCutClosure_derived	THEOREM	503	511	49110c72b52c07384f0f67a37945f53b88565940464a5c5e62c9dcbaa60074a1	RESOLVED
025	P001	D2	156	lean_proof	PROOF	derivation/code/lean/proofs/src/CNNAProofs/P001/S09_CanonicalBackboneReachability.lean	DerivedCanonicalBirthCutClosureContract	DEF	512	519	49110c72b52c07384f0f67a37945f53b88565940464a5c5e62c9dcbaa60074a1	RESOLVED
025	P001	D2	157	lean_proof	PROOF	derivation/code/lean/proofs/src/CNNAProofs/P001/S09_CanonicalBackboneReachability.lean	derivedCanonicalBirthCutClosureContract	THEOREM	520	526	49110c72b52c07384f0f67a37945f53b88565940464a5c5e62c9dcbaa60074a1	RESOLVED
025	P001	D2	158	lean_proof	PROOF	derivation/code/lean/proofs/src/CNNAProofs/P001/S09_CanonicalBackboneReachability.lean	DerivedPublicContract	DEF	527	530	49110c72b52c07384f0f67a37945f53b88565940464a5c5e62c9dcbaa60074a1	RESOLVED
025	P001	D2	159	lean_proof	PROOF	derivation/code/lean/proofs/src/CNNAProofs/P001/S09_CanonicalBackboneReachability.lean	derivedPublicContract	THEOREM	531	534	49110c72b52c07384f0f67a37945f53b88565940464a5c5e62c9dcbaa60074a1	RESOLVED
025	P001	D2	160	lean_proof	PROOF	derivation/code/lean/proofs/src/CNNAProofs/P001/S10_M003M004ProofFacades.lean	canonicalInPositiveSteeringDomain	THEOREM	32	43	1b0432d2df791fb24dc4d70937b078bea8f89fe42824b9aeb41113977088c53e	RESOLVED
025	P001	D2	161	lean_proof	PROOF	derivation/code/lean/proofs/src/CNNAProofs/P001/S10_M003M004ProofFacades.lean	canonicalResponseSteeringPair_positive	THEOREM	44	59	1b0432d2df791fb24dc4d70937b078bea8f89fe42824b9aeb41113977088c53e	RESOLVED
025	P001	D2	162	lean_proof	PROOF	derivation/code/lean/proofs/src/CNNAProofs/P001/S10_M003M004ProofFacades.lean	IsDerivedCanonicalBirthLaw	DEF	60	71	1b0432d2df791fb24dc4d70937b078bea8f89fe42824b9aeb41113977088c53e	RESOLVED
025	P001	D2	163	lean_proof	PROOF	derivation/code/lean/proofs/src/CNNAProofs/P001/S10_M003M004ProofFacades.lean	derivedCanonicalBirthLaw_exists	THEOREM	72	90	1b0432d2df791fb24dc4d70937b078bea8f89fe42824b9aeb41113977088c53e	RESOLVED
025	P001	D2	164	lean_proof	PROOF	derivation/code/lean/proofs/src/CNNAProofs/P001/S10_M003M004ProofFacades.lean	derivedCanonicalBirthLaw_unique	THEOREM	91	111	1b0432d2df791fb24dc4d70937b078bea8f89fe42824b9aeb41113977088c53e	RESOLVED
025	P001	D2	165	lean_proof	PROOF	derivation/code/lean/proofs/src/CNNAProofs/P001/S10_M003M004ProofFacades.lean	derivedCanonicalBirthLaw_existsUnique	THEOREM	112	131	1b0432d2df791fb24dc4d70937b078bea8f89fe42824b9aeb41113977088c53e	RESOLVED
025	P001	D2	166	lean_proof	PROOF	derivation/code/lean/proofs/src/CNNAProofs/P001/S10_M003M004ProofFacades.lean	canonicalActiveBirthInstruction_exists	THEOREM	132	152	1b0432d2df791fb24dc4d70937b078bea8f89fe42824b9aeb41113977088c53e	RESOLVED
025	P001	D2	167	lean_proof	PROOF	derivation/code/lean/proofs/src/CNNAProofs/P001/S10_M003M004ProofFacades.lean	derivedCanonicalBirthLaws_sameValue	THEOREM	153	182	1b0432d2df791fb24dc4d70937b078bea8f89fe42824b9aeb41113977088c53e	RESOLVED
025	P001	D2	168	lean_proof	PROOF	derivation/code/lean/proofs/src/CNNAProofs/P001/S10_M003M004ProofFacades.lean	M003M004ProofFacadeContract	DEF	183	214	1b0432d2df791fb24dc4d70937b078bea8f89fe42824b9aeb41113977088c53e	RESOLVED
025	P001	D2	169	lean_proof	PROOF	derivation/code/lean/proofs/src/CNNAProofs/P001/S10_M003M004ProofFacades.lean	m003M004ProofFacadeContract	THEOREM	215	229	1b0432d2df791fb24dc4d70937b078bea8f89fe42824b9aeb41113977088c53e	RESOLVED
025	P001	D2	170	lean_proof	PROOF	derivation/code/lean/proofs/src/CNNAProofs/P001/S11_IndependentBidirectedChainCutReuse.lean	independentChainBoundaryWeight	DEF	28	30	1bf9b8cb1a7793c1a2c15f07b1d09fe3f959588f8f7eabcd4591bf1c9f85f470	RESOLVED
025	P001	D2	171	lean_proof	PROOF	derivation/code/lean/proofs/src/CNNAProofs/P001/S11_IndependentBidirectedChainCutReuse.lean	independentBidirectedChainBlocks	DEF	34	45	1bf9b8cb1a7793c1a2c15f07b1d09fe3f959588f8f7eabcd4591bf1c9f85f470	RESOLVED
025	P001	D2	172	lean_proof	PROOF	derivation/code/lean/proofs/src/CNNAProofs/P001/S11_IndependentBidirectedChainCutReuse.lean	independentBidirectedChainOffDiagonalNonpositive	THEOREM	48	81	1bf9b8cb1a7793c1a2c15f07b1d09fe3f959588f8f7eabcd4591bf1c9f85f470	RESOLVED
025	P001	D2	173	lean_proof	PROOF	derivation/code/lean/proofs/src/CNNAProofs/P001/S11_IndependentBidirectedChainCutReuse.lean	independentBidirectedChainRowConservative	THEOREM	84	156	1bf9b8cb1a7793c1a2c15f07b1d09fe3f959588f8f7eabcd4591bf1c9f85f470	RESOLVED
025	P001	D2	174	lean_proof	PROOF	derivation/code/lean/proofs/src/CNNAProofs/P001/S11_IndependentBidirectedChainCutReuse.lean	independentBidirectedChainInteriorReachesBoundary	THEOREM	159	175	1bf9b8cb1a7793c1a2c15f07b1d09fe3f959588f8f7eabcd4591bf1c9f85f470	RESOLVED
025	P001	D2	175	lean_proof	PROOF	derivation/code/lean/proofs/src/CNNAProofs/P001/S11_IndependentBidirectedChainCutReuse.lean	independentBidirectedChainDistinguishedReachesOtherBoundary	THEOREM	179	202	1bf9b8cb1a7793c1a2c15f07b1d09fe3f959588f8f7eabcd4591bf1c9f85f470	RESOLVED
025	P001	D2	176	lean_proof	PROOF	derivation/code/lean/proofs/src/CNNAProofs/P001/S11_IndependentBidirectedChainCutReuse.lean	independentBidirectedChainHypotheses	THEOREM	206	223	1bf9b8cb1a7793c1a2c15f07b1d09fe3f959588f8f7eabcd4591bf1c9f85f470	RESOLVED
025	P001	D2	177	lean_proof	PROOF	derivation/code/lean/proofs/src/CNNAProofs/P001/S11_IndependentBidirectedChainCutReuse.lean	independentBidirectedChainClosure	THEOREM	227	236	1bf9b8cb1a7793c1a2c15f07b1d09fe3f959588f8f7eabcd4591bf1c9f85f470	RESOLVED
025	P001	D2	178	lean_proof	PROOF	derivation/code/lean/proofs/src/CNNAProofs/P001/S11_IndependentBidirectedChainCutReuse.lean	SecondCutReuseContract	DEF	240	245	1bf9b8cb1a7793c1a2c15f07b1d09fe3f959588f8f7eabcd4591bf1c9f85f470	RESOLVED
025	P001	D2	179	lean_proof	PROOF	derivation/code/lean/proofs/src/CNNAProofs/P001/S11_IndependentBidirectedChainCutReuse.lean	secondCutReuseContract	THEOREM	249	252	1bf9b8cb1a7793c1a2c15f07b1d09fe3f959588f8f7eabcd4591bf1c9f85f470	RESOLVED
026	M004	D1	1	python	SOURCE	derivation/code/python/src/cnna/derivation/s01_primitive_response_coupled_finite_provenance/s03_recurrent_pre_birth_measurement_and_steering/s10_m004__response_coupled_birth_law_birthlaw_b.py	BirthLawDomainError	CLASS	57	58	fb5ae77e13b3596f806136edb4e4854631e3ee3911e7a6baf788409d9b67691c	RESOLVED
026	M004	D1	2	python	SOURCE	derivation/code/python/src/cnna/derivation/s01_primitive_response_coupled_finite_provenance/s03_recurrent_pre_birth_measurement_and_steering/s10_m004__response_coupled_birth_law_birthlaw_b.py	DirectedRelationUpdate	CLASS	62	77	fb5ae77e13b3596f806136edb4e4854631e3ee3911e7a6baf788409d9b67691c	RESOLVED
026	M004	D1	3	python	SOURCE	derivation/code/python/src/cnna/derivation/s01_primitive_response_coupled_finite_provenance/s03_recurrent_pre_birth_measurement_and_steering/s10_m004__response_coupled_birth_law_birthlaw_b.py	ResponseCoupledBirthInstruction	CLASS	81	136	fb5ae77e13b3596f806136edb4e4854631e3ee3911e7a6baf788409d9b67691c	RESOLVED
026	M004	D1	4	python	SOURCE	derivation/code/python/src/cnna/derivation/s01_primitive_response_coupled_finite_provenance/s03_recurrent_pre_birth_measurement_and_steering/s10_m004__response_coupled_birth_law_birthlaw_b.py	direct_response_lift	FUNCTION	139	180	fb5ae77e13b3596f806136edb4e4854631e3ee3911e7a6baf788409d9b67691c	RESOLVED
026	M004	D1	5	python	SOURCE	derivation/code/python/src/cnna/derivation/s01_primitive_response_coupled_finite_provenance/s03_recurrent_pre_birth_measurement_and_steering/s10_m004__response_coupled_birth_law_birthlaw_b.py	canonical_bias_free_birth_law_inputs	FUNCTION	183	221	fb5ae77e13b3596f806136edb4e4854631e3ee3911e7a6baf788409d9b67691c	RESOLVED
026	M004	D1	6	python	SOURCE	derivation/code/python/src/cnna/derivation/s01_primitive_response_coupled_finite_provenance/s03_recurrent_pre_birth_measurement_and_steering/s10_m004__response_coupled_birth_law_birthlaw_b.py	response_coupled_birth_law	FUNCTION	224	243	fb5ae77e13b3596f806136edb4e4854631e3ee3911e7a6baf788409d9b67691c	RESOLVED
026	M004	D1	7	python_test	TEST	derivation/code/python/tests/derivation/s01_primitive_response_coupled_finite_provenance/s03_recurrent_pre_birth_measurement_and_steering/test_s10_m004__response_coupled_birth_law_birthlaw_b.py	_bootstrap_state	FUNCTION	35	41	364ae68fbcc74863b4756b271d38bf3c1444a02f2aa23db3eec4de54557f3dcf	RESOLVED
026	M004	D1	8	python_test	TEST	derivation/code/python/tests/derivation/s01_primitive_response_coupled_finite_provenance/s03_recurrent_pre_birth_measurement_and_steering/test_s10_m004__response_coupled_birth_law_birthlaw_b.py	_state	FUNCTION	44	55	364ae68fbcc74863b4756b271d38bf3c1444a02f2aa23db3eec4de54557f3dcf	RESOLVED
026	M004	D1	9	python_test	TEST	derivation/code/python/tests/derivation/s01_primitive_response_coupled_finite_provenance/s03_recurrent_pre_birth_measurement_and_steering/test_s10_m004__response_coupled_birth_law_birthlaw_b.py	_instruction	FUNCTION	58	62	364ae68fbcc74863b4756b271d38bf3c1444a02f2aa23db3eec4de54557f3dcf	RESOLVED
026	M004	D1	10	python_test	TEST	derivation/code/python/tests/derivation/s01_primitive_response_coupled_finite_provenance/s03_recurrent_pre_birth_measurement_and_steering/test_s10_m004__response_coupled_birth_law_birthlaw_b.py	TestResponseCoupledBirthLaw	CLASS	65	201	364ae68fbcc74863b4756b271d38bf3c1444a02f2aa23db3eec4de54557f3dcf	RESOLVED
026	M004	D1	11	lean_core	SOURCE	derivation/code/lean/core/src/CNNA/Derivation/S01_PrimitiveResponseCoupledFiniteProvenance/S03_RecurrentPreBirthMeasurementAndSteering/S10_M004_ResponseCoupledBirthLawBirthlawB.lean	NonnegativeLiftValue	DEF	48	51	03d417a92f6591d4325ee62bda1d3d1f227456b58bfa91478b206251b721c382	RESOLVED
026	M004	D1	12	lean_core	SOURCE	derivation/code/lean/core/src/CNNA/Derivation/S01_PrimitiveResponseCoupledFiniteProvenance/S03_RecurrentPreBirthMeasurementAndSteering/S10_M004_ResponseCoupledBirthLawBirthlawB.lean	DirectedRelationUpdate	STRUCTURE	52	57	03d417a92f6591d4325ee62bda1d3d1f227456b58bfa91478b206251b721c382	RESOLVED
026	M004	D1	13	lean_core	SOURCE	derivation/code/lean/core/src/CNNA/Derivation/S01_PrimitiveResponseCoupledFiniteProvenance/S03_RecurrentPreBirthMeasurementAndSteering/S10_M004_ResponseCoupledBirthLawBirthlawB.lean	ResponseCoupledBirthInstruction	STRUCTURE	58	67	03d417a92f6591d4325ee62bda1d3d1f227456b58bfa91478b206251b721c382	RESOLVED
026	M004	D1	14	lean_core	SOURCE	derivation/code/lean/core/src/CNNA/Derivation/S01_PrimitiveResponseCoupledFiniteProvenance/S03_RecurrentPreBirthMeasurementAndSteering/S10_M004_ResponseCoupledBirthLawBirthlawB.lean	strictAncestorPorts	DEF	68	72	03d417a92f6591d4325ee62bda1d3d1f227456b58bfa91478b206251b721c382	RESOLVED
026	M004	D1	15	lean_core	SOURCE	derivation/code/lean/core/src/CNNA/Derivation/S01_PrimitiveResponseCoupledFiniteProvenance/S03_RecurrentPreBirthMeasurementAndSteering/S10_M004_ResponseCoupledBirthLawBirthlawB.lean	directRelationUpdate	DEF	73	80	03d417a92f6591d4325ee62bda1d3d1f227456b58bfa91478b206251b721c382	RESOLVED
026	M004	D1	16	lean_core	SOURCE	derivation/code/lean/core/src/CNNA/Derivation/S01_PrimitiveResponseCoupledFiniteProvenance/S03_RecurrentPreBirthMeasurementAndSteering/S10_M004_ResponseCoupledBirthLawBirthlawB.lean	parentChildUpdates	DEF	81	87	03d417a92f6591d4325ee62bda1d3d1f227456b58bfa91478b206251b721c382	RESOLVED
026	M004	D1	17	lean_core	SOURCE	derivation/code/lean/core/src/CNNA/Derivation/S01_PrimitiveResponseCoupledFiniteProvenance/S03_RecurrentPreBirthMeasurementAndSteering/S10_M004_ResponseCoupledBirthLawBirthlawB.lean	ancestorBackreactionUpdates	DEF	88	94	03d417a92f6591d4325ee62bda1d3d1f227456b58bfa91478b206251b721c382	RESOLVED
026	M004	D1	18	lean_core	SOURCE	derivation/code/lean/core/src/CNNA/Derivation/S01_PrimitiveResponseCoupledFiniteProvenance/S03_RecurrentPreBirthMeasurementAndSteering/S10_M004_ResponseCoupledBirthLawBirthlawB.lean	siblingBackreactionAux	DEF	95	105	03d417a92f6591d4325ee62bda1d3d1f227456b58bfa91478b206251b721c382	RESOLVED
026	M004	D1	19	lean_core	SOURCE	derivation/code/lean/core/src/CNNA/Derivation/S01_PrimitiveResponseCoupledFiniteProvenance/S03_RecurrentPreBirthMeasurementAndSteering/S10_M004_ResponseCoupledBirthLawBirthlawB.lean	siblingBackreactionUpdates	DEF	106	111	03d417a92f6591d4325ee62bda1d3d1f227456b58bfa91478b206251b721c382	RESOLVED
026	M004	D1	20	lean_core	SOURCE	derivation/code/lean/core/src/CNNA/Derivation/S01_PrimitiveResponseCoupledFiniteProvenance/S03_RecurrentPreBirthMeasurementAndSteering/S10_M004_ResponseCoupledBirthLawBirthlawB.lean	directResponseLift	DEF	112	122	03d417a92f6591d4325ee62bda1d3d1f227456b58bfa91478b206251b721c382	RESOLVED
026	M004	D1	21	lean_core	SOURCE	derivation/code/lean/core/src/CNNA/Derivation/S01_PrimitiveResponseCoupledFiniteProvenance/S03_RecurrentPreBirthMeasurementAndSteering/S10_M004_ResponseCoupledBirthLawBirthlawB.lean	candidateInputs	DEF	123	135	03d417a92f6591d4325ee62bda1d3d1f227456b58bfa91478b206251b721c382	RESOLVED
026	M004	D1	22	lean_core	SOURCE	derivation/code/lean/core/src/CNNA/Derivation/S01_PrimitiveResponseCoupledFiniteProvenance/S03_RecurrentPreBirthMeasurementAndSteering/S10_M004_ResponseCoupledBirthLawBirthlawB.lean	candidateInputs_admissible	THEOREM	136	143	03d417a92f6591d4325ee62bda1d3d1f227456b58bfa91478b206251b721c382	RESOLVED
026	M004	D1	23	lean_core	SOURCE	derivation/code/lean/core/src/CNNA/Derivation/S01_PrimitiveResponseCoupledFiniteProvenance/S03_RecurrentPreBirthMeasurementAndSteering/S10_M004_ResponseCoupledBirthLawBirthlawB.lean	biasFreeInputs	DEF	144	156	03d417a92f6591d4325ee62bda1d3d1f227456b58bfa91478b206251b721c382	RESOLVED
026	M004	D1	24	lean_core	SOURCE	derivation/code/lean/core/src/CNNA/Derivation/S01_PrimitiveResponseCoupledFiniteProvenance/S03_RecurrentPreBirthMeasurementAndSteering/S10_M004_ResponseCoupledBirthLawBirthlawB.lean	birthLaw	DEF	157	166	03d417a92f6591d4325ee62bda1d3d1f227456b58bfa91478b206251b721c382	RESOLVED
026	M004	D1	25	lean_core	SOURCE	derivation/code/lean/core/src/CNNA/Derivation/S01_PrimitiveResponseCoupledFiniteProvenance/S03_RecurrentPreBirthMeasurementAndSteering/S10_M004_ResponseCoupledBirthLawBirthlawB.lean	IsCanonicalBirthLaw	DEF	167	176	03d417a92f6591d4325ee62bda1d3d1f227456b58bfa91478b206251b721c382	RESOLVED
026	M004	D1	26	lean_core	SOURCE	derivation/code/lean/core/src/CNNA/Derivation/S01_PrimitiveResponseCoupledFiniteProvenance/S03_RecurrentPreBirthMeasurementAndSteering/S10_M004_ResponseCoupledBirthLawBirthlawB.lean	DirectedRelationUpdateSameValue	STRUCTURE	177	185	03d417a92f6591d4325ee62bda1d3d1f227456b58bfa91478b206251b721c382	RESOLVED
026	M004	D1	27	lean_core	SOURCE	derivation/code/lean/core/src/CNNA/Derivation/S01_PrimitiveResponseCoupledFiniteProvenance/S03_RecurrentPreBirthMeasurementAndSteering/S10_M004_ResponseCoupledBirthLawBirthlawB.lean	DirectedRelationUpdatesSameValue	INDUCTIVE	186	197	03d417a92f6591d4325ee62bda1d3d1f227456b58bfa91478b206251b721c382	RESOLVED
026	M004	D1	28	lean_core	SOURCE	derivation/code/lean/core/src/CNNA/Derivation/S01_PrimitiveResponseCoupledFiniteProvenance/S03_RecurrentPreBirthMeasurementAndSteering/S10_M004_ResponseCoupledBirthLawBirthlawB.lean	BirthInstructionSameValue	STRUCTURE	198	210	03d417a92f6591d4325ee62bda1d3d1f227456b58bfa91478b206251b721c382	RESOLVED
026	M004	D1	29	lean_core	SOURCE	derivation/code/lean/core/src/CNNA/Derivation/S01_PrimitiveResponseCoupledFiniteProvenance/S03_RecurrentPreBirthMeasurementAndSteering/S10_M004_ResponseCoupledBirthLawBirthlawB.lean	directRelationUpdate_respects_sameValue	THEOREM	211	221	03d417a92f6591d4325ee62bda1d3d1f227456b58bfa91478b206251b721c382	RESOLVED
026	M004	D1	30	lean_core	SOURCE	derivation/code/lean/core/src/CNNA/Derivation/S01_PrimitiveResponseCoupledFiniteProvenance/S03_RecurrentPreBirthMeasurementAndSteering/S10_M004_ResponseCoupledBirthLawBirthlawB.lean	ancestorAux_respects_sameValue	THEOREM	222	236	03d417a92f6591d4325ee62bda1d3d1f227456b58bfa91478b206251b721c382	RESOLVED
026	M004	D1	31	lean_core	SOURCE	derivation/code/lean/core/src/CNNA/Derivation/S01_PrimitiveResponseCoupledFiniteProvenance/S03_RecurrentPreBirthMeasurementAndSteering/S10_M004_ResponseCoupledBirthLawBirthlawB.lean	siblingAux_respects_sameValue	THEOREM	237	253	03d417a92f6591d4325ee62bda1d3d1f227456b58bfa91478b206251b721c382	RESOLVED
026	M004	D1	32	lean_core	SOURCE	derivation/code/lean/core/src/CNNA/Derivation/S01_PrimitiveResponseCoupledFiniteProvenance/S03_RecurrentPreBirthMeasurementAndSteering/S10_M004_ResponseCoupledBirthLawBirthlawB.lean	directResponseLift_respects_sameValue	THEOREM	254	277	03d417a92f6591d4325ee62bda1d3d1f227456b58bfa91478b206251b721c382	RESOLVED
026	M004	D1	33	lean_core	SOURCE	derivation/code/lean/core/src/CNNA/Derivation/S01_PrimitiveResponseCoupledFiniteProvenance/S03_RecurrentPreBirthMeasurementAndSteering/S10_M004_ResponseCoupledBirthLawBirthlawB.lean	birthLaw_respects_sameValue	THEOREM	278	295	03d417a92f6591d4325ee62bda1d3d1f227456b58bfa91478b206251b721c382	RESOLVED
026	M004	D1	34	lean_core	SOURCE	derivation/code/lean/core/src/CNNA/Derivation/S01_PrimitiveResponseCoupledFiniteProvenance/S03_RecurrentPreBirthMeasurementAndSteering/S10_M004_ResponseCoupledBirthLawBirthlawB.lean	birthLaw_exists	THEOREM	296	307	03d417a92f6591d4325ee62bda1d3d1f227456b58bfa91478b206251b721c382	RESOLVED
026	M004	D1	35	lean_core	SOURCE	derivation/code/lean/core/src/CNNA/Derivation/S01_PrimitiveResponseCoupledFiniteProvenance/S03_RecurrentPreBirthMeasurementAndSteering/S10_M004_ResponseCoupledBirthLawBirthlawB.lean	birthLaw_unique	THEOREM	308	321	03d417a92f6591d4325ee62bda1d3d1f227456b58bfa91478b206251b721c382	RESOLVED
026	M004	D1	36	lean_core	SOURCE	derivation/code/lean/core/src/CNNA/Derivation/S01_PrimitiveResponseCoupledFiniteProvenance/S03_RecurrentPreBirthMeasurementAndSteering/S10_M004_ResponseCoupledBirthLawBirthlawB.lean	responseSteeringPairs_give_same_birthLaw	THEOREM	322	342	03d417a92f6591d4325ee62bda1d3d1f227456b58bfa91478b206251b721c382	RESOLVED
026	M004	D1	37	lean_core	SOURCE	derivation/code/lean/core/src/CNNA/Derivation/S01_PrimitiveResponseCoupledFiniteProvenance/S03_RecurrentPreBirthMeasurementAndSteering/S10_M004_ResponseCoupledBirthLawBirthlawB.lean	birthLaw_parentChild_eq_directLift	THEOREM	343	354	03d417a92f6591d4325ee62bda1d3d1f227456b58bfa91478b206251b721c382	RESOLVED
026	M004	D1	38	lean_core	SOURCE	derivation/code/lean/core/src/CNNA/Derivation/S01_PrimitiveResponseCoupledFiniteProvenance/S03_RecurrentPreBirthMeasurementAndSteering/S10_M004_ResponseCoupledBirthLawBirthlawB.lean	birthLaw_lapse_eq_steering	THEOREM	355	366	03d417a92f6591d4325ee62bda1d3d1f227456b58bfa91478b206251b721c382	RESOLVED
026	M004	D1	39	lean_core	SOURCE	derivation/code/lean/core/src/CNNA/Derivation/S01_PrimitiveResponseCoupledFiniteProvenance/S03_RecurrentPreBirthMeasurementAndSteering/S10_M004_ResponseCoupledBirthLawBirthlawB.lean	directResponseLift_zero_lapse	THEOREM	367	371	03d417a92f6591d4325ee62bda1d3d1f227456b58bfa91478b206251b721c382	RESOLVED
026	M004	D1	40	lean_proof	PROOF	derivation/code/lean/proofs/src/CNNAProofs/M003M004/S02_CanonicalM004ClosureAndHandoff.lean	CanonicalM004Closure	STRUCTURE	31	67	2882f029f40a3b5742e987e3b201602ba5a5dd532121818418837747e825e93e	RESOLVED
026	M004	D1	41	lean_proof	PROOF	derivation/code/lean/proofs/src/CNNAProofs/M003M004/S02_CanonicalM004ClosureAndHandoff.lean	canonicalM004Closure	THEOREM	68	108	2882f029f40a3b5742e987e3b201602ba5a5dd532121818418837747e825e93e	RESOLVED
026	M004	D1	42	lean_proof	PROOF	derivation/code/lean/proofs/src/CNNAProofs/M003M004/S02_CanonicalM004ClosureAndHandoff.lean	IsCanonicalBirthInstructionHandoff	DEF	109	119	2882f029f40a3b5742e987e3b201602ba5a5dd532121818418837747e825e93e	RESOLVED
026	M004	D1	43	lean_proof	PROOF	derivation/code/lean/proofs/src/CNNAProofs/M003M004/S02_CanonicalM004ClosureAndHandoff.lean	canonicalBirthInstructionHandoff_exists	THEOREM	120	131	2882f029f40a3b5742e987e3b201602ba5a5dd532121818418837747e825e93e	RESOLVED
026	M004	D1	44	lean_proof	PROOF	derivation/code/lean/proofs/src/CNNAProofs/M003M004/S02_CanonicalM004ClosureAndHandoff.lean	canonicalBirthInstructionHandoff_sameValue	THEOREM	132	146	2882f029f40a3b5742e987e3b201602ba5a5dd532121818418837747e825e93e	RESOLVED
026	M004	D1	45	lean_proof	PROOF	derivation/code/lean/proofs/src/CNNAProofs/M003M004/S02_CanonicalM004ClosureAndHandoff.lean	CanonicalM004ClosureContract	DEF	147	159	2882f029f40a3b5742e987e3b201602ba5a5dd532121818418837747e825e93e	RESOLVED
026	M004	D1	46	lean_proof	PROOF	derivation/code/lean/proofs/src/CNNAProofs/M003M004/S02_CanonicalM004ClosureAndHandoff.lean	canonicalM004ClosureContract	THEOREM	160	167	2882f029f40a3b5742e987e3b201602ba5a5dd532121818418837747e825e93e	RESOLVED
027	C008	D1	1	python	SOURCE	derivation/code/python/src/cnna/derivation/s01_primitive_response_coupled_finite_provenance/s04_record_live_update_backreaction_channels_and_finite_closure/s01_c008__record_live_response_coupled_update.py	RecordLiveChannels	CLASS	29	42	d1d0c544a5ca53a22b75c933dd073ff76c28235f6e0e55bfd4e8ebf422ce19e9	RESOLVED
027	C008	D1	2	python	SOURCE	derivation/code/python/src/cnna/derivation/s01_primitive_response_coupled_finite_provenance/s04_record_live_update_backreaction_channels_and_finite_closure/s01_c008__record_live_response_coupled_update.py	bootstrap_record_live_channels	FUNCTION	52	63	d1d0c544a5ca53a22b75c933dd073ff76c28235f6e0e55bfd4e8ebf422ce19e9	RESOLVED
027	C008	D1	3	python	SOURCE	derivation/code/python/src/cnna/derivation/s01_primitive_response_coupled_finite_provenance/s04_record_live_update_backreaction_channels_and_finite_closure/s01_c008__record_live_response_coupled_update.py	record_instruction_updates	FUNCTION	66	72	d1d0c544a5ca53a22b75c933dd073ff76c28235f6e0e55bfd4e8ebf422ce19e9	RESOLVED
027	C008	D1	4	python	SOURCE	derivation/code/python/src/cnna/derivation/s01_primitive_response_coupled_finite_provenance/s04_record_live_update_backreaction_channels_and_finite_closure/s01_c008__record_live_response_coupled_update.py	live_instruction_updates	FUNCTION	75	85	d1d0c544a5ca53a22b75c933dd073ff76c28235f6e0e55bfd4e8ebf422ce19e9	RESOLVED
027	C008	D1	5	python	SOURCE	derivation/code/python/src/cnna/derivation/s01_primitive_response_coupled_finite_provenance/s04_record_live_update_backreaction_channels_and_finite_closure/s01_c008__record_live_response_coupled_update.py	apply_response_coupled_update	FUNCTION	88	100	d1d0c544a5ca53a22b75c933dd073ff76c28235f6e0e55bfd4e8ebf422ce19e9	RESOLVED
027	C008	D1	6	python_test	COUNTERCHECK	derivation/code/python/tests/derivation/s01_primitive_response_coupled_finite_provenance/s04_record_live_update_backreaction_channels_and_finite_closure/test_s01_c008__record_live_response_coupled_update.py	test_record_gets_only_new_birth_pair_while_live_gets_backreaction	TEST	73	83	846d610e5602852ec8b8ae1b64ea21d0b9fb6e7004fd5af1b18526d479cbfbe2	RESOLVED
027	C008	D1	7	python_test	COUNTERCHECK	derivation/code/python/tests/derivation/s01_primitive_response_coupled_finite_provenance/s04_record_live_update_backreaction_channels_and_finite_closure/test_s01_c008__record_live_response_coupled_update.py	test_strict_ancestor_backreaction_is_live_only	TEST	86	98	846d610e5602852ec8b8ae1b64ea21d0b9fb6e7004fd5af1b18526d479cbfbe2	RESOLVED
027	C008	D1	8	python_test	COUNTERCHECK	derivation/code/python/tests/derivation/s01_primitive_response_coupled_finite_provenance/s04_record_live_update_backreaction_channels_and_finite_closure/test_s01_c008__record_live_response_coupled_update.py	test_c008_has_no_legacy_free_update_controls	TEST	115	123	846d610e5602852ec8b8ae1b64ea21d0b9fb6e7004fd5af1b18526d479cbfbe2	RESOLVED
027	C008	D1	9	python_test	COUNTERCHECK	derivation/code/python/tests/derivation/s01_primitive_response_coupled_finite_provenance/s04_record_live_update_backreaction_channels_and_finite_closure/test_s01_c008__record_live_response_coupled_update.py	test_small_finite_sweep_matches_m004_channel_partition_exactly	TEST	126	141	846d610e5602852ec8b8ae1b64ea21d0b9fb6e7004fd5af1b18526d479cbfbe2	RESOLVED
027	C008	D1	10	lean_core	SOURCE	derivation/code/lean/core/src/CNNA/Derivation/S01_PrimitiveResponseCoupledFiniteProvenance/S04_RecordLiveUpdateBackreactionChannelsAndFiniteClosure/S01_C008_RecordLiveResponseCoupledUpdate.lean	RecordLiveChannels	STRUCTURE	39	41	d83db1f0ede5c71c8114442775aed96731a8e883b2770e54d0e322edf09faebc	RESOLVED_KERNEL_VERIFIED
027	C008	D1	11	lean_core	SOURCE	derivation/code/lean/core/src/CNNA/Derivation/S01_PrimitiveResponseCoupledFiniteProvenance/S04_RecordLiveUpdateBackreactionChannelsAndFiniteClosure/S01_C008_RecordLiveResponseCoupledUpdate.lean	recordInstructionUpdates	DEF	66	70	d83db1f0ede5c71c8114442775aed96731a8e883b2770e54d0e322edf09faebc	RESOLVED_KERNEL_VERIFIED
027	C008	D1	12	lean_core	SOURCE	derivation/code/lean/core/src/CNNA/Derivation/S01_PrimitiveResponseCoupledFiniteProvenance/S04_RecordLiveUpdateBackreactionChannelsAndFiniteClosure/S01_C008_RecordLiveResponseCoupledUpdate.lean	liveInstructionUpdates	DEF	74	80	d83db1f0ede5c71c8114442775aed96731a8e883b2770e54d0e322edf09faebc	RESOLVED_KERNEL_VERIFIED
027	C008	D1	13	lean_core	SOURCE	derivation/code/lean/core/src/CNNA/Derivation/S01_PrimitiveResponseCoupledFiniteProvenance/S04_RecordLiveUpdateBackreactionChannelsAndFiniteClosure/S01_C008_RecordLiveResponseCoupledUpdate.lean	applyInstruction	DEF	83	89	d83db1f0ede5c71c8114442775aed96731a8e883b2770e54d0e322edf09faebc	RESOLVED_KERNEL_VERIFIED
027	C008	D1	14	lean_core	SOURCE	derivation/code/lean/core/src/CNNA/Derivation/S01_PrimitiveResponseCoupledFiniteProvenance/S04_RecordLiveUpdateBackreactionChannelsAndFiniteClosure/S01_C008_RecordLiveResponseCoupledUpdate.lean	applyInstruction_record_eq	THEOREM	99	105	d83db1f0ede5c71c8114442775aed96731a8e883b2770e54d0e322edf09faebc	RESOLVED_KERNEL_VERIFIED
027	C008	D1	15	lean_core	SOURCE	derivation/code/lean/core/src/CNNA/Derivation/S01_PrimitiveResponseCoupledFiniteProvenance/S04_RecordLiveUpdateBackreactionChannelsAndFiniteClosure/S01_C008_RecordLiveResponseCoupledUpdate.lean	applyInstruction_live_eq	THEOREM	109	118	d83db1f0ede5c71c8114442775aed96731a8e883b2770e54d0e322edf09faebc	RESOLVED_KERNEL_VERIFIED
027	C008	D1	16	lean_core	SOURCE	derivation/code/lean/core/src/CNNA/Derivation/S01_PrimitiveResponseCoupledFiniteProvenance/S04_RecordLiveUpdateBackreactionChannelsAndFiniteClosure/S01_C008_RecordLiveResponseCoupledUpdate.lean	applyInstruction_respects_sameValue	THEOREM	184	198	d83db1f0ede5c71c8114442775aed96731a8e883b2770e54d0e322edf09faebc	RESOLVED_KERNEL_VERIFIED
027	C008	D1	17	lean_core	SOURCE	derivation/code/lean/core/src/CNNA/Derivation/S01_PrimitiveResponseCoupledFiniteProvenance/S04_RecordLiveUpdateBackreactionChannelsAndFiniteClosure/S01_C008_RecordLiveResponseCoupledUpdate.lean	RecordLiveResponseCoupledUpdateContract	STRUCTURE	203	224	d83db1f0ede5c71c8114442775aed96731a8e883b2770e54d0e322edf09faebc	RESOLVED_KERNEL_VERIFIED
027	C008	D1	18	lean_core	SOURCE	derivation/code/lean/core/src/CNNA/Derivation/S01_PrimitiveResponseCoupledFiniteProvenance/S04_RecordLiveUpdateBackreactionChannelsAndFiniteClosure/S01_C008_RecordLiveResponseCoupledUpdate.lean	recordLiveResponseCoupledUpdateContract	THEOREM	227	238	d83db1f0ede5c71c8114442775aed96731a8e883b2770e54d0e322edf09faebc	RESOLVED_KERNEL_VERIFIED
027	C008	D1	19	lean_proof	PROOF	derivation/code/lean/proofs/src/CNNAProofs/C008/S01_CanonicalRecordLiveUpdateClosure.lean	CanonicalRecordLiveUpdateClosure	STRUCTURE	25	41	7a54570bb683a183d2c49cf70c8c9e2eb79a21dfb9c9e75e17c850a5aa63fc31	RESOLVED_KERNEL_VERIFIED
027	C008	D1	20	lean_proof	PROOF	derivation/code/lean/proofs/src/CNNAProofs/C008/S01_CanonicalRecordLiveUpdateClosure.lean	canonicalRecordLiveUpdateClosure	THEOREM	45	62	7a54570bb683a183d2c49cf70c8c9e2eb79a21dfb9c9e75e17c850a5aa63fc31	RESOLVED_KERNEL_VERIFIED
027	C008	D1	21	lean_proof	PROOF	derivation/code/lean/proofs/src/CNNAProofs/C008/S01_CanonicalRecordLiveUpdateClosure.lean	CanonicalRecordLiveUpdateContract	DEF	67	72	7a54570bb683a183d2c49cf70c8c9e2eb79a21dfb9c9e75e17c850a5aa63fc31	RESOLVED_KERNEL_VERIFIED
027	C008	D1	22	lean_proof	PROOF	derivation/code/lean/proofs/src/CNNAProofs/C008/S01_CanonicalRecordLiveUpdateClosure.lean	canonicalRecordLiveUpdateContract	THEOREM	75	78	7a54570bb683a183d2c49cf70c8c9e2eb79a21dfb9c9e75e17c850a5aa63fc31	RESOLVED_KERNEL_VERIFIED
028	C016	D1	1	python	SOURCE	derivation/code/python/src/cnna/derivation/s01_primitive_response_coupled_finite_provenance/s04_record_live_update_backreaction_channels_and_finite_closure/s02_c016__immutable_record_channel.py	immutable_record_channel	FUNCTION	20	26	d25f481426cea2733e317757cd2b987ecec88d7ee9d660a552e42cf2ba4ebd38	RESOLVED
028	C016	D1	2	python	SOURCE	derivation/code/python/src/cnna/derivation/s01_primitive_response_coupled_finite_provenance/s04_record_live_update_backreaction_channels_and_finite_closure/s02_c016__immutable_record_channel.py	record_channel_after_instruction	FUNCTION	29	38	d25f481426cea2733e317757cd2b987ecec88d7ee9d660a552e42cf2ba4ebd38	RESOLVED
028	C016	D1	3	python_test	COUNTERCHECK	derivation/code/python/tests/derivation/s01_primitive_response_coupled_finite_provenance/s04_record_live_update_backreaction_channels_and_finite_closure/test_s02_c016__immutable_record_channel.py	test_c016_preserves_old_record_and_appends_only_birth_pair	TEST	41	51	88df027397c3711b6b191d0512e15c8dc0b72426ffcdda9b11a76d148b9865ca	RESOLVED
028	C016	D1	4	python_test	COUNTERCHECK	derivation/code/python/tests/derivation/s01_primitive_response_coupled_finite_provenance/s04_record_live_update_backreaction_channels_and_finite_closure/test_s02_c016__immutable_record_channel.py	test_c016_does_not_mutate_input_tuple	TEST	54	61	88df027397c3711b6b191d0512e15c8dc0b72426ffcdda9b11a76d148b9865ca	RESOLVED
028	C016	D1	5	lean_core	SOURCE	derivation/code/lean/core/src/CNNA/Derivation/S01_PrimitiveResponseCoupledFiniteProvenance/S04_RecordLiveUpdateBackreactionChannelsAndFiniteClosure/S02_C016_ImmutableRecordChannel.lean	recordChannel	DEF	30	32	88de4a80e2b2b05f9764af56a72c0e5e3cad8aba7d5c28669df94a24a0d66b74	RESOLVED_KERNEL_VERIFIED
028	C016	D1	6	lean_core	SOURCE	derivation/code/lean/core/src/CNNA/Derivation/S01_PrimitiveResponseCoupledFiniteProvenance/S04_RecordLiveUpdateBackreactionChannelsAndFiniteClosure/S02_C016_ImmutableRecordChannel.lean	afterInstruction_eq_append	THEOREM	49	55	88de4a80e2b2b05f9764af56a72c0e5e3cad8aba7d5c28669df94a24a0d66b74	RESOLVED_KERNEL_VERIFIED
028	C016	D1	7	lean_core	SOURCE	derivation/code/lean/core/src/CNNA/Derivation/S01_PrimitiveResponseCoupledFiniteProvenance/S04_RecordLiveUpdateBackreactionChannelsAndFiniteClosure/S02_C016_ImmutableRecordChannel.lean	previousRecord_isLeftPrefix	THEOREM	60	67	88de4a80e2b2b05f9764af56a72c0e5e3cad8aba7d5c28669df94a24a0d66b74	RESOLVED_KERNEL_VERIFIED
028	C016	D1	8	lean_core	SOURCE	derivation/code/lean/core/src/CNNA/Derivation/S01_PrimitiveResponseCoupledFiniteProvenance/S04_RecordLiveUpdateBackreactionChannelsAndFiniteClosure/S02_C016_ImmutableRecordChannel.lean	afterInstruction_respects_sameValue	THEOREM	70	80	88de4a80e2b2b05f9764af56a72c0e5e3cad8aba7d5c28669df94a24a0d66b74	RESOLVED_KERNEL_VERIFIED
028	C016	D1	9	lean_core	SOURCE	derivation/code/lean/core/src/CNNA/Derivation/S01_PrimitiveResponseCoupledFiniteProvenance/S04_RecordLiveUpdateBackreactionChannelsAndFiniteClosure/S02_C016_ImmutableRecordChannel.lean	ImmutableRecordChannelContract	DEF	85	102	88de4a80e2b2b05f9764af56a72c0e5e3cad8aba7d5c28669df94a24a0d66b74	RESOLVED_KERNEL_VERIFIED
028	C016	D1	10	lean_core	SOURCE	derivation/code/lean/core/src/CNNA/Derivation/S01_PrimitiveResponseCoupledFiniteProvenance/S04_RecordLiveUpdateBackreactionChannelsAndFiniteClosure/S02_C016_ImmutableRecordChannel.lean	immutableRecordChannelContract	THEOREM	105	115	88de4a80e2b2b05f9764af56a72c0e5e3cad8aba7d5c28669df94a24a0d66b74	RESOLVED_KERNEL_VERIFIED
028	C016	D1	11	lean_proof	PROOF_FACADE	derivation/code/lean/proofs/src/CNNAProofs/C016C017/S01_CanonicalRecordLiveChannelProjectionClosure.lean	CanonicalImmutableRecordChannelClosure	STRUCTURE	20	21	dec8b9f1b24ad8f3631324c8944ba68a7bd7381e197f75b78aabac0dbb299c27	RESOLVED_KERNEL_VERIFIED
028	C016	D1	12	lean_proof	PROOF_FACADE	derivation/code/lean/proofs/src/CNNAProofs/C016C017/S01_CanonicalRecordLiveChannelProjectionClosure.lean	canonicalImmutableRecordChannelClosure	THEOREM	24	26	dec8b9f1b24ad8f3631324c8944ba68a7bd7381e197f75b78aabac0dbb299c27	RESOLVED_KERNEL_VERIFIED
029	C017	D1	1	python	SOURCE	derivation/code/python/src/cnna/derivation/s01_primitive_response_coupled_finite_provenance/s04_record_live_update_backreaction_channels_and_finite_closure/s03_c017__current_live_channel.py	current_live_channel	FUNCTION	18	24	d765a963ecaed03fa063f6fcab91c300610bb1d4670cce6b85590a191b03c344	RESOLVED
029	C017	D1	2	python	SOURCE	derivation/code/python/src/cnna/derivation/s01_primitive_response_coupled_finite_provenance/s04_record_live_update_backreaction_channels_and_finite_closure/s03_c017__current_live_channel.py	live_channel_after_instruction	FUNCTION	27	36	d765a963ecaed03fa063f6fcab91c300610bb1d4670cce6b85590a191b03c344	RESOLVED
029	C017	D1	3	python_test	COUNTERCHECK	derivation/code/python/tests/derivation/s01_primitive_response_coupled_finite_provenance/s04_record_live_update_backreaction_channels_and_finite_closure/test_s03_c017__current_live_channel.py	test_c017_preserves_old_live_and_appends_complete_m004_delta	TEST	41	51	dae092dc3bfebeb1ae3d00919d76ecc9b12a68134335f7b36fd5f62f82e59ef8	RESOLVED
029	C017	D1	4	python_test	COUNTERCHECK	derivation/code/python/tests/derivation/s01_primitive_response_coupled_finite_provenance/s04_record_live_update_backreaction_channels_and_finite_closure/test_s03_c017__current_live_channel.py	test_c017_includes_sibling_backreaction_when_m004_emits_it	TEST	54	62	dae092dc3bfebeb1ae3d00919d76ecc9b12a68134335f7b36fd5f62f82e59ef8	RESOLVED
029	C017	D1	5	lean_core	SOURCE	derivation/code/lean/core/src/CNNA/Derivation/S01_PrimitiveResponseCoupledFiniteProvenance/S04_RecordLiveUpdateBackreactionChannelsAndFiniteClosure/S03_C017_CurrentLiveChannel.lean	liveChannel	DEF	28	30	b9b9acafe1f9304a7ad7721843bc9a267ffda7014164ca92665a404643a95674	RESOLVED_KERNEL_VERIFIED
029	C017	D1	6	lean_core	SOURCE	derivation/code/lean/core/src/CNNA/Derivation/S01_PrimitiveResponseCoupledFiniteProvenance/S04_RecordLiveUpdateBackreactionChannelsAndFiniteClosure/S03_C017_CurrentLiveChannel.lean	afterInstruction_eq_append	THEOREM	46	55	b9b9acafe1f9304a7ad7721843bc9a267ffda7014164ca92665a404643a95674	RESOLVED_KERNEL_VERIFIED
029	C017	D1	7	lean_core	SOURCE	derivation/code/lean/core/src/CNNA/Derivation/S01_PrimitiveResponseCoupledFiniteProvenance/S04_RecordLiveUpdateBackreactionChannelsAndFiniteClosure/S03_C017_CurrentLiveChannel.lean	previousLive_isLeftPrefix	THEOREM	59	66	b9b9acafe1f9304a7ad7721843bc9a267ffda7014164ca92665a404643a95674	RESOLVED_KERNEL_VERIFIED
029	C017	D1	8	lean_core	SOURCE	derivation/code/lean/core/src/CNNA/Derivation/S01_PrimitiveResponseCoupledFiniteProvenance/S04_RecordLiveUpdateBackreactionChannelsAndFiniteClosure/S03_C017_CurrentLiveChannel.lean	afterInstruction_respects_sameValue	THEOREM	69	79	b9b9acafe1f9304a7ad7721843bc9a267ffda7014164ca92665a404643a95674	RESOLVED_KERNEL_VERIFIED
029	C017	D1	9	lean_core	SOURCE	derivation/code/lean/core/src/CNNA/Derivation/S01_PrimitiveResponseCoupledFiniteProvenance/S04_RecordLiveUpdateBackreactionChannelsAndFiniteClosure/S03_C017_CurrentLiveChannel.lean	CurrentLiveChannelContract	DEF	83	103	b9b9acafe1f9304a7ad7721843bc9a267ffda7014164ca92665a404643a95674	RESOLVED_KERNEL_VERIFIED
029	C017	D1	10	lean_core	SOURCE	derivation/code/lean/core/src/CNNA/Derivation/S01_PrimitiveResponseCoupledFiniteProvenance/S04_RecordLiveUpdateBackreactionChannelsAndFiniteClosure/S03_C017_CurrentLiveChannel.lean	currentLiveChannelContract	THEOREM	106	116	b9b9acafe1f9304a7ad7721843bc9a267ffda7014164ca92665a404643a95674	RESOLVED_KERNEL_VERIFIED
029	C017	D1	11	lean_proof	PROOF_FACADE	derivation/code/lean/proofs/src/CNNAProofs/C016C017/S01_CanonicalRecordLiveChannelProjectionClosure.lean	CanonicalCurrentLiveChannelClosure	STRUCTURE	29	30	dec8b9f1b24ad8f3631324c8944ba68a7bd7381e197f75b78aabac0dbb299c27	RESOLVED_KERNEL_VERIFIED
029	C017	D1	12	lean_proof	PROOF_FACADE	derivation/code/lean/proofs/src/CNNAProofs/C016C017/S01_CanonicalRecordLiveChannelProjectionClosure.lean	canonicalCurrentLiveChannelClosure	THEOREM	33	35	dec8b9f1b24ad8f3631324c8944ba68a7bd7381e197f75b78aabac0dbb299c27	RESOLVED_KERNEL_VERIFIED
030	C009	D1	1	python	SOURCE	derivation/code/python/src/cnna/derivation/s01_primitive_response_coupled_finite_provenance/s04_record_live_update_backreaction_channels_and_finite_closure/s04_c009__codomain_state_x.py	CodomainStateData	CLASS	40	47	b695ca08c1c635ddcd686ab63211b64034490258f8332a15a896e30537e4ecee	RESOLVED
030	C009	D1	2	python	SOURCE	derivation/code/python/src/cnna/derivation/s01_primitive_response_coupled_finite_provenance/s04_record_live_update_backreaction_channels_and_finite_closure/s04_c009__codomain_state_x.py	live_channel_represents_state	FUNCTION	50	69	b695ca08c1c635ddcd686ab63211b64034490258f8332a15a896e30537e4ecee	RESOLVED
030	C009	D1	3	python	SOURCE	derivation/code/python/src/cnna/derivation/s01_primitive_response_coupled_finite_provenance/s04_record_live_update_backreaction_channels_and_finite_closure/s04_c009__codomain_state_x.py	assemble_codomain_state_data	FUNCTION	72	100	b695ca08c1c635ddcd686ab63211b64034490258f8332a15a896e30537e4ecee	RESOLVED
030	C009	D1	4	python_test	COUNTERCHECK	derivation/code/python/tests/derivation/s01_primitive_response_coupled_finite_provenance/s04_record_live_update_backreaction_channels_and_finite_closure/test_s04_c009__codomain_state_x.py	test_c009_assembles_exact_c004_c016_c017_components	TEST	48	59	1a3f3b68e03fa8c15242a1bad382cbef4c10f8e5811f30870800023d3cef81e6	RESOLVED
030	C009	D1	5	python_test	COUNTERCHECK	derivation/code/python/tests/derivation/s01_primitive_response_coupled_finite_provenance/s04_record_live_update_backreaction_channels_and_finite_closure/test_s04_c009__codomain_state_x.py	test_c009_rejects_incoherent_live_channel	TEST	62	68	1a3f3b68e03fa8c15242a1bad382cbef4c10f8e5811f30870800023d3cef81e6	RESOLVED
030	C009	D1	6	python_test	COUNTERCHECK	derivation/code/python/tests/derivation/s01_primitive_response_coupled_finite_provenance/s04_record_live_update_backreaction_channels_and_finite_closure/test_s04_c009__codomain_state_x.py	test_c009_python_realization_is_only_finite_t002_countercheck	TEST	71	95	1a3f3b68e03fa8c15242a1bad382cbef4c10f8e5811f30870800023d3cef81e6	RESOLVED
030	C009	D1	7	lean_core	SOURCE	derivation/code/lean/core/src/CNNA/Derivation/S01_PrimitiveResponseCoupledFiniteProvenance/S04_RecordLiveUpdateBackreactionChannelsAndFiniteClosure/S04_C009_CodomainStateX.lean	StateChannelCoherent	DEF	43	47	2685def84cf717e5b0bdc2928e5ad310d586a4970698f169314bda4050d434a5	RESOLVED_KERNEL_VERIFIED
030	C009	D1	8	lean_core	SOURCE	derivation/code/lean/core/src/CNNA/Derivation/S01_PrimitiveResponseCoupledFiniteProvenance/S04_RecordLiveUpdateBackreactionChannelsAndFiniteClosure/S04_C009_CodomainStateX.lean	assemble	DEF	68	73	2685def84cf717e5b0bdc2928e5ad310d586a4970698f169314bda4050d434a5	RESOLVED_KERNEL_VERIFIED
030	C009	D1	9	lean_core	SOURCE	derivation/code/lean/core/src/CNNA/Derivation/S01_PrimitiveResponseCoupledFiniteProvenance/S04_RecordLiveUpdateBackreactionChannelsAndFiniteClosure/S04_C009_CodomainStateX.lean	assemble_respects_sameValue	THEOREM	117	138	2685def84cf717e5b0bdc2928e5ad310d586a4970698f169314bda4050d434a5	RESOLVED_KERNEL_VERIFIED
030	C009	D1	10	lean_core	SOURCE	derivation/code/lean/core/src/CNNA/Derivation/S01_PrimitiveResponseCoupledFiniteProvenance/S04_RecordLiveUpdateBackreactionChannelsAndFiniteClosure/S04_C009_CodomainStateX.lean	codomainAssembly_existsUnique	THEOREM	148	155	2685def84cf717e5b0bdc2928e5ad310d586a4970698f169314bda4050d434a5	RESOLVED_KERNEL_VERIFIED
030	C009	D1	11	lean_core	CONTRACT	derivation/code/lean/core/src/CNNA/Derivation/S01_PrimitiveResponseCoupledFiniteProvenance/S04_RecordLiveUpdateBackreactionChannelsAndFiniteClosure/S04_C009_CodomainStateX.lean	CodomainStateAssemblyContract	DEF	160	187	2685def84cf717e5b0bdc2928e5ad310d586a4970698f169314bda4050d434a5	RESOLVED_KERNEL_VERIFIED
030	C009	D1	12	lean_core	CONTRACT	derivation/code/lean/core/src/CNNA/Derivation/S01_PrimitiveResponseCoupledFiniteProvenance/S04_RecordLiveUpdateBackreactionChannelsAndFiniteClosure/S04_C009_CodomainStateX.lean	codomainStateAssemblyContract	THEOREM	190	203	2685def84cf717e5b0bdc2928e5ad310d586a4970698f169314bda4050d434a5	RESOLVED_KERNEL_VERIFIED
030	C009	D1	13	lean_proof	PROOF_FACADE	derivation/code/lean/proofs/src/CNNAProofs/C009/S01_CanonicalCodomainStateAssemblyClosure.lean	CanonicalCodomainStateAssemblyClosure	STRUCTURE	19	21	1998f8212ee47fc783ac6ac2c1ba9264a50f88662299dba8a02f0eba835ba322	RESOLVED_KERNEL_VERIFIED
030	C009	D1	14	lean_proof	PROOF_FACADE	derivation/code/lean/proofs/src/CNNAProofs/C009/S01_CanonicalCodomainStateAssemblyClosure.lean	canonicalCodomainStateAssemblyContract	THEOREM	35	37	1998f8212ee47fc783ac6ac2c1ba9264a50f88662299dba8a02f0eba835ba322	RESOLVED_KERNEL_VERIFIED
031	T002	D2	1	lean_core	ORIGIN_CLOSURE	derivation/code/lean/core/src/CNNA/Derivation/S01_PrimitiveResponseCoupledFiniteProvenance/S03_RecurrentPreBirthMeasurementAndSteering/S02A_C004_SuccessorBornPrefixClosure.lean	successorBornPrefixClosure	THEOREM	127	138	0c010fe1d3579ec32344d73842b3cbfd4af6414f36e97c3ebd9fa146fde0a2e4	RESOLVED_KERNEL_VERIFIED
031	T002	D2	2	lean_core	ORIGIN_CLOSURE	derivation/code/lean/core/src/CNNA/Derivation/S01_PrimitiveResponseCoupledFiniteProvenance/S03_RecurrentPreBirthMeasurementAndSteering/S03A_C006_ExactFractionRatRealizationClosure.lean	toRat_eq_of_sameValue	THEOREM	22	30	8297c461221215d55d178915f12306b968b6f461284b597171b330a34bead932	RESOLVED_KERNEL_VERIFIED
031	T002	D2	3	lean_core	ORIGIN_CLOSURE	derivation/code/lean/core/src/CNNA/Derivation/S01_PrimitiveResponseCoupledFiniteProvenance/S03_RecurrentPreBirthMeasurementAndSteering/S06A_C007_StateDirectedBlockRealizationClosure.lean	canonicalStateDirectedBlockRealization	DEF	49	55	6bb58988c5ce16b9177cfd6a7571e72fc3ff684562cf473d69c3da605133c31a	RESOLVED_KERNEL_VERIFIED
031	T002	D2	4	lean_core	ORIGIN_CLOSURE	derivation/code/lean/core/src/CNNA/Derivation/S01_PrimitiveResponseCoupledFiniteProvenance/S03_RecurrentPreBirthMeasurementAndSteering/S10A_M004_LiveUpdateSupportClosure.lean	LiveRelationDeltaClosure	STRUCTURE	570	588	1a062e387a001ff852c76c9e785c9284d2aa9259a7a54ce64a4c26a9a8986c15	RESOLVED_KERNEL_VERIFIED
031	T002	D2	5	lean_core	PROOF	derivation/code/lean/core/src/CNNA/Derivation/S01_PrimitiveResponseCoupledFiniteProvenance/S04_RecordLiveUpdateBackreactionChannelsAndFiniteClosure/S05_T002_RecurrentStateClosureTheorem.lean	successorConductances_pairwise	THEOREM	340	350	be2f9f72e57187a9abc0ff3d9a9eeaee7af90b29f8742ab1ffcb295ff03bcb93	RESOLVED_KERNEL_VERIFIED
031	T002	D2	6	lean_core	PROOF	derivation/code/lean/core/src/CNNA/Derivation/S01_PrimitiveResponseCoupledFiniteProvenance/S04_RecordLiveUpdateBackreactionChannelsAndFiniteClosure/S05_T002_RecurrentStateClosureTheorem.lean	successor_parentBackbone	THEOREM	368	393	be2f9f72e57187a9abc0ff3d9a9eeaee7af90b29f8742ab1ffcb295ff03bcb93	RESOLVED_KERNEL_VERIFIED
031	T002	D2	7	lean_core	PROOF	derivation/code/lean/core/src/CNNA/Derivation/S01_PrimitiveResponseCoupledFiniteProvenance/S04_RecordLiveUpdateBackreactionChannelsAndFiniteClosure/S05_T002_RecurrentStateClosureTheorem.lean	successor_live_coherent	THEOREM	464	478	be2f9f72e57187a9abc0ff3d9a9eeaee7af90b29f8742ab1ffcb295ff03bcb93	RESOLVED_KERNEL_VERIFIED
031	T002	D2	8	lean_core	PROOF	derivation/code/lean/core/src/CNNA/Derivation/S01_PrimitiveResponseCoupledFiniteProvenance/S04_RecordLiveUpdateBackreactionChannelsAndFiniteClosure/S05_T002_RecurrentStateClosureTheorem.lean	recurrentSuccessor_existsUnique	THEOREM	493	504	be2f9f72e57187a9abc0ff3d9a9eeaee7af90b29f8742ab1ffcb295ff03bcb93	RESOLVED_KERNEL_VERIFIED
031	T002	D2	9	lean_core	CONTRACT	derivation/code/lean/core/src/CNNA/Derivation/S01_PrimitiveResponseCoupledFiniteProvenance/S04_RecordLiveUpdateBackreactionChannelsAndFiniteClosure/S05_T002_RecurrentStateClosureTheorem.lean	RecurrentStateClosure	STRUCTURE	505	524	be2f9f72e57187a9abc0ff3d9a9eeaee7af90b29f8742ab1ffcb295ff03bcb93	RESOLVED_KERNEL_VERIFIED
031	T002	D2	10	lean_core	CONTRACT	derivation/code/lean/core/src/CNNA/Derivation/S01_PrimitiveResponseCoupledFiniteProvenance/S04_RecordLiveUpdateBackreactionChannelsAndFiniteClosure/S05_T002_RecurrentStateClosureTheorem.lean	recurrentStateClosureContract	THEOREM	539	545	be2f9f72e57187a9abc0ff3d9a9eeaee7af90b29f8742ab1ffcb295ff03bcb93	RESOLVED_KERNEL_VERIFIED
031	T002	D2	11	lean_proof	PROOF_FACADE	derivation/code/lean/proofs/src/CNNAProofs/T002/S01_CanonicalRecurrentStateClosure.lean	canonicalRecurrentStepInput_exists	THEOREM	34	60	ef998608f1e78ca19b5712ad2d7514efb5b0df431ff047e98bb361c5ee5a51bf	RESOLVED_KERNEL_VERIFIED
031	T002	D2	12	lean_proof	PROOF_FACADE	derivation/code/lean/proofs/src/CNNAProofs/T002/S01_CanonicalRecurrentStateClosure.lean	CanonicalRecurrentStateClosure	STRUCTURE	80	98	ef998608f1e78ca19b5712ad2d7514efb5b0df431ff047e98bb361c5ee5a51bf	RESOLVED_KERNEL_VERIFIED
031	T002	D2	13	lean_proof	CONTRACT	derivation/code/lean/proofs/src/CNNAProofs/T002/S01_CanonicalRecurrentStateClosure.lean	canonicalRecurrentStateClosureContract	THEOREM	124	129	ef998608f1e78ca19b5712ad2d7514efb5b0df431ff047e98bb361c5ee5a51bf	RESOLVED_KERNEL_VERIFIED
